[{"date":"2020-06-23","containment_zones":261,"calls_covid_helpline":942,"calls_ambulance_total":1198,"calls_refused":0.0},{"date":"2020-06-24","containment_zones":266,"calls_covid_helpline":833,"calls_ambulance_total":1175,"calls_refused":0.0},{"date":"2020-06-25","containment_zones":280,"calls_covid_helpline":1082,"calls_ambulance_total":940,"calls_refused":0.0},{"date":"2020-06-26","containment_zones":280,"calls_covid_helpline":1041,"calls_ambulance_total":974,"calls_refused":0.0},{"date":"2020-06-27","containment_zones":315,"calls_covid_helpline":570,"calls_ambulance_total":1018,"calls_refused":0.0},{"date":"2020-06-28","containment_zones":417,"calls_covid_helpline":378,"calls_ambulance_total":875,"calls_refused":0.0},{"date":"2020-06-29","containment_zones":435,"calls_covid_helpline":308,"calls_ambulance_total":871,"calls_refused":0.0},{"date":"2020-06-30","containment_zones":440,"calls_covid_helpline":432,"calls_ambulance_total":933,"calls_refused":0.0},{"date":"2020-07-01","containment_zones":437,"calls_covid_helpline":412,"calls_ambulance_total":1034,"calls_refused":0.0},{"date":"2020-07-02","containment_zones":445,"calls_covid_helpline":381,"calls_ambulance_total":1087,"calls_refused":0.0},{"date":"2020-07-03","containment_zones":445,"calls_covid_helpline":353,"calls_ambulance_total":835,"calls_refused":0.0},{"date":"2020-07-04","containment_zones":448,"calls_covid_helpline":430,"calls_ambulance_total":1030,"calls_refused":0.0},{"date":"2020-07-05","containment_zones":456,"calls_covid_helpline":369,"calls_ambulance_total":1036,"calls_refused":0.0},{"date":"2020-07-06","containment_zones":455,"calls_covid_helpline":289,"calls_ambulance_total":955,"calls_refused":0.0},{"date":"2020-07-07","containment_zones":454,"calls_covid_helpline":397,"calls_ambulance_total":938,"calls_refused":0.0},{"date":"2020-07-08","containment_zones":458,"calls_covid_helpline":323,"calls_ambulance_total":929,"calls_refused":0.0},{"date":"2020-07-09","containment_zones":563,"calls_covid_helpline":362,"calls_ambulance_total":954,"calls_refused":0.0},{"date":"2020-07-10","containment_zones":633,"calls_covid_helpline":363,"calls_ambulance_total":1076,"calls_refused":0.0},{"date":"2020-07-11","containment_zones":639,"calls_covid_helpline":309,"calls_ambulance_total":1002,"calls_refused":0.0},{"date":"2020-07-12","containment_zones":652,"calls_covid_helpline":310,"calls_ambulance_total":1041,"calls_refused":0.0},{"date":"2020-07-13","containment_zones":658,"calls_covid_helpline":290,"calls_ambulance_total":912,"calls_refused":0.0},{"date":"2020-07-14","containment_zones":657,"calls_covid_helpline":325,"calls_ambulance_total":944,"calls_refused":0.0},{"date":"2020-07-15","containment_zones":659,"calls_covid_helpline":355,"calls_ambulance_total":966,"calls_refused":0.0},{"date":"2020-07-16","containment_zones":658,"calls_covid_helpline":315,"calls_ambulance_total":1017,"calls_refused":0.0},{"date":"2020-07-17","containment_zones":668,"calls_covid_helpline":301,"calls_ambulance_total":1048,"calls_refused":0.0},{"date":"2020-07-18","containment_zones":678,"calls_covid_helpline":391,"calls_ambulance_total":1094,"calls_refused":0.0},{"date":"2020-07-19","containment_zones":685,"calls_covid_helpline":328,"calls_ambulance_total":930,"calls_refused":0.0},{"date":"2020-07-20","containment_zones":696,"calls_covid_helpline":338,"calls_ambulance_total":853,"calls_refused":0.0},{"date":"2020-07-21","containment_zones":689,"calls_covid_helpline":380,"calls_ambulance_total":993,"calls_refused":0.0},{"date":"2020-07-22","containment_zones":693,"calls_covid_helpline":371,"calls_ambulance_total":851,"calls_refused":0.0},{"date":"2020-07-23","containment_zones":704,"calls_covid_helpline":315,"calls_ambulance_total":839,"calls_refused":0.0},{"date":"2020-07-24","containment_zones":702,"calls_covid_helpline":314,"calls_ambulance_total":895,"calls_refused":0.0},{"date":"2020-07-25","containment_zones":704,"calls_covid_helpline":319,"calls_ambulance_total":961,"calls_refused":0.0},{"date":"2020-07-26","containment_zones":714,"calls_covid_helpline":316,"calls_ambulance_total":901,"calls_refused":0.0},{"date":"2020-07-27","containment_zones":716,"calls_covid_helpline":285,"calls_ambulance_total":807,"calls_refused":0.0},{"date":"2020-07-28","containment_zones":715,"calls_covid_helpline":298,"calls_ambulance_total":1050,"calls_refused":0.0},{"date":"2020-07-29","containment_zones":704,"calls_covid_helpline":360,"calls_ambulance_total":945,"calls_refused":0.0},{"date":"2020-07-31","containment_zones":692,"calls_covid_helpline":176,"calls_ambulance_total":930,"calls_refused":0.0},{"date":"2020-08-01","containment_zones":539,"calls_covid_helpline":208,"calls_ambulance_total":942,"calls_refused":0.0},{"date":"2020-08-02","containment_zones":496,"calls_covid_helpline":177,"calls_ambulance_total":888,"calls_refused":0.0},{"date":"2020-08-03","containment_zones":496,"calls_covid_helpline":138,"calls_ambulance_total":907,"calls_refused":0.0},{"date":"2020-08-04","containment_zones":499,"calls_covid_helpline":148,"calls_ambulance_total":1018,"calls_refused":0.0},{"date":"2020-08-18","containment_zones":557,"calls_covid_helpline":109,"calls_ambulance_total":1109,"calls_refused":0.0},{"date":"2020-08-19","containment_zones":560,"calls_covid_helpline":121,"calls_ambulance_total":1065,"calls_refused":0.0},{"date":"2020-08-20","containment_zones":587,"calls_covid_helpline":122,"calls_ambulance_total":1067,"calls_refused":0.0},{"date":"2020-08-21","containment_zones":589,"calls_covid_helpline":114,"calls_ambulance_total":994,"calls_refused":0.0},{"date":"2020-08-22","containment_zones":591,"calls_covid_helpline":157,"calls_ambulance_total":1173,"calls_refused":0.0},{"date":"2020-08-23","containment_zones":627,"calls_covid_helpline":101,"calls_ambulance_total":1091,"calls_refused":0.0},{"date":"2020-08-24","containment_zones":644,"calls_covid_helpline":82,"calls_ambulance_total":934,"calls_refused":0.0},{"date":"2020-08-25","containment_zones":654,"calls_covid_helpline":114,"calls_ambulance_total":1136,"calls_refused":0.0},{"date":"2020-08-26","containment_zones":716,"calls_covid_helpline":88,"calls_ambulance_total":1205,"calls_refused":0.0},{"date":"2020-08-27","containment_zones":734,"calls_covid_helpline":119,"calls_ambulance_total":1317,"calls_refused":0.0},{"date":"2020-08-28","containment_zones":763,"calls_covid_helpline":119,"calls_ambulance_total":1227,"calls_refused":0.0},{"date":"2020-08-31","containment_zones":833,"calls_covid_helpline":75,"calls_ambulance_total":1011,"calls_refused":0.0},{"date":"2020-09-01","containment_zones":846,"calls_covid_helpline":129,"calls_ambulance_total":1282,"calls_refused":0.0},{"date":"2020-09-02","containment_zones":894,"calls_covid_helpline":156,"calls_ambulance_total":1282,"calls_refused":0.0},{"date":"2020-09-03","containment_zones":922,"calls_covid_helpline":188,"calls_ambulance_total":1332,"calls_refused":0.0},{"date":"2020-09-04","containment_zones":949,"calls_covid_helpline":167,"calls_ambulance_total":1437,"calls_refused":0.0},{"date":"2020-09-05","containment_zones":976,"calls_covid_helpline":174,"calls_ambulance_total":1462,"calls_refused":0.0},{"date":"2020-09-07","containment_zones":1114,"calls_covid_helpline":157,"calls_ambulance_total":1163,"calls_refused":0.0},{"date":"2020-09-08","containment_zones":1166,"calls_covid_helpline":166,"calls_ambulance_total":1469,"calls_refused":0.0},{"date":"2020-09-09","containment_zones":1226,"calls_covid_helpline":155,"calls_ambulance_total":1404,"calls_refused":0.0},{"date":"2020-09-10","containment_zones":1272,"calls_covid_helpline":207,"calls_ambulance_total":1516,"calls_refused":0.0},{"date":"2020-09-11","containment_zones":1329,"calls_covid_helpline":240,"calls_ambulance_total":1498,"calls_refused":0.0},{"date":"2020-09-12","containment_zones":1383,"calls_covid_helpline":231,"calls_ambulance_total":1496,"calls_refused":0.0},{"date":"2020-09-13","containment_zones":1488,"calls_covid_helpline":197,"calls_ambulance_total":1477,"calls_refused":0.0},{"date":"2020-09-14","containment_zones":1517,"calls_covid_helpline":204,"calls_ambulance_total":1279,"calls_refused":0.0},{"date":"2020-09-15","containment_zones":1560,"calls_covid_helpline":200,"calls_ambulance_total":1446,"calls_refused":0.0},{"date":"2020-09-16","containment_zones":1637,"calls_covid_helpline":186,"calls_ambulance_total":1453,"calls_refused":0.0},{"date":"2020-09-17","containment_zones":1670,"calls_covid_helpline":209,"calls_ambulance_total":1535,"calls_refused":0.0},{"date":"2020-09-18","containment_zones":1751,"calls_covid_helpline":160,"calls_ambulance_total":1456,"calls_refused":0.0},{"date":"2020-09-19","containment_zones":1820,"calls_covid_helpline":166,"calls_ambulance_total":1442,"calls_refused":0.0},{"date":"2020-09-20","containment_zones":1872,"calls_covid_helpline":154,"calls_ambulance_total":1448,"calls_refused":0.0},{"date":"2020-09-21","containment_zones":1889,"calls_covid_helpline":122,"calls_ambulance_total":1227,"calls_refused":0.0},{"date":"2020-09-22","containment_zones":1937,"calls_covid_helpline":201,"calls_ambulance_total":1500,"calls_refused":0.0},{"date":"2020-09-23","containment_zones":1987,"calls_covid_helpline":163,"calls_ambulance_total":1557,"calls_refused":0.0},{"date":"2020-09-24","containment_zones":2059,"calls_covid_helpline":155,"calls_ambulance_total":1484,"calls_refused":0.0},{"date":"2020-09-25","containment_zones":2124,"calls_covid_helpline":150,"calls_ambulance_total":1471,"calls_refused":0.0},{"date":"2020-09-26","containment_zones":2231,"calls_covid_helpline":163,"calls_ambulance_total":1435,"calls_refused":0.0},{"date":"2020-09-28","containment_zones":2465,"calls_covid_helpline":112,"calls_ambulance_total":1204,"calls_refused":0.0},{"date":"2020-09-29","containment_zones":2505,"calls_covid_helpline":164,"calls_ambulance_total":1492,"calls_refused":0.0},{"date":"2020-09-30","containment_zones":2570,"calls_covid_helpline":137,"calls_ambulance_total":1414,"calls_refused":0.0},{"date":"2020-10-01","containment_zones":2615,"calls_covid_helpline":118,"calls_ambulance_total":1362,"calls_refused":0.0},{"date":"2020-10-02","containment_zones":2648,"calls_covid_helpline":118,"calls_ambulance_total":1350,"calls_refused":0.0},{"date":"2020-10-03","containment_zones":2658,"calls_covid_helpline":97,"calls_ambulance_total":1064,"calls_refused":0.0},{"date":"2020-10-04","containment_zones":2696,"calls_covid_helpline":114,"calls_ambulance_total":1344,"calls_refused":0.0},{"date":"2020-10-05","containment_zones":2707,"calls_covid_helpline":36,"calls_ambulance_total":1060,"calls_refused":0.0},{"date":"2020-10-07","containment_zones":2702,"calls_covid_helpline":439,"calls_ambulance_total":1314,"calls_refused":0.0},{"date":"2020-10-08","containment_zones":2734,"calls_covid_helpline":594,"calls_ambulance_total":1427,"calls_refused":0.0},{"date":"2020-10-09","containment_zones":2727,"calls_covid_helpline":617,"calls_ambulance_total":1353,"calls_refused":0.0},{"date":"2020-10-10","containment_zones":2715,"calls_covid_helpline":275,"calls_ambulance_total":1424,"calls_refused":0.0},{"date":"2020-10-11","containment_zones":2710,"calls_covid_helpline":273,"calls_ambulance_total":1343,"calls_refused":0.0},{"date":"2020-10-12","containment_zones":2726,"calls_covid_helpline":340,"calls_ambulance_total":1078,"calls_refused":0.0},{"date":"2020-10-13","containment_zones":2747,"calls_covid_helpline":313,"calls_ambulance_total":1461,"calls_refused":0.0},{"date":"2020-10-15","containment_zones":2727,"calls_covid_helpline":297,"calls_ambulance_total":1391,"calls_refused":0.0},{"date":"2020-10-19","containment_zones":2782,"calls_covid_helpline":316,"calls_ambulance_total":1003,"calls_refused":0.0},{"date":"2020-10-20","containment_zones":2716,"calls_covid_helpline":302,"calls_ambulance_total":1444,"calls_refused":0.0},{"date":"2020-10-21","containment_zones":2724,"calls_covid_helpline":319,"calls_ambulance_total":1363,"calls_refused":0.0},{"date":"2020-10-22","containment_zones":2766,"calls_covid_helpline":324,"calls_ambulance_total":1341,"calls_refused":0.0},{"date":"2020-10-23","containment_zones":2777,"calls_covid_helpline":314,"calls_ambulance_total":1360,"calls_refused":0.0},{"date":"2020-10-26","containment_zones":2930,"calls_covid_helpline":288,"calls_ambulance_total":1160,"calls_refused":0.0},{"date":"2020-10-27","containment_zones":3032,"calls_covid_helpline":314,"calls_ambulance_total":1597,"calls_refused":0.0},{"date":"2020-10-28","containment_zones":3047,"calls_covid_helpline":321,"calls_ambulance_total":1721,"calls_refused":0.0},{"date":"2020-10-29","containment_zones":3113,"calls_covid_helpline":308,"calls_ambulance_total":1567,"calls_refused":0.0},{"date":"2020-10-30","containment_zones":3158,"calls_covid_helpline":366,"calls_ambulance_total":1554,"calls_refused":0.0},{"date":"2020-10-31","containment_zones":3274,"calls_covid_helpline":377,"calls_ambulance_total":1414,"calls_refused":0.0},{"date":"2020-11-02","containment_zones":3416,"calls_covid_helpline":338,"calls_ambulance_total":1379,"calls_refused":0.0},{"date":"2020-11-03","containment_zones":3453,"calls_covid_helpline":327,"calls_ambulance_total":1706,"calls_refused":0.0},{"date":"2020-11-04","containment_zones":3596,"calls_covid_helpline":364,"calls_ambulance_total":1705,"calls_refused":0.0},{"date":"2020-11-05","containment_zones":3684,"calls_covid_helpline":301,"calls_ambulance_total":1539,"calls_refused":0.0},{"date":"2020-11-06","containment_zones":3754,"calls_covid_helpline":382,"calls_ambulance_total":1789,"calls_refused":0.0},{"date":"2020-11-07","containment_zones":3857,"calls_covid_helpline":382,"calls_ambulance_total":1857,"calls_refused":0.0},{"date":"2020-11-08","containment_zones":3878,"calls_covid_helpline":337,"calls_ambulance_total":1857,"calls_refused":0.0},{"date":"2020-11-09","containment_zones":3882,"calls_covid_helpline":300,"calls_ambulance_total":1409,"calls_refused":0.0},{"date":"2020-11-10","containment_zones":3947,"calls_covid_helpline":341,"calls_ambulance_total":1821,"calls_refused":0.0},{"date":"2020-11-11","containment_zones":4016,"calls_covid_helpline":341,"calls_ambulance_total":1729,"calls_refused":0.0},{"date":"2020-11-12","containment_zones":4141,"calls_covid_helpline":377,"calls_ambulance_total":1750,"calls_refused":0.0},{"date":"2020-11-17","containment_zones":4449,"calls_covid_helpline":270,"calls_ambulance_total":1821,"calls_refused":0.0},{"date":"2020-11-18","containment_zones":4444,"calls_covid_helpline":358,"calls_ambulance_total":1863,"calls_refused":0.0},{"date":"2020-11-19","containment_zones":4501,"calls_covid_helpline":378,"calls_ambulance_total":1762,"calls_refused":0.0},{"date":"2020-11-22","containment_zones":4697,"calls_covid_helpline":346,"calls_ambulance_total":1534,"calls_refused":0.0},{"date":"2020-11-23","containment_zones":4692,"calls_covid_helpline":346,"calls_ambulance_total":1209,"calls_refused":0.0},{"date":"2020-11-24","containment_zones":4708,"calls_covid_helpline":346,"calls_ambulance_total":1586,"calls_refused":0.0},{"date":"2020-11-25","containment_zones":4980,"calls_covid_helpline":345,"calls_ambulance_total":1483,"calls_refused":0.0},{"date":"2020-11-26","containment_zones":5156,"calls_covid_helpline":373,"calls_ambulance_total":1393,"calls_refused":0.0},{"date":"2020-11-27","containment_zones":5229,"calls_covid_helpline":359,"calls_ambulance_total":1386,"calls_refused":0.0},{"date":"2020-11-28","containment_zones":5331,"calls_covid_helpline":365,"calls_ambulance_total":1377,"calls_refused":0.0},{"date":"2020-11-30","containment_zones":5552,"calls_covid_helpline":382,"calls_ambulance_total":1242,"calls_refused":0.0},{"date":"2020-12-01","containment_zones":5669,"calls_covid_helpline":338,"calls_ambulance_total":1293,"calls_refused":0.0},{"date":"2020-12-02","containment_zones":5772,"calls_covid_helpline":322,"calls_ambulance_total":1443,"calls_refused":0.0},{"date":"2020-12-03","containment_zones":5759,"calls_covid_helpline":334,"calls_ambulance_total":1421,"calls_refused":0.0},{"date":"2020-12-04","containment_zones":5909,"calls_covid_helpline":341,"calls_ambulance_total":1379,"calls_refused":0.0},{"date":"2020-12-05","containment_zones":6045,"calls_covid_helpline":343,"calls_ambulance_total":1402,"calls_refused":0.0},{"date":"2020-12-06","containment_zones":6173,"calls_covid_helpline":305,"calls_ambulance_total":1310,"calls_refused":0.0},{"date":"2020-12-07","containment_zones":6292,"calls_covid_helpline":278,"calls_ambulance_total":1014,"calls_refused":0.0},{"date":"2020-12-08","containment_zones":6430,"calls_covid_helpline":317,"calls_ambulance_total":1302,"calls_refused":0.0},{"date":"2020-12-09","containment_zones":6460,"calls_covid_helpline":311,"calls_ambulance_total":1399,"calls_refused":0.0},{"date":"2020-12-10","containment_zones":6430,"calls_covid_helpline":317,"calls_ambulance_total":1302,"calls_refused":0.0},{"date":"2020-12-11","containment_zones":6501,"calls_covid_helpline":294,"calls_ambulance_total":1380,"calls_refused":0.0},{"date":"2020-12-12","containment_zones":6451,"calls_covid_helpline":296,"calls_ambulance_total":1457,"calls_refused":0.0},{"date":"2020-12-13","containment_zones":6388,"calls_covid_helpline":274,"calls_ambulance_total":1271,"calls_refused":0.0},{"date":"2020-12-14","containment_zones":6433,"calls_covid_helpline":210,"calls_ambulance_total":1019,"calls_refused":0.0},{"date":"2020-12-15","containment_zones":6420,"calls_covid_helpline":283,"calls_ambulance_total":1304,"calls_refused":0.0},{"date":"2020-12-16","containment_zones":6415,"calls_covid_helpline":231,"calls_ambulance_total":1316,"calls_refused":0.0},{"date":"2020-12-17","containment_zones":6376,"calls_covid_helpline":214,"calls_ambulance_total":1382,"calls_refused":0.0},{"date":"2020-12-18","containment_zones":6276,"calls_covid_helpline":196,"calls_ambulance_total":1208,"calls_refused":0.0},{"date":"2020-12-19","containment_zones":5991,"calls_covid_helpline":202,"calls_ambulance_total":1298,"calls_refused":0.0},{"date":"2020-12-20","containment_zones":5943,"calls_covid_helpline":199,"calls_ambulance_total":1199,"calls_refused":0.0},{"date":"2020-12-21","containment_zones":5843,"calls_covid_helpline":197,"calls_ambulance_total":1098,"calls_refused":0.0},{"date":"2020-12-22","containment_zones":5833,"calls_covid_helpline":215,"calls_ambulance_total":1303,"calls_refused":0.0},{"date":"2020-12-23","containment_zones":5501,"calls_covid_helpline":167,"calls_ambulance_total":1427,"calls_refused":0.0},{"date":"2020-12-24","containment_zones":5152,"calls_covid_helpline":211,"calls_ambulance_total":1426,"calls_refused":0.0},{"date":"2020-12-28","containment_zones":4563,"calls_covid_helpline":194,"calls_ambulance_total":1022,"calls_refused":0.0},{"date":"2020-12-29","containment_zones":4450,"calls_covid_helpline":228,"calls_ambulance_total":1531,"calls_refused":0.0},{"date":"2020-12-30","containment_zones":4276,"calls_covid_helpline":209,"calls_ambulance_total":1293,"calls_refused":0.0},{"date":"2020-12-31","containment_zones":4085,"calls_covid_helpline":158,"calls_ambulance_total":1339,"calls_refused":0.0},{"date":"2021-01-01","containment_zones":3874,"calls_covid_helpline":125,"calls_ambulance_total":1438,"calls_refused":0.0},{"date":"2021-01-04","containment_zones":3491,"calls_covid_helpline":141,"calls_ambulance_total":1056,"calls_refused":0.0},{"date":"2021-01-05","containment_zones":3400,"calls_covid_helpline":154,"calls_ambulance_total":1547,"calls_refused":0.0},{"date":"2021-01-06","containment_zones":3202,"calls_covid_helpline":158,"calls_ambulance_total":1412,"calls_refused":0.0},{"date":"2021-01-07","containment_zones":3118,"calls_covid_helpline":147,"calls_ambulance_total":1514,"calls_refused":0.0},{"date":"2021-01-08","containment_zones":2965,"calls_covid_helpline":134,"calls_ambulance_total":1425,"calls_refused":0.0},{"date":"2021-01-11","containment_zones":2758,"calls_covid_helpline":106,"calls_ambulance_total":1043,"calls_refused":0.0},{"date":"2021-01-13","containment_zones":2585,"calls_covid_helpline":127,"calls_ambulance_total":1465,"calls_refused":0.0},{"date":"2021-01-14","containment_zones":2501,"calls_covid_helpline":136,"calls_ambulance_total":1489,"calls_refused":0.0},{"date":"2021-01-15","containment_zones":2451,"calls_covid_helpline":121,"calls_ambulance_total":1435,"calls_refused":0.0},{"date":"2021-01-18","containment_zones":2253,"calls_covid_helpline":102,"calls_ambulance_total":1146,"calls_refused":0.0},{"date":"2021-01-19","containment_zones":2172,"calls_covid_helpline":127,"calls_ambulance_total":1682,"calls_refused":0.0},{"date":"2021-01-20","containment_zones":2168,"calls_covid_helpline":133,"calls_ambulance_total":1600,"calls_refused":0.0},{"date":"2021-01-21","containment_zones":2107,"calls_covid_helpline":100,"calls_ambulance_total":1578,"calls_refused":0.0},{"date":"2021-01-22","containment_zones":1836,"calls_covid_helpline":157,"calls_ambulance_total":1629,"calls_refused":0.0},{"date":"2021-01-27","containment_zones":1639,"calls_covid_helpline":100,"calls_ambulance_total":1376,"calls_refused":0.0},{"date":"2021-01-28","containment_zones":1363,"calls_covid_helpline":131,"calls_ambulance_total":1680,"calls_refused":0.0},{"date":"2021-01-29","containment_zones":1227,"calls_covid_helpline":139,"calls_ambulance_total":1713,"calls_refused":0.0},{"date":"2021-01-30","containment_zones":2118,"calls_covid_helpline":124,"calls_ambulance_total":1581,"calls_refused":0.0},{"date":"2021-01-31","containment_zones":1085,"calls_covid_helpline":96,"calls_ambulance_total":1377,"calls_refused":0.0},{"date":"2021-02-02","containment_zones":1039,"calls_covid_helpline":115,"calls_ambulance_total":1665,"calls_refused":0.0},{"date":"2021-02-03","containment_zones":1027,"calls_covid_helpline":125,"calls_ambulance_total":1669,"calls_refused":0.0},{"date":"2021-02-04","containment_zones":1006,"calls_covid_helpline":147,"calls_ambulance_total":1564,"calls_refused":0.0},{"date":"2021-02-05","containment_zones":988,"calls_covid_helpline":112,"calls_ambulance_total":1519,"calls_refused":0.0},{"date":"2021-02-06","containment_zones":977,"calls_covid_helpline":97,"calls_ambulance_total":1671,"calls_refused":0.0},{"date":"2021-02-09","containment_zones":950,"calls_covid_helpline":160,"calls_ambulance_total":1742,"calls_refused":0.0},{"date":"2021-02-12","containment_zones":746,"calls_covid_helpline":147,"calls_ambulance_total":1610,"calls_refused":0.0},{"date":"2021-02-13","containment_zones":693,"calls_covid_helpline":146,"calls_ambulance_total":1585,"calls_refused":0.0},{"date":"2021-02-14","containment_zones":687,"calls_covid_helpline":129,"calls_ambulance_total":1588,"calls_refused":0.0},{"date":"2021-02-15","containment_zones":688,"calls_covid_helpline":92,"calls_ambulance_total":1067,"calls_refused":0.0},{"date":"2021-02-16","containment_zones":666,"calls_covid_helpline":124,"calls_ambulance_total":1759,"calls_refused":0.0},{"date":"2021-02-17","containment_zones":657,"calls_covid_helpline":107,"calls_ambulance_total":1708,"calls_refused":0.0},{"date":"2021-02-19","containment_zones":649,"calls_covid_helpline":126,"calls_ambulance_total":1687,"calls_refused":0.0},{"date":"2021-02-21","containment_zones":631,"calls_covid_helpline":124,"calls_ambulance_total":1559,"calls_refused":0.0},{"date":"2021-02-22","containment_zones":637,"calls_covid_helpline":130,"calls_ambulance_total":1149,"calls_refused":0.0},{"date":"2021-02-23","containment_zones":639,"calls_covid_helpline":130,"calls_ambulance_total":1836,"calls_refused":0.0},{"date":"2021-02-24","containment_zones":644,"calls_covid_helpline":156,"calls_ambulance_total":1631,"calls_refused":0.0},{"date":"2021-02-25","containment_zones":550,"calls_covid_helpline":271,"calls_ambulance_total":1575,"calls_refused":0.0},{"date":"2021-02-26","containment_zones":550,"calls_covid_helpline":318,"calls_ambulance_total":1661,"calls_refused":0.0},{"date":"2021-03-01","containment_zones":596,"calls_covid_helpline":163,"calls_ambulance_total":1163,"calls_refused":0.0},{"date":"2021-03-02","containment_zones":562,"calls_covid_helpline":325,"calls_ambulance_total":1672,"calls_refused":0.0},{"date":"2021-03-03","containment_zones":574,"calls_covid_helpline":355,"calls_ambulance_total":1626,"calls_refused":0.0},{"date":"2021-03-04","containment_zones":585,"calls_covid_helpline":252,"calls_ambulance_total":1639,"calls_refused":0.0},{"date":"2021-03-05","containment_zones":591,"calls_covid_helpline":268,"calls_ambulance_total":1638,"calls_refused":0.0},{"date":"2021-03-06","containment_zones":562,"calls_covid_helpline":268,"calls_ambulance_total":1478,"calls_refused":0.0},{"date":"2021-03-08","containment_zones":536,"calls_covid_helpline":204,"calls_ambulance_total":1151,"calls_refused":0.0},{"date":"2021-03-09","containment_zones":549,"calls_covid_helpline":244,"calls_ambulance_total":1409,"calls_refused":0.0},{"date":"2021-03-10","containment_zones":576,"calls_covid_helpline":258,"calls_ambulance_total":1443,"calls_refused":0.0},{"date":"2021-03-11","containment_zones":592,"calls_covid_helpline":203,"calls_ambulance_total":1624,"calls_refused":0.0},{"date":"2021-03-12","containment_zones":488,"calls_covid_helpline":261,"calls_ambulance_total":1357,"calls_refused":0.0},{"date":"2021-03-13","containment_zones":518,"calls_covid_helpline":191,"calls_ambulance_total":1548,"calls_refused":0.0},{"date":"2021-03-14","containment_zones":537,"calls_covid_helpline":176,"calls_ambulance_total":1276,"calls_refused":0.0},{"date":"2021-03-15","containment_zones":548,"calls_covid_helpline":120,"calls_ambulance_total":1125,"calls_refused":0.0},{"date":"2021-03-16","containment_zones":576,"calls_covid_helpline":195,"calls_ambulance_total":1615,"calls_refused":0.0},{"date":"2021-03-17","containment_zones":608,"calls_covid_helpline":192,"calls_ambulance_total":1523,"calls_refused":0.0},{"date":"2021-03-18","containment_zones":647,"calls_covid_helpline":244,"calls_ambulance_total":1537,"calls_refused":0.0},{"date":"2021-03-19","containment_zones":647,"calls_covid_helpline":244,"calls_ambulance_total":1537,"calls_refused":0.0},{"date":"2021-03-20","containment_zones":712,"calls_covid_helpline":333,"calls_ambulance_total":1370,"calls_refused":0.0},{"date":"2021-03-21","containment_zones":766,"calls_covid_helpline":340,"calls_ambulance_total":1402,"calls_refused":0.0},{"date":"2021-03-22","containment_zones":805,"calls_covid_helpline":283,"calls_ambulance_total":1090,"calls_refused":0.0},{"date":"2021-03-23","containment_zones":871,"calls_covid_helpline":489,"calls_ambulance_total":1528,"calls_refused":0.0},{"date":"2021-03-24","containment_zones":976,"calls_covid_helpline":360,"calls_ambulance_total":1351,"calls_refused":0.0},{"date":"2021-03-25","containment_zones":1076,"calls_covid_helpline":365,"calls_ambulance_total":1522,"calls_refused":0.0},{"date":"2021-03-26","containment_zones":1307,"calls_covid_helpline":358,"calls_ambulance_total":1423,"calls_refused":0.0},{"date":"2021-03-27","containment_zones":1506,"calls_covid_helpline":492,"calls_ambulance_total":1510,"calls_refused":0.0},{"date":"2021-03-28","containment_zones":1710,"calls_covid_helpline":393,"calls_ambulance_total":1465,"calls_refused":0.0},{"date":"2021-03-29","containment_zones":1849,"calls_covid_helpline":406,"calls_ambulance_total":1282,"calls_refused":0.0},{"date":"2021-03-30","containment_zones":1903,"calls_covid_helpline":234,"calls_ambulance_total":1680,"calls_refused":0.0},{"date":"2021-03-31","containment_zones":2009,"calls_covid_helpline":462,"calls_ambulance_total":1758,"calls_refused":0.0},{"date":"2021-04-01","containment_zones":2183,"calls_covid_helpline":451,"calls_ambulance_total":1600,"calls_refused":0.0},{"date":"2021-04-02","containment_zones":2338,"calls_covid_helpline":599,"calls_ambulance_total":1539,"calls_refused":0.0},{"date":"2021-04-03","containment_zones":2618,"calls_covid_helpline":762,"calls_ambulance_total":1343,"calls_refused":0.0},{"date":"2021-04-04","containment_zones":2917,"calls_covid_helpline":781,"calls_ambulance_total":1535,"calls_refused":0.0},{"date":"2021-04-05","containment_zones":3090,"calls_covid_helpline":621,"calls_ambulance_total":1255,"calls_refused":0.0},{"date":"2021-04-06","containment_zones":3291,"calls_covid_helpline":802,"calls_ambulance_total":1853,"calls_refused":0.0},{"date":"2021-04-07","containment_zones":3708,"calls_covid_helpline":933,"calls_ambulance_total":1889,"calls_refused":0.0},{"date":"2021-04-08","containment_zones":4226,"calls_covid_helpline":972,"calls_ambulance_total":1889,"calls_refused":0.0},{"date":"2021-04-09","containment_zones":4768,"calls_covid_helpline":1140,"calls_ambulance_total":1769,"calls_refused":0.0},{"date":"2021-04-10","containment_zones":5236,"calls_covid_helpline":1321,"calls_ambulance_total":1987,"calls_refused":0.0},{"date":"2021-04-11","containment_zones":5705,"calls_covid_helpline":1291,"calls_ambulance_total":2034,"calls_refused":0.0},{"date":"2021-04-12","containment_zones":6175,"calls_covid_helpline":1265,"calls_ambulance_total":1756,"calls_refused":0.0},{"date":"2021-04-13","containment_zones":6852,"calls_covid_helpline":1178,"calls_ambulance_total":2054,"calls_refused":0.0},{"date":"2021-04-14","containment_zones":7598,"calls_covid_helpline":996,"calls_ambulance_total":2330,"calls_refused":0.0},{"date":"2021-04-15","containment_zones":8661,"calls_covid_helpline":1241,"calls_ambulance_total":2279,"calls_refused":0.0},{"date":"2021-04-16","containment_zones":9929,"calls_covid_helpline":1300,"calls_ambulance_total":2279,"calls_refused":0.0},{"date":"2021-04-17","containment_zones":11235,"calls_covid_helpline":1017,"calls_ambulance_total":2513,"calls_refused":0.0},{"date":"2021-04-18","containment_zones":13259,"calls_covid_helpline":1783,"calls_ambulance_total":2786,"calls_refused":0.0},{"date":"2021-04-19","containment_zones":15039,"calls_covid_helpline":1438,"calls_ambulance_total":2588,"calls_refused":0.0},{"date":"2021-04-20","containment_zones":17151,"calls_covid_helpline":1282,"calls_ambulance_total":2861,"calls_refused":0.0},{"date":"2021-04-21","containment_zones":19624,"calls_covid_helpline":1272,"calls_ambulance_total":2618,"calls_refused":0.0},{"date":"2021-04-22","containment_zones":22000,"calls_covid_helpline":1272,"calls_ambulance_total":2665,"calls_refused":0.0},{"date":"2021-04-23","containment_zones":23561,"calls_covid_helpline":1228,"calls_ambulance_total":2699,"calls_refused":0.0},{"date":"2021-04-24","containment_zones":24802,"calls_covid_helpline":1106,"calls_ambulance_total":2803,"calls_refused":0.0},{"date":"2021-04-25","containment_zones":27366,"calls_covid_helpline":914,"calls_ambulance_total":2558,"calls_refused":0.0},{"date":"2021-04-26","containment_zones":29104,"calls_covid_helpline":990,"calls_ambulance_total":2434,"calls_refused":0.0},{"date":"2021-04-27","containment_zones":31570,"calls_covid_helpline":1062,"calls_ambulance_total":2718,"calls_refused":0.0},{"date":"2021-04-28","containment_zones":33749,"calls_covid_helpline":1167,"calls_ambulance_total":2479,"calls_refused":0.0},{"date":"2021-04-29","containment_zones":35924,"calls_covid_helpline":1032,"calls_ambulance_total":2352,"calls_refused":0.0},{"date":"2021-04-30","containment_zones":37223,"calls_covid_helpline":1088,"calls_ambulance_total":2465,"calls_refused":0.0},{"date":"2021-05-01","containment_zones":39556,"calls_covid_helpline":953,"calls_ambulance_total":2282,"calls_refused":0.0},{"date":"2021-05-02","containment_zones":42098,"calls_covid_helpline":1079,"calls_ambulance_total":2142,"calls_refused":0.0},{"date":"2021-05-03","containment_zones":44052,"calls_covid_helpline":1193,"calls_ambulance_total":1649,"calls_refused":0.0},{"date":"2021-05-04","containment_zones":46173,"calls_covid_helpline":1119,"calls_ambulance_total":1871,"calls_refused":0.0},{"date":"2021-05-05","containment_zones":47704,"calls_covid_helpline":1022,"calls_ambulance_total":1685,"calls_refused":0.0},{"date":"2021-05-06","containment_zones":49123,"calls_covid_helpline":902,"calls_ambulance_total":1653,"calls_refused":0.0},{"date":"2021-05-07","containment_zones":50785,"calls_covid_helpline":1025,"calls_ambulance_total":1446,"calls_refused":0.0},{"date":"2021-05-08","containment_zones":51338,"calls_covid_helpline":971,"calls_ambulance_total":1506,"calls_refused":0.0},{"date":"2021-05-09","containment_zones":53127,"calls_covid_helpline":992,"calls_ambulance_total":1401,"calls_refused":0.0},{"date":"2021-05-10","containment_zones":54256,"calls_covid_helpline":804,"calls_ambulance_total":1009,"calls_refused":0.0},{"date":"2021-05-11","containment_zones":55661,"calls_covid_helpline":780,"calls_ambulance_total":1275,"calls_refused":0.0},{"date":"2021-05-12","containment_zones":56852,"calls_covid_helpline":816,"calls_ambulance_total":1190,"calls_refused":0.0},{"date":"2021-05-13","containment_zones":57550,"calls_covid_helpline":693,"calls_ambulance_total":1202,"calls_refused":0.0},{"date":"2021-05-14","containment_zones":56470,"calls_covid_helpline":721,"calls_ambulance_total":1121,"calls_refused":0.0},{"date":"2021-05-15","containment_zones":57179,"calls_covid_helpline":609,"calls_ambulance_total":924,"calls_refused":0.0},{"date":"2021-05-16","containment_zones":57309,"calls_covid_helpline":668,"calls_ambulance_total":1012,"calls_refused":0.0},{"date":"2021-05-17","containment_zones":57484,"calls_covid_helpline":697,"calls_ambulance_total":759,"calls_refused":0.0},{"date":"2021-05-18","containment_zones":57805,"calls_covid_helpline":714,"calls_ambulance_total":1121,"calls_refused":0.0},{"date":"2021-05-19","containment_zones":56732,"calls_covid_helpline":769,"calls_ambulance_total":963,"calls_refused":0.0},{"date":"2021-05-20","containment_zones":56833,"calls_covid_helpline":591,"calls_ambulance_total":918,"calls_refused":0.0},{"date":"2021-05-21","containment_zones":50074,"calls_covid_helpline":406,"calls_ambulance_total":1014,"calls_refused":0.0},{"date":"2021-05-22","containment_zones":48429,"calls_covid_helpline":519,"calls_ambulance_total":1011,"calls_refused":0.0},{"date":"2021-05-23","containment_zones":46570,"calls_covid_helpline":379,"calls_ambulance_total":1004,"calls_refused":0.0},{"date":"2021-05-24","containment_zones":45483,"calls_covid_helpline":416,"calls_ambulance_total":647,"calls_refused":0.0},{"date":"2021-05-25","containment_zones":39640,"calls_covid_helpline":538,"calls_ambulance_total":1057,"calls_refused":0.0},{"date":"2021-05-27","containment_zones":34354,"calls_covid_helpline":592,"calls_ambulance_total":904,"calls_refused":0.0},{"date":"2021-05-28","containment_zones":22701,"calls_covid_helpline":609,"calls_ambulance_total":1013,"calls_refused":0.0},{"date":"2021-05-29","containment_zones":20805,"calls_covid_helpline":569,"calls_ambulance_total":1082,"calls_refused":0.0},{"date":"2021-05-31","containment_zones":19677,"calls_covid_helpline":550,"calls_ambulance_total":739,"calls_refused":0.0},{"date":"2021-06-01","containment_zones":18843,"calls_covid_helpline":667,"calls_ambulance_total":1247,"calls_refused":0.0},{"date":"2021-06-02","containment_zones":17770,"calls_covid_helpline":617,"calls_ambulance_total":1030,"calls_refused":0.0},{"date":"2021-06-03","containment_zones":16287,"calls_covid_helpline":2231,"calls_ambulance_total":1111,"calls_refused":0.0},{"date":"2021-06-04","containment_zones":14324,"calls_covid_helpline":2731,"calls_ambulance_total":1084,"calls_refused":0.0},{"date":"2021-06-05","containment_zones":12296,"calls_covid_helpline":2499,"calls_ambulance_total":1158,"calls_refused":0.0},{"date":"2021-06-06","containment_zones":11557,"calls_covid_helpline":1741,"calls_ambulance_total":1087,"calls_refused":0.0},{"date":"2021-06-07","containment_zones":11420,"calls_covid_helpline":3118,"calls_ambulance_total":779,"calls_refused":0.0},{"date":"2021-06-08","containment_zones":11094,"calls_covid_helpline":2579,"calls_ambulance_total":1195,"calls_refused":0.0},{"date":"2021-06-10","containment_zones":9547,"calls_covid_helpline":2475,"calls_ambulance_total":1198,"calls_refused":0.0},{"date":"2021-06-11","containment_zones":8032,"calls_covid_helpline":2621,"calls_ambulance_total":1238,"calls_refused":0.0},{"date":"2021-06-12","containment_zones":7062,"calls_covid_helpline":2193,"calls_ambulance_total":1174,"calls_refused":null},{"date":"2021-06-13","containment_zones":6782,"calls_covid_helpline":2137,"calls_ambulance_total":1287,"calls_refused":null},{"date":"2021-06-14","containment_zones":6714,"calls_covid_helpline":1760,"calls_ambulance_total":948,"calls_refused":null},{"date":"2021-06-15","containment_zones":6476,"calls_covid_helpline":2203,"calls_ambulance_total":1412,"calls_refused":null},{"date":"2021-06-16","containment_zones":6169,"calls_covid_helpline":1839,"calls_ambulance_total":1274,"calls_refused":null},{"date":"2021-06-17","containment_zones":5799,"calls_covid_helpline":1662,"calls_ambulance_total":1230,"calls_refused":null},{"date":"2021-06-18","containment_zones":5452,"calls_covid_helpline":1447,"calls_ambulance_total":1223,"calls_refused":null},{"date":"2021-06-19","containment_zones":5261,"calls_covid_helpline":1306,"calls_ambulance_total":1277,"calls_refused":null},{"date":"2021-06-20","containment_zones":4752,"calls_covid_helpline":1316,"calls_ambulance_total":1220,"calls_refused":null},{"date":"2021-06-21","containment_zones":4597,"calls_covid_helpline":892,"calls_ambulance_total":842,"calls_refused":null},{"date":"2021-06-25","containment_zones":2048,"calls_covid_helpline":1245,"calls_ambulance_total":1377,"calls_refused":null},{"date":"2021-06-26","containment_zones":1817,"calls_covid_helpline":1253,"calls_ambulance_total":1333,"calls_refused":null},{"date":"2021-06-27","containment_zones":1837,"calls_covid_helpline":1366,"calls_ambulance_total":1322,"calls_refused":null},{"date":"2021-06-28","containment_zones":1828,"calls_covid_helpline":806,"calls_ambulance_total":935,"calls_refused":null},{"date":"2021-06-29","containment_zones":1643,"calls_covid_helpline":962,"calls_ambulance_total":1496,"calls_refused":null},{"date":"2021-06-30","containment_zones":1599,"calls_covid_helpline":1063,"calls_ambulance_total":1364,"calls_refused":null},{"date":"2021-07-01","containment_zones":1349,"calls_covid_helpline":1179,"calls_ambulance_total":1412,"calls_refused":null},{"date":"2021-07-02","containment_zones":1288,"calls_covid_helpline":1184,"calls_ambulance_total":1431,"calls_refused":null},{"date":"2021-07-03","containment_zones":738,"calls_covid_helpline":1138,"calls_ambulance_total":1445,"calls_refused":null},{"date":"2021-07-05","containment_zones":695,"calls_covid_helpline":730,"calls_ambulance_total":967,"calls_refused":null},{"date":"2021-07-06","containment_zones":652,"calls_covid_helpline":1441,"calls_ambulance_total":1414,"calls_refused":null},{"date":"2021-07-07","containment_zones":644,"calls_covid_helpline":1299,"calls_ambulance_total":1448,"calls_refused":0.0},{"date":"2021-07-08","containment_zones":628,"calls_covid_helpline":1281,"calls_ambulance_total":1449,"calls_refused":0.0},{"date":"2021-07-09","containment_zones":604,"calls_covid_helpline":1187,"calls_ambulance_total":1449,"calls_refused":0.0},{"date":"2021-07-10","containment_zones":586,"calls_covid_helpline":1038,"calls_ambulance_total":1370,"calls_refused":0.0},{"date":"2021-07-11","containment_zones":576,"calls_covid_helpline":1132,"calls_ambulance_total":1464,"calls_refused":0.0},{"date":"2021-07-12","containment_zones":526,"calls_covid_helpline":636,"calls_ambulance_total":1114,"calls_refused":0.0},{"date":"2021-07-13","containment_zones":524,"calls_covid_helpline":1416,"calls_ambulance_total":1535,"calls_refused":0.0},{"date":"2021-07-14","containment_zones":472,"calls_covid_helpline":1198,"calls_ambulance_total":1376,"calls_refused":0.0},{"date":"2021-07-15","containment_zones":439,"calls_covid_helpline":1080,"calls_ambulance_total":1463,"calls_refused":0.0},{"date":"2021-07-16","containment_zones":418,"calls_covid_helpline":1027,"calls_ambulance_total":1436,"calls_refused":0.0},{"date":"2021-07-17","containment_zones":422,"calls_covid_helpline":1146,"calls_ambulance_total":1407,"calls_refused":0.0},{"date":"2021-07-18","containment_zones":409,"calls_covid_helpline":1100,"calls_ambulance_total":1431,"calls_refused":0.0},{"date":"2021-07-19","containment_zones":407,"calls_covid_helpline":628,"calls_ambulance_total":1005,"calls_refused":0.0},{"date":"2021-07-20","containment_zones":406,"calls_covid_helpline":1078,"calls_ambulance_total":1501,"calls_refused":0.0},{"date":"2021-07-21","containment_zones":403,"calls_covid_helpline":1072,"calls_ambulance_total":1491,"calls_refused":0.0},{"date":"2021-07-22","containment_zones":388,"calls_covid_helpline":923,"calls_ambulance_total":1255,"calls_refused":0.0},{"date":"2021-07-23","containment_zones":322,"calls_covid_helpline":1147,"calls_ambulance_total":1641,"calls_refused":0.0},{"date":"2021-07-24","containment_zones":317,"calls_covid_helpline":1140,"calls_ambulance_total":1613,"calls_refused":0.0},{"date":"2021-07-25","containment_zones":309,"calls_covid_helpline":976,"calls_ambulance_total":1595,"calls_refused":0.0},{"date":"2021-07-26","containment_zones":305,"calls_covid_helpline":827,"calls_ambulance_total":1020,"calls_refused":0.0},{"date":"2021-07-27","containment_zones":299,"calls_covid_helpline":1129,"calls_ambulance_total":1708,"calls_refused":0.0},{"date":"2021-07-28","containment_zones":292,"calls_covid_helpline":1016,"calls_ambulance_total":1597,"calls_refused":0.0},{"date":"2021-07-29","containment_zones":299,"calls_covid_helpline":997,"calls_ambulance_total":1456,"calls_refused":0.0},{"date":"2021-07-30","containment_zones":296,"calls_covid_helpline":977,"calls_ambulance_total":1482,"calls_refused":0.0},{"date":"2021-07-31","containment_zones":292,"calls_covid_helpline":978,"calls_ambulance_total":1481,"calls_refused":0.0},{"date":"2021-08-01","containment_zones":292,"calls_covid_helpline":879,"calls_ambulance_total":1499,"calls_refused":0.0},{"date":"2021-08-02","containment_zones":290,"calls_covid_helpline":516,"calls_ambulance_total":1126,"calls_refused":0.0},{"date":"2021-08-03","containment_zones":282,"calls_covid_helpline":1017,"calls_ambulance_total":1625,"calls_refused":0.0},{"date":"2021-08-04","containment_zones":284,"calls_covid_helpline":1003,"calls_ambulance_total":1625,"calls_refused":0.0},{"date":"2021-08-05","containment_zones":284,"calls_covid_helpline":912,"calls_ambulance_total":1706,"calls_refused":0.0},{"date":"2021-08-06","containment_zones":271,"calls_covid_helpline":1200,"calls_ambulance_total":1640,"calls_refused":0.0},{"date":"2021-08-07","containment_zones":264,"calls_covid_helpline":905,"calls_ambulance_total":1682,"calls_refused":0.0},{"date":"2021-08-08","containment_zones":269,"calls_covid_helpline":905,"calls_ambulance_total":1623,"calls_refused":0.0},{"date":"2021-08-09","containment_zones":271,"calls_covid_helpline":476,"calls_ambulance_total":1223,"calls_refused":0.0},{"date":"2021-08-10","containment_zones":273,"calls_covid_helpline":1066,"calls_ambulance_total":1778,"calls_refused":0.0},{"date":"2021-08-11","containment_zones":262,"calls_covid_helpline":875,"calls_ambulance_total":1644,"calls_refused":0.0},{"date":"2021-08-13","containment_zones":250,"calls_covid_helpline":916,"calls_ambulance_total":1651,"calls_refused":0.0},{"date":"2021-08-14","containment_zones":248,"calls_covid_helpline":845,"calls_ambulance_total":1811,"calls_refused":0.0},{"date":"2021-08-15","containment_zones":243,"calls_covid_helpline":731,"calls_ambulance_total":1627,"calls_refused":0.0},{"date":"2021-08-16","containment_zones":242,"calls_covid_helpline":261,"calls_ambulance_total":1657,"calls_refused":0.0},{"date":"2021-08-17","containment_zones":241,"calls_covid_helpline":863,"calls_ambulance_total":1732,"calls_refused":0.0},{"date":"2021-08-18","containment_zones":242,"calls_covid_helpline":937,"calls_ambulance_total":1748,"calls_refused":0.0},{"date":"2021-08-19","containment_zones":234,"calls_covid_helpline":837,"calls_ambulance_total":1579,"calls_refused":0.0},{"date":"2021-08-20","containment_zones":237,"calls_covid_helpline":819,"calls_ambulance_total":1640,"calls_refused":0.0},{"date":"2021-08-21","containment_zones":239,"calls_covid_helpline":525,"calls_ambulance_total":1304,"calls_refused":0.0},{"date":"2021-08-22","containment_zones":236,"calls_covid_helpline":520,"calls_ambulance_total":1508,"calls_refused":0.0},{"date":"2021-08-23","containment_zones":228,"calls_covid_helpline":214,"calls_ambulance_total":1181,"calls_refused":0.0},{"date":"2021-08-24","containment_zones":220,"calls_covid_helpline":425,"calls_ambulance_total":1824,"calls_refused":0.0},{"date":"2021-08-25","containment_zones":219,"calls_covid_helpline":716,"calls_ambulance_total":1680,"calls_refused":0.0},{"date":"2021-08-26","containment_zones":217,"calls_covid_helpline":583,"calls_ambulance_total":1711,"calls_refused":0.0},{"date":"2021-08-27","containment_zones":219,"calls_covid_helpline":807,"calls_ambulance_total":1631,"calls_refused":0.0},{"date":"2021-08-28","containment_zones":170,"calls_covid_helpline":819,"calls_ambulance_total":1824,"calls_refused":0.0},{"date":"2021-08-29","containment_zones":172,"calls_covid_helpline":744,"calls_ambulance_total":1673,"calls_refused":0.0},{"date":"2021-08-30","containment_zones":144,"calls_covid_helpline":429,"calls_ambulance_total":1250,"calls_refused":0.0},{"date":"2021-08-31","containment_zones":138,"calls_covid_helpline":542,"calls_ambulance_total":1355,"calls_refused":0.0},{"date":"2021-09-01","containment_zones":141,"calls_covid_helpline":775,"calls_ambulance_total":1620,"calls_refused":0.0},{"date":"2021-09-02","containment_zones":141,"calls_covid_helpline":673,"calls_ambulance_total":1535,"calls_refused":0.0},{"date":"2021-09-03","containment_zones":131,"calls_covid_helpline":743,"calls_ambulance_total":1727,"calls_refused":0.0},{"date":"2021-09-04","containment_zones":128,"calls_covid_helpline":814,"calls_ambulance_total":1589,"calls_refused":0.0},{"date":"2021-09-05","containment_zones":130,"calls_covid_helpline":731,"calls_ambulance_total":1509,"calls_refused":0.0},{"date":"2021-09-06","containment_zones":133,"calls_covid_helpline":410,"calls_ambulance_total":1181,"calls_refused":0.0},{"date":"2021-09-07","containment_zones":104,"calls_covid_helpline":990,"calls_ambulance_total":1910,"calls_refused":0.0},{"date":"2021-09-08","containment_zones":100,"calls_covid_helpline":814,"calls_ambulance_total":1737,"calls_refused":0.0},{"date":"2021-09-09","containment_zones":99,"calls_covid_helpline":830,"calls_ambulance_total":1748,"calls_refused":0.0},{"date":"2021-09-10","containment_zones":100,"calls_covid_helpline":759,"calls_ambulance_total":1728,"calls_refused":0.0},{"date":"2021-09-11","containment_zones":100,"calls_covid_helpline":708,"calls_ambulance_total":1640,"calls_refused":0.0},{"date":"2021-09-12","containment_zones":94,"calls_covid_helpline":676,"calls_ambulance_total":1637,"calls_refused":0.0},{"date":"2021-09-14","containment_zones":93,"calls_covid_helpline":815,"calls_ambulance_total":1752,"calls_refused":0.0},{"date":"2021-09-15","containment_zones":93,"calls_covid_helpline":785,"calls_ambulance_total":1710,"calls_refused":0.0},{"date":"2021-09-16","containment_zones":94,"calls_covid_helpline":880,"calls_ambulance_total":1683,"calls_refused":0.0},{"date":"2021-09-17","containment_zones":96,"calls_covid_helpline":780,"calls_ambulance_total":1699,"calls_refused":0.0},{"date":"2021-09-18","containment_zones":98,"calls_covid_helpline":772,"calls_ambulance_total":1644,"calls_refused":0.0},{"date":"2021-09-19","containment_zones":103,"calls_covid_helpline":784,"calls_ambulance_total":1670,"calls_refused":0.0},{"date":"2021-09-20","containment_zones":100,"calls_covid_helpline":404,"calls_ambulance_total":1233,"calls_refused":0.0},{"date":"2021-09-21","containment_zones":98,"calls_covid_helpline":885,"calls_ambulance_total":1931,"calls_refused":0.0},{"date":"2021-09-22","containment_zones":100,"calls_covid_helpline":921,"calls_ambulance_total":1869,"calls_refused":0.0},{"date":"2021-09-23","containment_zones":98,"calls_covid_helpline":823,"calls_ambulance_total":1812,"calls_refused":0.0},{"date":"2021-09-24","containment_zones":98,"calls_covid_helpline":793,"calls_ambulance_total":1720,"calls_refused":0.0},{"date":"2021-09-25","containment_zones":96,"calls_covid_helpline":873,"calls_ambulance_total":1641,"calls_refused":0.0},{"date":"2021-09-26","containment_zones":95,"calls_covid_helpline":872,"calls_ambulance_total":1675,"calls_refused":0.0},{"date":"2021-09-27","containment_zones":93,"calls_covid_helpline":554,"calls_ambulance_total":1273,"calls_refused":0.0},{"date":"2021-09-28","containment_zones":94,"calls_covid_helpline":975,"calls_ambulance_total":1774,"calls_refused":0.0},{"date":"2021-09-29","containment_zones":97,"calls_covid_helpline":947,"calls_ambulance_total":1881,"calls_refused":0.0},{"date":"2021-09-30","containment_zones":97,"calls_covid_helpline":783,"calls_ambulance_total":1706,"calls_refused":0.0},{"date":"2021-10-01","containment_zones":100,"calls_covid_helpline":818,"calls_ambulance_total":1853,"calls_refused":0.0},{"date":"2021-10-02","containment_zones":97,"calls_covid_helpline":861,"calls_ambulance_total":1738,"calls_refused":0.0},{"date":"2021-10-03","containment_zones":96,"calls_covid_helpline":563,"calls_ambulance_total":1400,"calls_refused":0.0},{"date":"2021-10-04","containment_zones":93,"calls_covid_helpline":422,"calls_ambulance_total":1245,"calls_refused":0.0},{"date":"2021-10-05","containment_zones":100,"calls_covid_helpline":821,"calls_ambulance_total":1883,"calls_refused":0.0},{"date":"2021-10-06","containment_zones":102,"calls_covid_helpline":727,"calls_ambulance_total":1703,"calls_refused":0.0},{"date":"2021-10-07","containment_zones":102,"calls_covid_helpline":677,"calls_ambulance_total":1620,"calls_refused":0.0},{"date":"2021-10-08","containment_zones":103,"calls_covid_helpline":710,"calls_ambulance_total":1661,"calls_refused":0.0},{"date":"2021-10-09","containment_zones":100,"calls_covid_helpline":710,"calls_ambulance_total":1666,"calls_refused":0.0},{"date":"2021-10-10","containment_zones":102,"calls_covid_helpline":623,"calls_ambulance_total":1701,"calls_refused":0.0},{"date":"2021-10-11","containment_zones":102,"calls_covid_helpline":285,"calls_ambulance_total":1263,"calls_refused":0.0},{"date":"2021-10-12","containment_zones":102,"calls_covid_helpline":732,"calls_ambulance_total":1769,"calls_refused":0.0},{"date":"2021-10-13","containment_zones":99,"calls_covid_helpline":679,"calls_ambulance_total":1680,"calls_refused":0.0},{"date":"2021-10-14","containment_zones":104,"calls_covid_helpline":627,"calls_ambulance_total":1629,"calls_refused":0.0},{"date":"2021-10-15","containment_zones":99,"calls_covid_helpline":584,"calls_ambulance_total":1601,"calls_refused":0.0},{"date":"2021-10-16","containment_zones":104,"calls_covid_helpline":327,"calls_ambulance_total":1374,"calls_refused":0.0},{"date":"2021-10-17","containment_zones":105,"calls_covid_helpline":607,"calls_ambulance_total":1744,"calls_refused":0.0},{"date":"2021-10-18","containment_zones":107,"calls_covid_helpline":273,"calls_ambulance_total":1146,"calls_refused":0.0},{"date":"2021-10-19","containment_zones":106,"calls_covid_helpline":677,"calls_ambulance_total":1773,"calls_refused":0.0},{"date":"2021-10-20","containment_zones":97,"calls_covid_helpline":506,"calls_ambulance_total":1323,"calls_refused":0.0},{"date":"2021-10-21","containment_zones":96,"calls_covid_helpline":478,"calls_ambulance_total":1511,"calls_refused":0.0},{"date":"2021-10-22","containment_zones":93,"calls_covid_helpline":712,"calls_ambulance_total":1757,"calls_refused":0.0},{"date":"2021-10-23","containment_zones":93,"calls_covid_helpline":710,"calls_ambulance_total":1870,"calls_refused":0.0},{"date":"2021-10-24","containment_zones":92,"calls_covid_helpline":600,"calls_ambulance_total":1823,"calls_refused":0.0},{"date":"2021-10-25","containment_zones":88,"calls_covid_helpline":238,"calls_ambulance_total":1238,"calls_refused":0.0},{"date":"2021-10-26","containment_zones":97,"calls_covid_helpline":666,"calls_ambulance_total":1728,"calls_refused":0.0},{"date":"2021-10-27","containment_zones":96,"calls_covid_helpline":707,"calls_ambulance_total":1760,"calls_refused":0.0},{"date":"2021-10-28","containment_zones":90,"calls_covid_helpline":574,"calls_ambulance_total":1686,"calls_refused":0.0},{"date":"2021-10-29","containment_zones":93,"calls_covid_helpline":514,"calls_ambulance_total":1682,"calls_refused":0.0},{"date":"2021-10-30","containment_zones":88,"calls_covid_helpline":463,"calls_ambulance_total":1512,"calls_refused":0.0},{"date":"2021-10-31","containment_zones":86,"calls_covid_helpline":497,"calls_ambulance_total":1739,"calls_refused":0.0},{"date":"2021-11-01","containment_zones":86,"calls_covid_helpline":239,"calls_ambulance_total":1295,"calls_refused":0.0},{"date":"2021-11-02","containment_zones":98,"calls_covid_helpline":616,"calls_ambulance_total":1716,"calls_refused":0.0},{"date":"2021-11-03","containment_zones":100,"calls_covid_helpline":426,"calls_ambulance_total":1629,"calls_refused":0.0},{"date":"2021-11-04","containment_zones":109,"calls_covid_helpline":411,"calls_ambulance_total":1663,"calls_refused":0.0},{"date":"2021-11-05","containment_zones":109,"calls_covid_helpline":164,"calls_ambulance_total":1329,"calls_refused":0.0},{"date":"2021-11-06","containment_zones":113,"calls_covid_helpline":468,"calls_ambulance_total":1839,"calls_refused":0.0},{"date":"2021-11-07","containment_zones":116,"calls_covid_helpline":318,"calls_ambulance_total":1627,"calls_refused":0.0},{"date":"2021-11-08","containment_zones":121,"calls_covid_helpline":243,"calls_ambulance_total":1243,"calls_refused":0.0},{"date":"2021-11-09","containment_zones":115,"calls_covid_helpline":626,"calls_ambulance_total":1758,"calls_refused":0.0},{"date":"2021-11-10","containment_zones":104,"calls_covid_helpline":637,"calls_ambulance_total":1657,"calls_refused":0.0},{"date":"2021-11-11","containment_zones":97,"calls_covid_helpline":522,"calls_ambulance_total":1550,"calls_refused":0.0},{"date":"2021-11-12","containment_zones":111,"calls_covid_helpline":608,"calls_ambulance_total":1694,"calls_refused":0.0},{"date":"2021-11-13","containment_zones":117,"calls_covid_helpline":555,"calls_ambulance_total":1626,"calls_refused":0.0},{"date":"2021-11-14","containment_zones":125,"calls_covid_helpline":607,"calls_ambulance_total":1782,"calls_refused":0.0},{"date":"2021-11-15","containment_zones":124,"calls_covid_helpline":232,"calls_ambulance_total":1120,"calls_refused":0.0},{"date":"2021-11-16","containment_zones":125,"calls_covid_helpline":561,"calls_ambulance_total":1671,"calls_refused":0.0},{"date":"2021-11-17","containment_zones":127,"calls_covid_helpline":605,"calls_ambulance_total":1632,"calls_refused":0.0},{"date":"2021-11-18","containment_zones":120,"calls_covid_helpline":652,"calls_ambulance_total":1570,"calls_refused":0.0},{"date":"2021-11-19","containment_zones":133,"calls_covid_helpline":599,"calls_ambulance_total":1649,"calls_refused":0.0},{"date":"2021-11-20","containment_zones":126,"calls_covid_helpline":422,"calls_ambulance_total":1242,"calls_refused":0.0},{"date":"2021-11-21","containment_zones":124,"calls_covid_helpline":519,"calls_ambulance_total":1558,"calls_refused":0.0},{"date":"2021-11-22","containment_zones":120,"calls_covid_helpline":242,"calls_ambulance_total":1250,"calls_refused":0.0},{"date":"2021-11-23","containment_zones":121,"calls_covid_helpline":649,"calls_ambulance_total":1737,"calls_refused":0.0},{"date":"2021-11-24","containment_zones":120,"calls_covid_helpline":682,"calls_ambulance_total":1625,"calls_refused":0.0},{"date":"2021-11-25","containment_zones":119,"calls_covid_helpline":626,"calls_ambulance_total":1660,"calls_refused":0.0},{"date":"2021-11-26","containment_zones":116,"calls_covid_helpline":764,"calls_ambulance_total":1629,"calls_refused":0.0},{"date":"2021-11-27","containment_zones":108,"calls_covid_helpline":642,"calls_ambulance_total":1616,"calls_refused":0.0},{"date":"2021-11-28","containment_zones":108,"calls_covid_helpline":642,"calls_ambulance_total":1616,"calls_refused":0.0},{"date":"2021-11-29","containment_zones":102,"calls_covid_helpline":831,"calls_ambulance_total":1528,"calls_refused":0.0},{"date":"2021-11-30","containment_zones":96,"calls_covid_helpline":766,"calls_ambulance_total":1524,"calls_refused":0.0},{"date":"2021-12-01","containment_zones":102,"calls_covid_helpline":831,"calls_ambulance_total":1528,"calls_refused":0.0},{"date":"2021-12-02","containment_zones":96,"calls_covid_helpline":766,"calls_ambulance_total":1524,"calls_refused":0.0},{"date":"2021-12-03","containment_zones":86,"calls_covid_helpline":782,"calls_ambulance_total":1646,"calls_refused":0.0},{"date":"2021-12-04","containment_zones":88,"calls_covid_helpline":777,"calls_ambulance_total":1580,"calls_refused":0.0},{"date":"2021-12-05","containment_zones":86,"calls_covid_helpline":788,"calls_ambulance_total":1439,"calls_refused":0.0},{"date":"2021-12-06","containment_zones":86,"calls_covid_helpline":409,"calls_ambulance_total":1265,"calls_refused":0.0},{"date":"2021-12-07","containment_zones":93,"calls_covid_helpline":949,"calls_ambulance_total":1733,"calls_refused":0.0},{"date":"2021-12-08","containment_zones":95,"calls_covid_helpline":794,"calls_ambulance_total":1685,"calls_refused":0.0},{"date":"2021-12-09","containment_zones":94,"calls_covid_helpline":852,"calls_ambulance_total":1437,"calls_refused":0.0},{"date":"2021-12-10","containment_zones":98,"calls_covid_helpline":795,"calls_ambulance_total":1559,"calls_refused":0.0},{"date":"2021-12-11","containment_zones":109,"calls_covid_helpline":743,"calls_ambulance_total":1515,"calls_refused":0.0},{"date":"2021-12-12","containment_zones":113,"calls_covid_helpline":641,"calls_ambulance_total":1498,"calls_refused":0.0},{"date":"2021-12-13","containment_zones":119,"calls_covid_helpline":312,"calls_ambulance_total":1078,"calls_refused":0.0},{"date":"2021-12-14","containment_zones":125,"calls_covid_helpline":673,"calls_ambulance_total":1709,"calls_refused":0.0},{"date":"2021-12-15","containment_zones":128,"calls_covid_helpline":851,"calls_ambulance_total":1614,"calls_refused":0.0},{"date":"2021-12-16","containment_zones":135,"calls_covid_helpline":525,"calls_ambulance_total":1612,"calls_refused":0.0},{"date":"2021-12-17","containment_zones":145,"calls_covid_helpline":660,"calls_ambulance_total":1571,"calls_refused":0.0},{"date":"2021-12-18","containment_zones":153,"calls_covid_helpline":719,"calls_ambulance_total":1581,"calls_refused":0.0},{"date":"2021-12-19","containment_zones":157,"calls_covid_helpline":702,"calls_ambulance_total":1528,"calls_refused":0.0},{"date":"2021-12-20","containment_zones":163,"calls_covid_helpline":334,"calls_ambulance_total":1186,"calls_refused":0.0},{"date":"2021-12-21","containment_zones":173,"calls_covid_helpline":801,"calls_ambulance_total":1592,"calls_refused":0.0},{"date":"2021-12-22","containment_zones":184,"calls_covid_helpline":895,"calls_ambulance_total":1620,"calls_refused":0.0},{"date":"2021-12-23","containment_zones":204,"calls_covid_helpline":779,"calls_ambulance_total":1635,"calls_refused":0.0},{"date":"2021-12-24","containment_zones":207,"calls_covid_helpline":737,"calls_ambulance_total":1682,"calls_refused":0.0},{"date":"2021-12-25","containment_zones":248,"calls_covid_helpline":658,"calls_ambulance_total":1629,"calls_refused":0.0},{"date":"2021-12-26","containment_zones":279,"calls_covid_helpline":425,"calls_ambulance_total":1504,"calls_refused":0.0},{"date":"2021-12-27","containment_zones":310,"calls_covid_helpline":344,"calls_ambulance_total":1185,"calls_refused":0.0},{"date":"2021-12-28","containment_zones":397,"calls_covid_helpline":856,"calls_ambulance_total":1744,"calls_refused":0.0},{"date":"2021-12-29","containment_zones":502,"calls_covid_helpline":846,"calls_ambulance_total":1558,"calls_refused":0.0},{"date":"2021-12-30","containment_zones":645,"calls_covid_helpline":890,"calls_ambulance_total":1533,"calls_refused":0.0},{"date":"2021-12-31","containment_zones":914,"calls_covid_helpline":822,"calls_ambulance_total":1618,"calls_refused":0.0},{"date":"2022-01-01","containment_zones":1243,"calls_covid_helpline":757,"calls_ambulance_total":1503,"calls_refused":0.0},{"date":"2022-01-02","containment_zones":1621,"calls_covid_helpline":534,"calls_ambulance_total":1507,"calls_refused":0.0},{"date":"2022-01-03","containment_zones":2008,"calls_covid_helpline":479,"calls_ambulance_total":1250,"calls_refused":0.0},{"date":"2022-01-04","containment_zones":2992,"calls_covid_helpline":858,"calls_ambulance_total":1729,"calls_refused":0.0},{"date":"2022-01-05","containment_zones":3908,"calls_covid_helpline":938,"calls_ambulance_total":1590,"calls_refused":0.0},{"date":"2022-01-06","containment_zones":5168,"calls_covid_helpline":1065,"calls_ambulance_total":1644,"calls_refused":0.0},{"date":"2022-01-07","containment_zones":6912,"calls_covid_helpline":1290,"calls_ambulance_total":1654,"calls_refused":0.0},{"date":"2022-01-08","containment_zones":9227,"calls_covid_helpline":1607,"calls_ambulance_total":1545,"calls_refused":0.0},{"date":"2022-01-09","containment_zones":11487,"calls_covid_helpline":1443,"calls_ambulance_total":1641,"calls_refused":0.0},{"date":"2022-01-10","containment_zones":14200,"calls_covid_helpline":1438,"calls_ambulance_total":1095,"calls_refused":0.0},{"date":"2022-01-11","containment_zones":17269,"calls_covid_helpline":1762,"calls_ambulance_total":1703,"calls_refused":0.0},{"date":"2022-01-12","containment_zones":20878,"calls_covid_helpline":1817,"calls_ambulance_total":1522,"calls_refused":0.0},{"date":"2022-01-13","containment_zones":23997,"calls_covid_helpline":2062,"calls_ambulance_total":1408,"calls_refused":0.0},{"date":"2022-01-14","containment_zones":27531,"calls_covid_helpline":1996,"calls_ambulance_total":1420,"calls_refused":0.0},{"date":"2022-01-15","containment_zones":30472,"calls_covid_helpline":1811,"calls_ambulance_total":1390,"calls_refused":0.0},{"date":"2022-01-16","containment_zones":32983,"calls_covid_helpline":1585,"calls_ambulance_total":1391,"calls_refused":0.0},{"date":"2022-01-17","containment_zones":34958,"calls_covid_helpline":1334,"calls_ambulance_total":1144,"calls_refused":0.0},{"date":"2022-01-18","containment_zones":37540,"calls_covid_helpline":1638,"calls_ambulance_total":1534,"calls_refused":0.0},{"date":"2022-01-19","containment_zones":39489,"calls_covid_helpline":1556,"calls_ambulance_total":1542,"calls_refused":0.0},{"date":"2022-01-20","containment_zones":40756,"calls_covid_helpline":1458,"calls_ambulance_total":1534,"calls_refused":0.0},{"date":"2022-01-21","containment_zones":42239,"calls_covid_helpline":1342,"calls_ambulance_total":1422,"calls_refused":0.0},{"date":"2022-01-22","containment_zones":43457,"calls_covid_helpline":1373,"calls_ambulance_total":1538,"calls_refused":0.0},{"date":"2022-01-23","containment_zones":44132,"calls_covid_helpline":1212,"calls_ambulance_total":1441,"calls_refused":0.0}]