[{"date":"2020-06-01","cases_positive":null,"tests_conducted":null,"positivity_rate":null,"cases_recovered":null,"deaths":null},{"date":"2020-06-02","cases_positive":null,"tests_conducted":null,"positivity_rate":null,"cases_recovered":null,"deaths":null},{"date":"2020-06-03","cases_positive":null,"tests_conducted":null,"positivity_rate":null,"cases_recovered":null,"deaths":null},{"date":"2020-06-04","cases_positive":null,"tests_conducted":null,"positivity_rate":null,"cases_recovered":null,"deaths":null},{"date":"2020-06-05","cases_positive":null,"tests_conducted":null,"positivity_rate":null,"cases_recovered":null,"deaths":null},{"date":"2020-06-06","cases_positive":null,"tests_conducted":null,"positivity_rate":null,"cases_recovered":null,"deaths":null},{"date":"2020-06-07","cases_positive":null,"tests_conducted":null,"positivity_rate":null,"cases_recovered":null,"deaths":null},{"date":"2020-06-08","cases_positive":null,"tests_conducted":null,"positivity_rate":null,"cases_recovered":null,"deaths":null},{"date":"2020-06-09","cases_positive":null,"tests_conducted":null,"positivity_rate":null,"cases_recovered":null,"deaths":null},{"date":"2020-06-10","cases_positive":null,"tests_conducted":null,"positivity_rate":null,"cases_recovered":null,"deaths":null},{"date":"2020-06-11","cases_positive":null,"tests_conducted":null,"positivity_rate":null,"cases_recovered":null,"deaths":null},{"date":"2020-06-12","cases_positive":null,"tests_conducted":null,"positivity_rate":null,"cases_recovered":null,"deaths":null},{"date":"2020-06-13","cases_positive":null,"tests_conducted":null,"positivity_rate":null,"cases_recovered":null,"deaths":null},{"date":"2020-06-14","cases_positive":null,"tests_conducted":null,"positivity_rate":null,"cases_recovered":null,"deaths":null},{"date":"2020-06-15","cases_positive":null,"tests_conducted":null,"positivity_rate":null,"cases_recovered":null,"deaths":null},{"date":"2020-06-16","cases_positive":null,"tests_conducted":null,"positivity_rate":null,"cases_recovered":null,"deaths":null},{"date":"2020-06-17","cases_positive":null,"tests_conducted":null,"positivity_rate":null,"cases_recovered":null,"deaths":null},{"date":"2020-06-18","cases_positive":2877.0,"tests_conducted":null,"positivity_rate":null,"cases_recovered":3884.0,"deaths":65.0},{"date":"2020-06-19","cases_positive":null,"tests_conducted":null,"positivity_rate":null,"cases_recovered":null,"deaths":null},{"date":"2020-06-20","cases_positive":3630.0,"tests_conducted":null,"positivity_rate":null,"cases_recovered":7725.0,"deaths":77.0},{"date":"2020-06-21","cases_positive":3000.0,"tests_conducted":null,"positivity_rate":null,"cases_recovered":1719.0,"deaths":63.0},{"date":"2020-06-22","cases_positive":2909.0,"tests_conducted":null,"positivity_rate":null,"cases_recovered":3589.0,"deaths":58.0},{"date":"2020-06-23","cases_positive":3947.0,"tests_conducted":null,"positivity_rate":null,"cases_recovered":2711.0,"deaths":68.0},{"date":"2020-06-24","cases_positive":3788.0,"tests_conducted":null,"positivity_rate":null,"cases_recovered":2124.0,"deaths":64.0},{"date":"2020-06-25","cases_positive":3390.0,"tests_conducted":null,"positivity_rate":null,"cases_recovered":3328.0,"deaths":64.0},{"date":"2020-06-26","cases_positive":3460.0,"tests_conducted":null,"positivity_rate":null,"cases_recovered":2326.0,"deaths":63.0},{"date":"2020-06-27","cases_positive":2948.0,"tests_conducted":null,"positivity_rate":null,"cases_recovered":2210.0,"deaths":66.0},{"date":"2020-06-28","cases_positive":2889.0,"tests_conducted":null,"positivity_rate":null,"cases_recovered":3306.0,"deaths":65.0},{"date":"2020-06-29","cases_positive":2084.0,"tests_conducted":null,"positivity_rate":null,"cases_recovered":3628.0,"deaths":57.0},{"date":"2020-06-30","cases_positive":2199.0,"tests_conducted":null,"positivity_rate":null,"cases_recovered":2113.0,"deaths":62.0},{"date":"2020-07-01","cases_positive":2442.0,"tests_conducted":null,"positivity_rate":null,"cases_recovered":1644.0,"deaths":61.0},{"date":"2020-07-02","cases_positive":2373.0,"tests_conducted":null,"positivity_rate":null,"cases_recovered":3015.0,"deaths":61.0},{"date":"2020-07-03","cases_positive":2520.0,"tests_conducted":null,"positivity_rate":null,"cases_recovered":2617.0,"deaths":59.0},{"date":"2020-07-04","cases_positive":2505.0,"tests_conducted":null,"positivity_rate":null,"cases_recovered":2632.0,"deaths":55.0},{"date":"2020-07-05","cases_positive":2244.0,"tests_conducted":null,"positivity_rate":null,"cases_recovered":3083.0,"deaths":63.0},{"date":"2020-07-06","cases_positive":1379.0,"tests_conducted":null,"positivity_rate":null,"cases_recovered":749.0,"deaths":48.0},{"date":"2020-07-07","cases_positive":2008.0,"tests_conducted":null,"positivity_rate":null,"cases_recovered":2129.0,"deaths":50.0},{"date":"2020-07-08","cases_positive":2033.0,"tests_conducted":null,"positivity_rate":null,"cases_recovered":3982.0,"deaths":48.0},{"date":"2020-07-09","cases_positive":2187.0,"tests_conducted":null,"positivity_rate":null,"cases_recovered":4027.0,"deaths":45.0},{"date":"2020-07-10","cases_positive":null,"tests_conducted":null,"positivity_rate":null,"cases_recovered":null,"deaths":null},{"date":"2020-07-11","cases_positive":1781.0,"tests_conducted":null,"positivity_rate":null,"cases_recovered":2998.0,"deaths":34.0},{"date":"2020-07-12","cases_positive":1573.0,"tests_conducted":null,"positivity_rate":null,"cases_recovered":2276.0,"deaths":37.0},{"date":"2020-07-13","cases_positive":1246.0,"tests_conducted":null,"positivity_rate":null,"cases_recovered":1344.0,"deaths":40.0},{"date":"2020-07-14","cases_positive":1606.0,"tests_conducted":null,"positivity_rate":null,"cases_recovered":1924.0,"deaths":35.0},{"date":"2020-07-15","cases_positive":1647.0,"tests_conducted":null,"positivity_rate":null,"cases_recovered":2463.0,"deaths":41.0},{"date":"2020-07-16","cases_positive":1652.0,"tests_conducted":null,"positivity_rate":null,"cases_recovered":1994.0,"deaths":58.0},{"date":"2020-07-17","cases_positive":1462.0,"tests_conducted":null,"positivity_rate":null,"cases_recovered":1608.0,"deaths":26.0},{"date":"2020-07-18","cases_positive":1475.0,"tests_conducted":null,"positivity_rate":null,"cases_recovered":1973.0,"deaths":26.0},{"date":"2020-07-19","cases_positive":1211.0,"tests_conducted":null,"positivity_rate":null,"cases_recovered":1860.0,"deaths":31.0},{"date":"2020-07-20","cases_positive":954.0,"tests_conducted":null,"positivity_rate":null,"cases_recovered":1784.0,"deaths":35.0},{"date":"2020-07-21","cases_positive":1349.0,"tests_conducted":null,"positivity_rate":null,"cases_recovered":1200.0,"deaths":27.0},{"date":"2020-07-22","cases_positive":1227.0,"tests_conducted":null,"positivity_rate":null,"cases_recovered":1532.0,"deaths":29.0},{"date":"2020-07-23","cases_positive":1041.0,"tests_conducted":null,"positivity_rate":null,"cases_recovered":1415.0,"deaths":26.0},{"date":"2020-07-24","cases_positive":1025.0,"tests_conducted":null,"positivity_rate":null,"cases_recovered":1866.0,"deaths":32.0},{"date":"2020-07-25","cases_positive":1142.0,"tests_conducted":null,"positivity_rate":null,"cases_recovered":2137.0,"deaths":29.0},{"date":"2020-07-26","cases_positive":1075.0,"tests_conducted":null,"positivity_rate":null,"cases_recovered":1807.0,"deaths":21.0},{"date":"2020-07-27","cases_positive":613.0,"tests_conducted":null,"positivity_rate":null,"cases_recovered":1497.0,"deaths":26.0},{"date":"2020-07-28","cases_positive":1056.0,"tests_conducted":null,"positivity_rate":null,"cases_recovered":1135.0,"deaths":28.0},{"date":"2020-07-29","cases_positive":1035.0,"tests_conducted":null,"positivity_rate":null,"cases_recovered":1126.0,"deaths":26.0},{"date":"2020-07-30","cases_positive":null,"tests_conducted":null,"positivity_rate":null,"cases_recovered":null,"deaths":null},{"date":"2020-07-31","cases_positive":1195.0,"tests_conducted":null,"positivity_rate":null,"cases_recovered":1206.0,"deaths":27.0},{"date":"2020-08-01","cases_positive":1118.0,"tests_conducted":null,"positivity_rate":null,"cases_recovered":1201.0,"deaths":26.0},{"date":"2020-08-02","cases_positive":961.0,"tests_conducted":null,"positivity_rate":null,"cases_recovered":1186.0,"deaths":15.0},{"date":"2020-08-03","cases_positive":805.0,"tests_conducted":null,"positivity_rate":null,"cases_recovered":937.0,"deaths":17.0},{"date":"2020-08-04","cases_positive":674.0,"tests_conducted":null,"positivity_rate":null,"cases_recovered":972.0,"deaths":12.0},{"date":"2020-08-05","cases_positive":1076.0,"tests_conducted":null,"positivity_rate":null,"cases_recovered":890.0,"deaths":11.0},{"date":"2020-08-06","cases_positive":1299.0,"tests_conducted":null,"positivity_rate":null,"cases_recovered":1008.0,"deaths":15.0},{"date":"2020-08-07","cases_positive":1192.0,"tests_conducted":null,"positivity_rate":null,"cases_recovered":1108.0,"deaths":23.0},{"date":"2020-08-08","cases_positive":1404.0,"tests_conducted":null,"positivity_rate":null,"cases_recovered":1130.0,"deaths":16.0},{"date":"2020-08-09","cases_positive":1300.0,"tests_conducted":null,"positivity_rate":null,"cases_recovered":1225.0,"deaths":13.0},{"date":"2020-08-10","cases_positive":707.0,"tests_conducted":null,"positivity_rate":null,"cases_recovered":1070.0,"deaths":20.0},{"date":"2020-08-11","cases_positive":1257.0,"tests_conducted":null,"positivity_rate":null,"cases_recovered":727.0,"deaths":8.0},{"date":"2020-08-12","cases_positive":1113.0,"tests_conducted":null,"positivity_rate":null,"cases_recovered":1021.0,"deaths":14.0},{"date":"2020-08-13","cases_positive":956.0,"tests_conducted":null,"positivity_rate":null,"cases_recovered":913.0,"deaths":14.0},{"date":"2020-08-14","cases_positive":1192.0,"tests_conducted":null,"positivity_rate":null,"cases_recovered":790.0,"deaths":11.0},{"date":"2020-08-15","cases_positive":1276.0,"tests_conducted":null,"positivity_rate":null,"cases_recovered":1143.0,"deaths":10.0},{"date":"2020-08-16","cases_positive":652.0,"tests_conducted":null,"positivity_rate":null,"cases_recovered":1310.0,"deaths":8.0},{"date":"2020-08-17","cases_positive":787.0,"tests_conducted":null,"positivity_rate":null,"cases_recovered":740.0,"deaths":18.0},{"date":"2020-08-18","cases_positive":null,"tests_conducted":null,"positivity_rate":null,"cases_recovered":null,"deaths":null},{"date":"2020-08-19","cases_positive":null,"tests_conducted":null,"positivity_rate":null,"cases_recovered":null,"deaths":null},{"date":"2020-08-20","cases_positive":null,"tests_conducted":null,"positivity_rate":null,"cases_recovered":null,"deaths":null},{"date":"2020-08-21","cases_positive":null,"tests_conducted":null,"positivity_rate":null,"cases_recovered":null,"deaths":null},{"date":"2020-08-22","cases_positive":null,"tests_conducted":null,"positivity_rate":null,"cases_recovered":null,"deaths":null},{"date":"2020-08-23","cases_positive":null,"tests_conducted":null,"positivity_rate":null,"cases_recovered":null,"deaths":null},{"date":"2020-08-24","cases_positive":null,"tests_conducted":null,"positivity_rate":null,"cases_recovered":null,"deaths":null},{"date":"2020-08-25","cases_positive":null,"tests_conducted":null,"positivity_rate":null,"cases_recovered":null,"deaths":null},{"date":"2020-08-26","cases_positive":null,"tests_conducted":null,"positivity_rate":null,"cases_recovered":null,"deaths":null},{"date":"2020-08-27","cases_positive":null,"tests_conducted":null,"positivity_rate":null,"cases_recovered":null,"deaths":null},{"date":"2020-08-28","cases_positive":null,"tests_conducted":null,"positivity_rate":null,"cases_recovered":null,"deaths":null},{"date":"2020-08-29","cases_positive":null,"tests_conducted":null,"positivity_rate":null,"cases_recovered":null,"deaths":null},{"date":"2020-08-31","cases_positive":null,"tests_conducted":null,"positivity_rate":null,"cases_recovered":null,"deaths":null},{"date":"2020-09-01","cases_positive":null,"tests_conducted":null,"positivity_rate":null,"cases_recovered":null,"deaths":null},{"date":"2020-09-02","cases_positive":null,"tests_conducted":null,"positivity_rate":null,"cases_recovered":null,"deaths":null},{"date":"2020-09-03","cases_positive":null,"tests_conducted":null,"positivity_rate":null,"cases_recovered":null,"deaths":null},{"date":"2020-09-04","cases_positive":null,"tests_conducted":null,"positivity_rate":null,"cases_recovered":null,"deaths":null},{"date":"2020-09-05","cases_positive":null,"tests_conducted":null,"positivity_rate":null,"cases_recovered":null,"deaths":null},{"date":"2020-09-07","cases_positive":null,"tests_conducted":null,"positivity_rate":null,"cases_recovered":null,"deaths":null},{"date":"2020-09-08","cases_positive":null,"tests_conducted":null,"positivity_rate":null,"cases_recovered":null,"deaths":null},{"date":"2020-09-09","cases_positive":null,"tests_conducted":null,"positivity_rate":null,"cases_recovered":null,"deaths":null},{"date":"2020-09-10","cases_positive":null,"tests_conducted":null,"positivity_rate":null,"cases_recovered":null,"deaths":null},{"date":"2020-09-11","cases_positive":null,"tests_conducted":null,"positivity_rate":null,"cases_recovered":null,"deaths":null},{"date":"2020-09-12","cases_positive":4321.0,"tests_conducted":60076.0,"positivity_rate":7.19,"cases_recovered":3141.0,"deaths":28.0},{"date":"2020-09-13","cases_positive":4235.0,"tests_conducted":56656.0,"positivity_rate":7.48,"cases_recovered":3453.0,"deaths":29.0},{"date":"2020-09-14","cases_positive":3229.0,"tests_conducted":44884.0,"positivity_rate":7.19,"cases_recovered":3374.0,"deaths":26.0},{"date":"2020-09-15","cases_positive":4263.0,"tests_conducted":62669.0,"positivity_rate":6.8,"cases_recovered":3081.0,"deaths":36.0},{"date":"2020-09-16","cases_positive":4473.0,"tests_conducted":62593.0,"positivity_rate":7.15,"cases_recovered":3313.0,"deaths":33.0},{"date":"2020-09-17","cases_positive":4432.0,"tests_conducted":60014.0,"positivity_rate":7.38,"cases_recovered":3587.0,"deaths":38.0},{"date":"2020-09-18","cases_positive":4127.0,"tests_conducted":61037.0,"positivity_rate":6.76,"cases_recovered":3568.0,"deaths":30.0},{"date":"2020-09-19","cases_positive":4071.0,"tests_conducted":61973.0,"positivity_rate":6.57,"cases_recovered":4219.0,"deaths":38.0},{"date":"2020-09-20","cases_positive":3812.0,"tests_conducted":52405.0,"positivity_rate":7.27,"cases_recovered":3742.0,"deaths":37.0},{"date":"2020-09-21","cases_positive":2548.0,"tests_conducted":33733.0,"positivity_rate":7.55,"cases_recovered":3672.0,"deaths":32.0},{"date":"2020-09-22","cases_positive":3816.0,"tests_conducted":59013.0,"positivity_rate":6.47,"cases_recovered":3097.0,"deaths":37.0},{"date":"2020-09-23","cases_positive":3714.0,"tests_conducted":59580.0,"positivity_rate":6.23,"cases_recovered":4465.0,"deaths":36.0},{"date":"2020-09-24","cases_positive":3834.0,"tests_conducted":59183.0,"positivity_rate":6.48,"cases_recovered":3509.0,"deaths":36.0},{"date":"2020-09-25","cases_positive":3827.0,"tests_conducted":59134.0,"positivity_rate":6.47,"cases_recovered":4061.0,"deaths":24.0},{"date":"2020-09-26","cases_positive":3372.0,"tests_conducted":57688.0,"positivity_rate":5.85,"cases_recovered":4476.0,"deaths":46.0},{"date":"2020-09-27","cases_positive":3292.0,"tests_conducted":51416.0,"positivity_rate":6.4,"cases_recovered":3739.0,"deaths":42.0},{"date":"2020-09-28","cases_positive":1984.0,"tests_conducted":36302.0,"positivity_rate":5.47,"cases_recovered":4052.0,"deaths":37.0},{"date":"2020-09-29","cases_positive":3227.0,"tests_conducted":59102.0,"positivity_rate":5.46,"cases_recovered":2778.0,"deaths":48.0},{"date":"2020-09-30","cases_positive":3390.0,"tests_conducted":59807.0,"positivity_rate":5.67,"cases_recovered":3965.0,"deaths":41.0},{"date":"2020-10-01","cases_positive":3037.0,"tests_conducted":55423.0,"positivity_rate":5.48,"cases_recovered":3167.0,"deaths":40.0},{"date":"2020-10-02","cases_positive":2920.0,"tests_conducted":56258.0,"positivity_rate":5.19,"cases_recovered":3171.0,"deaths":37.0},{"date":"2020-10-03","cases_positive":2258.0,"tests_conducted":39306.0,"positivity_rate":5.74,"cases_recovered":3440.0,"deaths":34.0},{"date":"2020-10-04","cases_positive":2683.0,"tests_conducted":50832.0,"positivity_rate":5.28,"cases_recovered":3126.0,"deaths":38.0},{"date":"2020-10-05","cases_positive":1947.0,"tests_conducted":35593.0,"positivity_rate":5.47,"cases_recovered":3588.0,"deaths":32.0},{"date":"2020-10-06","cases_positive":null,"tests_conducted":null,"positivity_rate":null,"cases_recovered":null,"deaths":null},{"date":"2020-10-07","cases_positive":2871.0,"tests_conducted":51505.0,"positivity_rate":5.57,"cases_recovered":3370.0,"deaths":35.0},{"date":"2020-10-08","cases_positive":2726.0,"tests_conducted":53322.0,"positivity_rate":5.11,"cases_recovered":2643.0,"deaths":37.0},{"date":"2020-10-09","cases_positive":2860.0,"tests_conducted":49135.0,"positivity_rate":5.82,"cases_recovered":3098.0,"deaths":39.0},{"date":"2020-10-10","cases_positive":2866.0,"tests_conducted":49736.0,"positivity_rate":5.76,"cases_recovered":2766.0,"deaths":48.0},{"date":"2020-10-11","cases_positive":2780.0,"tests_conducted":48753.0,"positivity_rate":5.7,"cases_recovered":3057.0,"deaths":29.0},{"date":"2020-10-12","cases_positive":1849.0,"tests_conducted":35947.0,"positivity_rate":5.14,"cases_recovered":2975.0,"deaths":40.0},{"date":"2020-10-13","cases_positive":3036.0,"tests_conducted":54957.0,"positivity_rate":5.52,"cases_recovered":2036.0,"deaths":45.0},{"date":"2020-10-14","cases_positive":3324.0,"tests_conducted":56950.0,"positivity_rate":5.84,"cases_recovered":2867.0,"deaths":44.0},{"date":"2020-10-15","cases_positive":3483.0,"tests_conducted":55891.0,"positivity_rate":6.23,"cases_recovered":2755.0,"deaths":26.0},{"date":"2020-10-16","cases_positive":3428.0,"tests_conducted":58145.0,"positivity_rate":5.9,"cases_recovered":3197.0,"deaths":22.0},{"date":"2020-10-17","cases_positive":3259.0,"tests_conducted":55715.0,"positivity_rate":5.85,"cases_recovered":3154.0,"deaths":35.0},{"date":"2020-10-18","cases_positive":3299.0,"tests_conducted":49414.0,"positivity_rate":6.68,"cases_recovered":2863.0,"deaths":28.0},{"date":"2020-10-19","cases_positive":2154.0,"tests_conducted":36445.0,"positivity_rate":5.91,"cases_recovered":2845.0,"deaths":31.0},{"date":"2020-10-20","cases_positive":3579.0,"tests_conducted":56593.0,"positivity_rate":6.32,"cases_recovered":2186.0,"deaths":41.0},{"date":"2020-10-21","cases_positive":3686.0,"tests_conducted":59064.0,"positivity_rate":6.24,"cases_recovered":3444.0,"deaths":47.0},{"date":"2020-10-22","cases_positive":3882.0,"tests_conducted":58770.0,"positivity_rate":6.61,"cases_recovered":2727.0,"deaths":35.0},{"date":"2020-10-23","cases_positive":4086.0,"tests_conducted":58568.0,"positivity_rate":6.98,"cases_recovered":3296.0,"deaths":26.0},{"date":"2020-10-24","cases_positive":4116.0,"tests_conducted":55461.0,"positivity_rate":7.42,"cases_recovered":3614.0,"deaths":36.0},{"date":"2020-10-25","cases_positive":4136.0,"tests_conducted":49069.0,"positivity_rate":8.43,"cases_recovered":3826.0,"deaths":33.0},{"date":"2020-10-26","cases_positive":2832.0,"tests_conducted":34411.0,"positivity_rate":8.23,"cases_recovered":3736.0,"deaths":54.0},{"date":"2020-10-27","cases_positive":4853.0,"tests_conducted":57210.0,"positivity_rate":8.48,"cases_recovered":2722.0,"deaths":44.0},{"date":"2020-10-28","cases_positive":5673.0,"tests_conducted":60571.0,"positivity_rate":9.37,"cases_recovered":4128.0,"deaths":40.0},{"date":"2020-10-29","cases_positive":5739.0,"tests_conducted":60124.0,"positivity_rate":9.55,"cases_recovered":4138.0,"deaths":27.0},{"date":"2020-10-30","cases_positive":5891.0,"tests_conducted":59641.0,"positivity_rate":9.88,"cases_recovered":4433.0,"deaths":47.0},{"date":"2020-10-31","cases_positive":5062.0,"tests_conducted":44330.0,"positivity_rate":11.42,"cases_recovered":4665.0,"deaths":41.0},{"date":"2020-11-01","cases_positive":5664.0,"tests_conducted":44623.0,"positivity_rate":12.69,"cases_recovered":4159.0,"deaths":51.0},{"date":"2020-11-02","cases_positive":4001.0,"tests_conducted":36665.0,"positivity_rate":10.91,"cases_recovered":4824.0,"deaths":42.0},{"date":"2020-11-03","cases_positive":6725.0,"tests_conducted":59540.0,"positivity_rate":11.29,"cases_recovered":3610.0,"deaths":48.0},{"date":"2020-11-04","cases_positive":6842.0,"tests_conducted":58910.0,"positivity_rate":11.61,"cases_recovered":5797.0,"deaths":51.0},{"date":"2020-11-05","cases_positive":6715.0,"tests_conducted":52294.0,"positivity_rate":12.84,"cases_recovered":5289.0,"deaths":66.0},{"date":"2020-11-06","cases_positive":null,"tests_conducted":null,"positivity_rate":null,"cases_recovered":null,"deaths":null},{"date":"2020-11-07","cases_positive":6953.0,"tests_conducted":57433.0,"positivity_rate":12.11,"cases_recovered":6338.0,"deaths":79.0},{"date":"2020-11-08","cases_positive":7745.0,"tests_conducted":50754.0,"positivity_rate":15.26,"cases_recovered":6069.0,"deaths":77.0},{"date":"2020-11-09","cases_positive":5023.0,"tests_conducted":39115.0,"positivity_rate":12.84,"cases_recovered":7014.0,"deaths":71.0},{"date":"2020-11-10","cases_positive":7830.0,"tests_conducted":59035.0,"positivity_rate":13.26,"cases_recovered":6157.0,"deaths":83.0},{"date":"2020-11-11","cases_positive":8593.0,"tests_conducted":64121.0,"positivity_rate":13.4,"cases_recovered":7264.0,"deaths":85.0},{"date":"2020-11-12","cases_positive":7053.0,"tests_conducted":60229.0,"positivity_rate":11.71,"cases_recovered":6462.0,"deaths":104.0},{"date":"2020-11-13","cases_positive":7802.0,"tests_conducted":56553.0,"positivity_rate":13.8,"cases_recovered":6498.0,"deaths":91.0},{"date":"2020-11-14","cases_positive":7340.0,"tests_conducted":49645.0,"positivity_rate":14.78,"cases_recovered":7117.0,"deaths":96.0},{"date":"2020-11-15","cases_positive":null,"tests_conducted":null,"positivity_rate":null,"cases_recovered":null,"deaths":null},{"date":"2020-11-16","cases_positive":3797.0,"tests_conducted":29821.0,"positivity_rate":12.73,"cases_recovered":3560.0,"deaths":99.0},{"date":"2020-11-17","cases_positive":6396.0,"tests_conducted":49031.0,"positivity_rate":13.04,"cases_recovered":4421.0,"deaths":99.0},{"date":"2020-11-18","cases_positive":7486.0,"tests_conducted":62232.0,"positivity_rate":12.03,"cases_recovered":6901.0,"deaths":131.0},{"date":"2020-11-19","cases_positive":7546.0,"tests_conducted":62437.0,"positivity_rate":12.09,"cases_recovered":6685.0,"deaths":98.0},{"date":"2020-11-20","cases_positive":6608.0,"tests_conducted":62425.0,"positivity_rate":10.59,"cases_recovered":8775.0,"deaths":118.0},{"date":"2020-11-21","cases_positive":5879.0,"tests_conducted":45562.0,"positivity_rate":12.9,"cases_recovered":6963.0,"deaths":111.0},{"date":"2020-11-22","cases_positive":6746.0,"tests_conducted":54893.0,"positivity_rate":12.29,"cases_recovered":6154.0,"deaths":121.0},{"date":"2020-11-23","cases_positive":4454.0,"tests_conducted":37307.0,"positivity_rate":11.94,"cases_recovered":7216.0,"deaths":121.0},{"date":"2020-11-24","cases_positive":6224.0,"tests_conducted":61381.0,"positivity_rate":10.14,"cases_recovered":4943.0,"deaths":109.0},{"date":"2020-11-25","cases_positive":5246.0,"tests_conducted":61778.0,"positivity_rate":8.49,"cases_recovered":5361.0,"deaths":99.0},{"date":"2020-11-26","cases_positive":5475.0,"tests_conducted":63266.0,"positivity_rate":8.65,"cases_recovered":4937.0,"deaths":91.0},{"date":"2020-11-27","cases_positive":5482.0,"tests_conducted":64455.0,"positivity_rate":8.51,"cases_recovered":5937.0,"deaths":98.0},{"date":"2020-11-28","cases_positive":4998.0,"tests_conducted":69051.0,"positivity_rate":7.24,"cases_recovered":6512.0,"deaths":89.0},{"date":"2020-11-29","cases_positive":null,"tests_conducted":null,"positivity_rate":null,"cases_recovered":null,"deaths":null},{"date":"2020-11-30","cases_positive":3726.0,"tests_conducted":50670.0,"positivity_rate":7.35,"cases_recovered":5824.0,"deaths":108.0},{"date":"2020-12-01","cases_positive":4006.0,"tests_conducted":58456.0,"positivity_rate":6.85,"cases_recovered":5036.0,"deaths":86.0},{"date":"2020-12-02","cases_positive":3944.0,"tests_conducted":78949.0,"positivity_rate":5.0,"cases_recovered":5329.0,"deaths":82.0},{"date":"2020-12-03","cases_positive":3734.0,"tests_conducted":75230.0,"positivity_rate":4.96,"cases_recovered":4834.0,"deaths":82.0},{"date":"2020-12-04","cases_positive":null,"tests_conducted":null,"positivity_rate":null,"cases_recovered":null,"deaths":null},{"date":"2020-12-05","cases_positive":3419.0,"tests_conducted":81473.0,"positivity_rate":4.2,"cases_recovered":4916.0,"deaths":77.0},{"date":"2020-12-06","cases_positive":2706.0,"tests_conducted":73536.0,"positivity_rate":3.68,"cases_recovered":4622.0,"deaths":69.0},{"date":"2020-12-07","cases_positive":1674.0,"tests_conducted":53207.0,"positivity_rate":3.15,"cases_recovered":3818.0,"deaths":63.0},{"date":"2020-12-08","cases_positive":1575.0,"tests_conducted":64069.0,"positivity_rate":2.46,"cases_recovered":3307.0,"deaths":61.0},{"date":"2020-12-09","cases_positive":2463.0,"tests_conducted":72079.0,"positivity_rate":3.42,"cases_recovered":4177.0,"deaths":50.0},{"date":"2020-12-10","cases_positive":1575.0,"tests_conducted":64069.0,"positivity_rate":2.46,"cases_recovered":3307.0,"deaths":61.0},{"date":"2020-12-11","cases_positive":2385.0,"tests_conducted":71679.0,"positivity_rate":3.33,"cases_recovered":2402.0,"deaths":60.0},{"date":"2020-12-12","cases_positive":1935.0,"tests_conducted":73413.0,"positivity_rate":2.64,"cases_recovered":3191.0,"deaths":47.0},{"date":"2020-12-13","cases_positive":1984.0,"tests_conducted":72335.0,"positivity_rate":2.74,"cases_recovered":2539.0,"deaths":33.0},{"date":"2020-12-14","cases_positive":1376.0,"tests_conducted":63944.0,"positivity_rate":2.15,"cases_recovered":2854.0,"deaths":60.0},{"date":"2020-12-15","cases_positive":null,"tests_conducted":null,"positivity_rate":null,"cases_recovered":null,"deaths":null},{"date":"2020-12-16","cases_positive":1547.0,"tests_conducted":79042.0,"positivity_rate":1.96,"cases_recovered":2734.0,"deaths":32.0},{"date":"2020-12-17","cases_positive":1363.0,"tests_conducted":90354.0,"positivity_rate":1.51,"cases_recovered":2391.0,"deaths":35.0},{"date":"2020-12-18","cases_positive":1418.0,"tests_conducted":88400.0,"positivity_rate":1.6,"cases_recovered":2160.0,"deaths":37.0},{"date":"2020-12-19","cases_positive":1139.0,"tests_conducted":87330.0,"positivity_rate":1.3,"cases_recovered":2168.0,"deaths":32.0},{"date":"2020-12-20","cases_positive":1091.0,"tests_conducted":83289.0,"positivity_rate":1.31,"cases_recovered":1275.0,"deaths":26.0},{"date":"2020-12-21","cases_positive":803.0,"tests_conducted":62440.0,"positivity_rate":1.29,"cases_recovered":1669.0,"deaths":27.0},{"date":"2020-12-22","cases_positive":939.0,"tests_conducted":82386.0,"positivity_rate":1.14,"cases_recovered":1434.0,"deaths":25.0},{"date":"2020-12-23","cases_positive":871.0,"tests_conducted":87861.0,"positivity_rate":0.99,"cases_recovered":1585.0,"deaths":18.0},{"date":"2020-12-24","cases_positive":1063.0,"tests_conducted":89920.0,"positivity_rate":1.18,"cases_recovered":1120.0,"deaths":37.0},{"date":"2020-12-25","cases_positive":758.0,"tests_conducted":85749.0,"positivity_rate":0.88,"cases_recovered":1370.0,"deaths":30.0},{"date":"2020-12-26","cases_positive":655.0,"tests_conducted":67115.0,"positivity_rate":0.98,"cases_recovered":988.0,"deaths":23.0},{"date":"2020-12-27","cases_positive":757.0,"tests_conducted":75210.0,"positivity_rate":1.01,"cases_recovered":939.0,"deaths":16.0},{"date":"2020-12-28","cases_positive":564.0,"tests_conducted":57463.0,"positivity_rate":0.98,"cases_recovered":959.0,"deaths":21.0},{"date":"2020-12-29","cases_positive":703.0,"tests_conducted":84889.0,"positivity_rate":0.83,"cases_recovered":850.0,"deaths":28.0},{"date":"2020-12-30","cases_positive":677.0,"tests_conducted":84680.0,"positivity_rate":0.8,"cases_recovered":940.0,"deaths":21.0},{"date":"2020-12-31","cases_positive":574.0,"tests_conducted":81750.0,"positivity_rate":0.7,"cases_recovered":888.0,"deaths":13.0},{"date":"2021-01-01","cases_positive":585.0,"tests_conducted":80565.0,"positivity_rate":0.73,"cases_recovered":717.0,"deaths":21.0},{"date":"2021-01-02","cases_positive":494.0,"tests_conducted":67364.0,"positivity_rate":0.73,"cases_recovered":496.0,"deaths":14.0},{"date":"2021-01-03","cases_positive":424.0,"tests_conducted":68759.0,"positivity_rate":0.62,"cases_recovered":708.0,"deaths":14.0},{"date":"2021-01-04","cases_positive":384.0,"tests_conducted":50288.0,"positivity_rate":0.76,"cases_recovered":727.0,"deaths":12.0},{"date":"2021-01-05","cases_positive":442.0,"tests_conducted":79777.0,"positivity_rate":0.55,"cases_recovered":557.0,"deaths":12.0},{"date":"2021-01-06","cases_positive":654.0,"tests_conducted":74650.0,"positivity_rate":0.88,"cases_recovered":719.0,"deaths":16.0},{"date":"2021-01-07","cases_positive":486.0,"tests_conducted":77522.0,"positivity_rate":0.63,"cases_recovered":780.0,"deaths":19.0},{"date":"2021-01-08","cases_positive":444.0,"tests_conducted":75724.0,"positivity_rate":0.59,"cases_recovered":823.0,"deaths":10.0},{"date":"2021-01-09","cases_positive":519.0,"tests_conducted":80275.0,"positivity_rate":0.65,"cases_recovered":603.0,"deaths":12.0},{"date":"2021-01-10","cases_positive":399.0,"tests_conducted":77600.0,"positivity_rate":0.51,"cases_recovered":602.0,"deaths":12.0},{"date":"2021-01-11","cases_positive":306.0,"tests_conducted":56390.0,"positivity_rate":0.54,"cases_recovered":407.0,"deaths":13.0},{"date":"2021-01-12","cases_positive":null,"tests_conducted":null,"positivity_rate":null,"cases_recovered":null,"deaths":null},{"date":"2021-01-13","cases_positive":357.0,"tests_conducted":70745.0,"positivity_rate":0.5,"cases_recovered":534.0,"deaths":11.0},{"date":"2021-01-14","cases_positive":340.0,"tests_conducted":71325.0,"positivity_rate":0.48,"cases_recovered":390.0,"deaths":4.0},{"date":"2021-01-15","cases_positive":295.0,"tests_conducted":66921.0,"positivity_rate":0.44,"cases_recovered":427.0,"deaths":10.0},{"date":"2021-01-16","cases_positive":299.0,"tests_conducted":71957.0,"positivity_rate":0.42,"cases_recovered":397.0,"deaths":6.0},{"date":"2021-01-17","cases_positive":246.0,"tests_conducted":67463.0,"positivity_rate":0.36,"cases_recovered":385.0,"deaths":8.0},{"date":"2021-01-18","cases_positive":161.0,"tests_conducted":50523.0,"positivity_rate":0.32,"cases_recovered":362.0,"deaths":8.0},{"date":"2021-01-19","cases_positive":231.0,"tests_conducted":72441.0,"positivity_rate":0.32,"cases_recovered":222.0,"deaths":10.0},{"date":"2021-01-20","cases_positive":228.0,"tests_conducted":63161.0,"positivity_rate":0.36,"cases_recovered":405.0,"deaths":10.0},{"date":"2021-01-21","cases_positive":227.0,"tests_conducted":81550.0,"positivity_rate":0.28,"cases_recovered":246.0,"deaths":8.0},{"date":"2021-01-22","cases_positive":266.0,"tests_conducted":71850.0,"positivity_rate":0.37,"cases_recovered":319.0,"deaths":7.0},{"date":"2021-01-23","cases_positive":197.0,"tests_conducted":76868.0,"positivity_rate":0.26,"cases_recovered":367.0,"deaths":10.0},{"date":"2021-01-24","cases_positive":185.0,"tests_conducted":62307.0,"positivity_rate":0.3,"cases_recovered":315.0,"deaths":9.0},{"date":"2021-01-25","cases_positive":148.0,"tests_conducted":48450.0,"positivity_rate":0.31,"cases_recovered":190.0,"deaths":5.0},{"date":"2021-01-26","cases_positive":157.0,"tests_conducted":64973.0,"positivity_rate":0.24,"cases_recovered":218.0,"deaths":7.0},{"date":"2021-01-27","cases_positive":96.0,"tests_conducted":29855.0,"positivity_rate":0.32,"cases_recovered":212.0,"deaths":9.0},{"date":"2021-01-28","cases_positive":199.0,"tests_conducted":57993.0,"positivity_rate":0.34,"cases_recovered":119.0,"deaths":6.0},{"date":"2021-01-29","cases_positive":249.0,"tests_conducted":58725.0,"positivity_rate":0.42,"cases_recovered":267.0,"deaths":6.0},{"date":"2021-01-30","cases_positive":183.0,"tests_conducted":68967.0,"positivity_rate":0.27,"cases_recovered":290.0,"deaths":8.0},{"date":"2021-01-31","cases_positive":140.0,"tests_conducted":60695.0,"positivity_rate":0.23,"cases_recovered":211.0,"deaths":4.0},{"date":"2021-02-01","cases_positive":121.0,"tests_conducted":43712.0,"positivity_rate":0.28,"cases_recovered":214.0,"deaths":3.0},{"date":"2021-02-02","cases_positive":114.0,"tests_conducted":58598.0,"positivity_rate":0.19,"cases_recovered":160.0,"deaths":2.0},{"date":"2021-02-03","cases_positive":150.0,"tests_conducted":56658.0,"positivity_rate":0.26,"cases_recovered":153.0,"deaths":6.0},{"date":"2021-02-04","cases_positive":158.0,"tests_conducted":67234.0,"positivity_rate":0.24,"cases_recovered":165.0,"deaths":7.0},{"date":"2021-02-05","cases_positive":154.0,"tests_conducted":59964.0,"positivity_rate":0.26,"cases_recovered":140.0,"deaths":2.0},{"date":"2021-02-06","cases_positive":123.0,"tests_conducted":63322.0,"positivity_rate":0.19,"cases_recovered":151.0,"deaths":4.0},{"date":"2021-02-07","cases_positive":null,"tests_conducted":null,"positivity_rate":null,"cases_recovered":null,"deaths":null},{"date":"2021-02-09","cases_positive":100.0,"tests_conducted":56410.0,"positivity_rate":0.18,"cases_recovered":144.0,"deaths":0.0},{"date":"2021-02-10","cases_positive":127.0,"tests_conducted":66803.0,"positivity_rate":0.19,"cases_recovered":131.0,"deaths":2.0},{"date":"2021-02-11","cases_positive":142.0,"tests_conducted":64328.0,"positivity_rate":0.22,"cases_recovered":135.0,"deaths":2.0},{"date":"2021-02-12","cases_positive":141.0,"tests_conducted":63022.0,"positivity_rate":0.22,"cases_recovered":136.0,"deaths":3.0},{"date":"2021-02-13","cases_positive":126.0,"tests_conducted":60876.0,"positivity_rate":0.21,"cases_recovered":138.0,"deaths":0.0},{"date":"2021-02-14","cases_positive":150.0,"tests_conducted":56902.0,"positivity_rate":0.26,"cases_recovered":158.0,"deaths":2.0},{"date":"2021-02-15","cases_positive":141.0,"tests_conducted":39065.0,"positivity_rate":0.36,"cases_recovered":134.0,"deaths":2.0},{"date":"2021-02-16","cases_positive":94.0,"tests_conducted":56944.0,"positivity_rate":0.17,"cases_recovered":110.0,"deaths":1.0},{"date":"2021-02-17","cases_positive":134.0,"tests_conducted":59886.0,"positivity_rate":0.22,"cases_recovered":75.0,"deaths":0.0},{"date":"2021-02-18","cases_positive":130.0,"tests_conducted":60441.0,"positivity_rate":0.22,"cases_recovered":153.0,"deaths":2.0},{"date":"2021-02-19","cases_positive":158.0,"tests_conducted":60836.0,"positivity_rate":0.26,"cases_recovered":157.0,"deaths":1.0},{"date":"2021-02-20","cases_positive":152.0,"tests_conducted":62063.0,"positivity_rate":0.24,"cases_recovered":179.0,"deaths":1.0},{"date":"2021-02-21","cases_positive":145.0,"tests_conducted":63813.0,"positivity_rate":0.23,"cases_recovered":97.0,"deaths":2.0},{"date":"2021-02-22","cases_positive":128.0,"tests_conducted":42242.0,"positivity_rate":0.3,"cases_recovered":157.0,"deaths":1.0},{"date":"2021-02-23","cases_positive":145.0,"tests_conducted":58327.0,"positivity_rate":0.25,"cases_recovered":130.0,"deaths":2.0},{"date":"2021-02-24","cases_positive":200.0,"tests_conducted":56168.0,"positivity_rate":0.36,"cases_recovered":115.0,"deaths":2.0},{"date":"2021-02-25","cases_positive":220.0,"tests_conducted":63998.0,"positivity_rate":0.34,"cases_recovered":188.0,"deaths":0.0},{"date":"2021-02-26","cases_positive":256.0,"tests_conducted":62768.0,"positivity_rate":0.41,"cases_recovered":193.0,"deaths":1.0},{"date":"2021-02-27","cases_positive":243.0,"tests_conducted":67484.0,"positivity_rate":0.36,"cases_recovered":164.0,"deaths":3.0},{"date":"2021-02-28","cases_positive":null,"tests_conducted":null,"positivity_rate":null,"cases_recovered":null,"deaths":null},{"date":"2021-03-01","cases_positive":175.0,"tests_conducted":39733.0,"positivity_rate":0.44,"cases_recovered":105.0,"deaths":1.0},{"date":"2021-03-02","cases_positive":217.0,"tests_conducted":66624.0,"positivity_rate":0.33,"cases_recovered":78.0,"deaths":0.0},{"date":"2021-03-03","cases_positive":240.0,"tests_conducted":68831.0,"positivity_rate":0.35,"cases_recovered":196.0,"deaths":3.0},{"date":"2021-03-04","cases_positive":261.0,"tests_conducted":66432.0,"positivity_rate":0.39,"cases_recovered":143.0,"deaths":1.0},{"date":"2021-03-05","cases_positive":312.0,"tests_conducted":59122.0,"positivity_rate":0.53,"cases_recovered":231.0,"deaths":3.0},{"date":"2021-03-06","cases_positive":321.0,"tests_conducted":53062.0,"positivity_rate":0.6,"cases_recovered":320.0,"deaths":1.0},{"date":"2021-03-07","cases_positive":null,"tests_conducted":null,"positivity_rate":null,"cases_recovered":null,"deaths":null},{"date":"2021-03-08","cases_positive":239.0,"tests_conducted":47689.0,"positivity_rate":0.5,"cases_recovered":309.0,"deaths":3.0},{"date":"2021-03-09","cases_positive":320.0,"tests_conducted":66744.0,"positivity_rate":0.48,"cases_recovered":234.0,"deaths":4.0},{"date":"2021-03-10","cases_positive":370.0,"tests_conducted":71153.0,"positivity_rate":0.52,"cases_recovered":279.0,"deaths":3.0},{"date":"2021-03-11","cases_positive":409.0,"tests_conducted":69810.0,"positivity_rate":0.59,"cases_recovered":286.0,"deaths":3.0},{"date":"2021-03-12","cases_positive":431.0,"tests_conducted":72031.0,"positivity_rate":0.6,"cases_recovered":356.0,"deaths":2.0},{"date":"2021-03-13","cases_positive":419.0,"tests_conducted":74326.0,"positivity_rate":0.56,"cases_recovered":302.0,"deaths":3.0},{"date":"2021-03-14","cases_positive":407.0,"tests_conducted":68223.0,"positivity_rate":0.6,"cases_recovered":350.0,"deaths":2.0},{"date":"2021-03-15","cases_positive":368.0,"tests_conducted":62272.0,"positivity_rate":0.59,"cases_recovered":306.0,"deaths":3.0},{"date":"2021-03-16","cases_positive":425.0,"tests_conducted":70049.0,"positivity_rate":0.61,"cases_recovered":257.0,"deaths":1.0},{"date":"2021-03-17","cases_positive":536.0,"tests_conducted":80856.0,"positivity_rate":0.66,"cases_recovered":319.0,"deaths":3.0},{"date":"2021-03-18","cases_positive":607.0,"tests_conducted":80253.0,"positivity_rate":0.76,"cases_recovered":384.0,"deaths":1.0},{"date":"2021-03-19","cases_positive":607.0,"tests_conducted":80253.0,"positivity_rate":0.76,"cases_recovered":384.0,"deaths":1.0},{"date":"2021-03-20","cases_positive":813.0,"tests_conducted":75888.0,"positivity_rate":1.07,"cases_recovered":567.0,"deaths":2.0},{"date":"2021-03-21","cases_positive":823.0,"tests_conducted":79714.0,"positivity_rate":1.03,"cases_recovered":613.0,"deaths":1.0},{"date":"2021-03-22","cases_positive":888.0,"tests_conducted":67418.0,"positivity_rate":1.32,"cases_recovered":565.0,"deaths":7.0},{"date":"2021-03-23","cases_positive":1101.0,"tests_conducted":84237.0,"positivity_rate":1.31,"cases_recovered":620.0,"deaths":4.0},{"date":"2021-03-24","cases_positive":1254.0,"tests_conducted":82331.0,"positivity_rate":1.52,"cases_recovered":769.0,"deaths":6.0},{"date":"2021-03-25","cases_positive":1515.0,"tests_conducted":89836.0,"positivity_rate":1.69,"cases_recovered":903.0,"deaths":5.0},{"date":"2021-03-26","cases_positive":1534.0,"tests_conducted":85092.0,"positivity_rate":1.8,"cases_recovered":971.0,"deaths":9.0},{"date":"2021-03-27","cases_positive":1558.0,"tests_conducted":91703.0,"positivity_rate":1.7,"cases_recovered":974.0,"deaths":10.0},{"date":"2021-03-28","cases_positive":1881.0,"tests_conducted":79936.0,"positivity_rate":2.35,"cases_recovered":952.0,"deaths":9.0},{"date":"2021-03-29","cases_positive":1904.0,"tests_conducted":68805.0,"positivity_rate":2.77,"cases_recovered":1411.0,"deaths":6.0},{"date":"2021-03-30","cases_positive":992.0,"tests_conducted":36757.0,"positivity_rate":2.7,"cases_recovered":1591.0,"deaths":4.0},{"date":"2021-03-31","cases_positive":1819.0,"tests_conducted":67070.0,"positivity_rate":2.71,"cases_recovered":399.0,"deaths":11.0},{"date":"2021-04-01","cases_positive":2790.0,"tests_conducted":78073.0,"positivity_rate":3.57,"cases_recovered":1121.0,"deaths":9.0},{"date":"2021-04-02","cases_positive":3594.0,"tests_conducted":87505.0,"positivity_rate":4.11,"cases_recovered":2084.0,"deaths":14.0},{"date":"2021-04-03","cases_positive":3567.0,"tests_conducted":79617.0,"positivity_rate":4.48,"cases_recovered":2904.0,"deaths":10.0},{"date":"2021-04-04","cases_positive":4033.0,"tests_conducted":86899.0,"positivity_rate":4.64,"cases_recovered":2677.0,"deaths":21.0},{"date":"2021-04-05","cases_positive":3548.0,"tests_conducted":64003.0,"positivity_rate":5.54,"cases_recovered":2936.0,"deaths":15.0},{"date":"2021-04-06","cases_positive":5100.0,"tests_conducted":103453.0,"positivity_rate":4.93,"cases_recovered":2340.0,"deaths":17.0},{"date":"2021-04-07","cases_positive":5506.0,"tests_conducted":90201.0,"positivity_rate":6.1,"cases_recovered":3363.0,"deaths":20.0},{"date":"2021-04-08","cases_positive":7437.0,"tests_conducted":91770.0,"positivity_rate":8.1,"cases_recovered":3687.0,"deaths":24.0},{"date":"2021-04-09","cases_positive":8521.0,"tests_conducted":109398.0,"positivity_rate":7.79,"cases_recovered":5032.0,"deaths":39.0},{"date":"2021-04-10","cases_positive":7897.0,"tests_conducted":77374.0,"positivity_rate":10.21,"cases_recovered":5716.0,"deaths":39.0},{"date":"2021-04-11","cases_positive":10774.0,"tests_conducted":114288.0,"positivity_rate":9.43,"cases_recovered":5158.0,"deaths":48.0},{"date":"2021-04-12","cases_positive":11491.0,"tests_conducted":92397.0,"positivity_rate":12.44,"cases_recovered":7665.0,"deaths":72.0},{"date":"2021-04-13","cases_positive":13468.0,"tests_conducted":102460.0,"positivity_rate":13.14,"cases_recovered":7972.0,"deaths":81.0},{"date":"2021-04-14","cases_positive":null,"tests_conducted":null,"positivity_rate":null,"cases_recovered":null,"deaths":null},{"date":"2021-04-15","cases_positive":16699.0,"tests_conducted":82569.0,"positivity_rate":20.22,"cases_recovered":13014.0,"deaths":112.0},{"date":"2021-04-16","cases_positive":null,"tests_conducted":null,"positivity_rate":null,"cases_recovered":null,"deaths":null},{"date":"2021-04-17","cases_positive":null,"tests_conducted":null,"positivity_rate":null,"cases_recovered":null,"deaths":null},{"date":"2021-04-18","cases_positive":25462.0,"tests_conducted":85620.0,"positivity_rate":29.74,"cases_recovered":20159.0,"deaths":161.0},{"date":"2021-04-19","cases_positive":null,"tests_conducted":null,"positivity_rate":null,"cases_recovered":null,"deaths":null},{"date":"2021-04-20","cases_positive":null,"tests_conducted":null,"positivity_rate":null,"cases_recovered":null,"deaths":null},{"date":"2021-04-21","cases_positive":24638.0,"tests_conducted":78768.0,"positivity_rate":31.28,"cases_recovered":24600.0,"deaths":249.0},{"date":"2021-04-22","cases_positive":26169.0,"tests_conducted":72208.0,"positivity_rate":36.24,"cases_recovered":19609.0,"deaths":306.0},{"date":"2021-04-23","cases_positive":24331.0,"tests_conducted":75037.0,"positivity_rate":32.43,"cases_recovered":23572.0,"deaths":348.0},{"date":"2021-04-24","cases_positive":24103.0,"tests_conducted":74702.0,"positivity_rate":32.27,"cases_recovered":22695.0,"deaths":357.0},{"date":"2021-04-25","cases_positive":22933.0,"tests_conducted":75912.0,"positivity_rate":30.21,"cases_recovered":21071.0,"deaths":350.0},{"date":"2021-04-26","cases_positive":20201.0,"tests_conducted":57690.0,"positivity_rate":35.02,"cases_recovered":22055.0,"deaths":380.0},{"date":"2021-04-27","cases_positive":24149.0,"tests_conducted":73811.0,"positivity_rate":32.72,"cases_recovered":17862.0,"deaths":381.0},{"date":"2021-04-28","cases_positive":25986.0,"tests_conducted":81829.0,"positivity_rate":31.76,"cases_recovered":24130.0,"deaths":368.0},{"date":"2021-04-29","cases_positive":null,"tests_conducted":null,"positivity_rate":null,"cases_recovered":null,"deaths":null},{"date":"2021-04-30","cases_positive":27047.0,"tests_conducted":82745.0,"positivity_rate":32.69,"cases_recovered":25288.0,"deaths":375.0},{"date":"2021-05-01","cases_positive":25219.0,"tests_conducted":79780.0,"positivity_rate":31.61,"cases_recovered":27421.0,"deaths":412.0},{"date":"2021-05-02","cases_positive":20394.0,"tests_conducted":71997.0,"positivity_rate":28.33,"cases_recovered":24444.0,"deaths":407.0},{"date":"2021-05-03","cases_positive":null,"tests_conducted":null,"positivity_rate":null,"cases_recovered":null,"deaths":null},{"date":"2021-05-04","cases_positive":19953.0,"tests_conducted":74654.0,"positivity_rate":26.73,"cases_recovered":18788.0,"deaths":338.0},{"date":"2021-05-05","cases_positive":20960.0,"tests_conducted":79491.0,"positivity_rate":26.37,"cases_recovered":19209.0,"deaths":311.0},{"date":"2021-05-06","cases_positive":19133.0,"tests_conducted":78780.0,"positivity_rate":24.29,"cases_recovered":20028.0,"deaths":335.0},{"date":"2021-05-07","cases_positive":19832.0,"tests_conducted":79593.0,"positivity_rate":24.92,"cases_recovered":19085.0,"deaths":341.0},{"date":"2021-05-08","cases_positive":17364.0,"tests_conducted":74384.0,"positivity_rate":23.34,"cases_recovered":20160.0,"deaths":332.0},{"date":"2021-05-09","cases_positive":13336.0,"tests_conducted":61552.0,"positivity_rate":21.67,"cases_recovered":14738.0,"deaths":273.0},{"date":"2021-05-10","cases_positive":12651.0,"tests_conducted":66234.0,"positivity_rate":19.1,"cases_recovered":13306.0,"deaths":319.0},{"date":"2021-05-11","cases_positive":12481.0,"tests_conducted":70276.0,"positivity_rate":17.76,"cases_recovered":13583.0,"deaths":347.0},{"date":"2021-05-12","cases_positive":13287.0,"tests_conducted":78035.0,"positivity_rate":17.03,"cases_recovered":14071.0,"deaths":300.0},{"date":"2021-05-13","cases_positive":null,"tests_conducted":null,"positivity_rate":null,"cases_recovered":null,"deaths":null},{"date":"2021-05-14","cases_positive":8506.0,"tests_conducted":68575.0,"positivity_rate":12.4,"cases_recovered":14140.0,"deaths":289.0},{"date":"2021-05-15","cases_positive":6430.0,"tests_conducted":56811.0,"positivity_rate":11.32,"cases_recovered":11592.0,"deaths":337.0},{"date":"2021-05-16","cases_positive":6456.0,"tests_conducted":62059.0,"positivity_rate":10.4,"cases_recovered":9706.0,"deaths":262.0},{"date":"2021-05-17","cases_positive":4524.0,"tests_conducted":53756.0,"positivity_rate":8.42,"cases_recovered":10918.0,"deaths":340.0},{"date":"2021-05-18","cases_positive":4482.0,"tests_conducted":65004.0,"positivity_rate":6.89,"cases_recovered":9403.0,"deaths":265.0},{"date":"2021-05-19","cases_positive":3846.0,"tests_conducted":66573.0,"positivity_rate":5.78,"cases_recovered":9427.0,"deaths":235.0},{"date":"2021-05-20","cases_positive":3231.0,"tests_conducted":58744.0,"positivity_rate":5.5,"cases_recovered":7831.0,"deaths":233.0},{"date":"2021-05-21","cases_positive":3009.0,"tests_conducted":63190.0,"positivity_rate":4.76,"cases_recovered":7288.0,"deaths":252.0},{"date":"2021-05-22","cases_positive":2260.0,"tests_conducted":63155.0,"positivity_rate":3.58,"cases_recovered":6453.0,"deaths":182.0},{"date":"2021-05-23","cases_positive":1649.0,"tests_conducted":68043.0,"positivity_rate":2.42,"cases_recovered":5158.0,"deaths":189.0},{"date":"2021-05-24","cases_positive":1550.0,"tests_conducted":61506.0,"positivity_rate":2.52,"cases_recovered":4375.0,"deaths":207.0},{"date":"2021-05-25","cases_positive":1568.0,"tests_conducted":73406.0,"positivity_rate":2.14,"cases_recovered":4251.0,"deaths":156.0},{"date":"2021-05-26","cases_positive":null,"tests_conducted":null,"positivity_rate":null,"cases_recovered":null,"deaths":null},{"date":"2021-05-27","cases_positive":1072.0,"tests_conducted":70068.0,"positivity_rate":1.53,"cases_recovered":3725.0,"deaths":117.0},{"date":"2021-05-28","cases_positive":1141.0,"tests_conducted":71853.0,"positivity_rate":1.59,"cases_recovered":2799.0,"deaths":139.0},{"date":"2021-05-29","cases_positive":956.0,"tests_conducted":80473.0,"positivity_rate":1.19,"cases_recovered":2380.0,"deaths":122.0},{"date":"2021-05-30","cases_positive":null,"tests_conducted":null,"positivity_rate":null,"cases_recovered":null,"deaths":null},{"date":"2021-05-31","cases_positive":648.0,"tests_conducted":65240.0,"positivity_rate":0.99,"cases_recovered":1622.0,"deaths":86.0},{"date":"2021-06-01","cases_positive":623.0,"tests_conducted":70813.0,"positivity_rate":0.88,"cases_recovered":1423.0,"deaths":62.0},{"date":"2021-06-02","cases_positive":576.0,"tests_conducted":73451.0,"positivity_rate":0.78,"cases_recovered":1287.0,"deaths":103.0},{"date":"2021-06-03","cases_positive":487.0,"tests_conducted":80046.0,"positivity_rate":0.61,"cases_recovered":1058.0,"deaths":45.0},{"date":"2021-06-04","cases_positive":523.0,"tests_conducted":77174.0,"positivity_rate":0.68,"cases_recovered":1161.0,"deaths":50.0},{"date":"2021-06-05","cases_positive":414.0,"tests_conducted":77694.0,"positivity_rate":0.53,"cases_recovered":1683.0,"deaths":60.0},{"date":"2021-06-06","cases_positive":381.0,"tests_conducted":76857.0,"positivity_rate":0.5,"cases_recovered":1189.0,"deaths":34.0},{"date":"2021-06-07","cases_positive":231.0,"tests_conducted":63610.0,"positivity_rate":0.36,"cases_recovered":876.0,"deaths":36.0},{"date":"2021-06-08","cases_positive":316.0,"tests_conducted":71879.0,"positivity_rate":0.44,"cases_recovered":521.0,"deaths":41.0},{"date":"2021-06-09","cases_positive":null,"tests_conducted":null,"positivity_rate":null,"cases_recovered":null,"deaths":null},{"date":"2021-06-10","cases_positive":305.0,"tests_conducted":75133.0,"positivity_rate":0.41,"cases_recovered":560.0,"deaths":44.0},{"date":"2021-06-11","cases_positive":238.0,"tests_conducted":77112.0,"positivity_rate":0.31,"cases_recovered":504.0,"deaths":24.0},{"date":"2021-06-12","cases_positive":213.0,"tests_conducted":71513.0,"positivity_rate":0.3,"cases_recovered":497.0,"deaths":28.0},{"date":"2021-06-13","cases_positive":255.0,"tests_conducted":72751.0,"positivity_rate":0.35,"cases_recovered":376.0,"deaths":23.0},{"date":"2021-06-14","cases_positive":131.0,"tests_conducted":59556.0,"positivity_rate":0.22,"cases_recovered":355.0,"deaths":16.0},{"date":"2021-06-15","cases_positive":228.0,"tests_conducted":71291.0,"positivity_rate":0.32,"cases_recovered":364.0,"deaths":12.0},{"date":"2021-06-16","cases_positive":212.0,"tests_conducted":77891.0,"positivity_rate":0.27,"cases_recovered":516.0,"deaths":25.0},{"date":"2021-06-17","cases_positive":158.0,"tests_conducted":77542.0,"positivity_rate":0.2,"cases_recovered":343.0,"deaths":10.0},{"date":"2021-06-18","cases_positive":165.0,"tests_conducted":76480.0,"positivity_rate":0.22,"cases_recovered":260.0,"deaths":14.0},{"date":"2021-06-19","cases_positive":135.0,"tests_conducted":75687.0,"positivity_rate":0.18,"cases_recovered":201.0,"deaths":7.0},{"date":"2021-06-20","cases_positive":124.0,"tests_conducted":72670.0,"positivity_rate":0.17,"cases_recovered":398.0,"deaths":7.0},{"date":"2021-06-21","cases_positive":null,"tests_conducted":null,"positivity_rate":null,"cases_recovered":null,"deaths":null},{"date":"2021-06-25","cases_positive":115.0,"tests_conducted":77477.0,"positivity_rate":0.15,"cases_recovered":198.0,"deaths":4.0},{"date":"2021-06-26","cases_positive":85.0,"tests_conducted":72920.0,"positivity_rate":0.12,"cases_recovered":158.0,"deaths":9.0},{"date":"2021-06-27","cases_positive":89.0,"tests_conducted":74198.0,"positivity_rate":0.12,"cases_recovered":285.0,"deaths":4.0},{"date":"2021-06-28","cases_positive":59.0,"tests_conducted":58895.0,"positivity_rate":0.1,"cases_recovered":72.0,"deaths":2.0},{"date":"2021-06-29","cases_positive":101.0,"tests_conducted":66397.0,"positivity_rate":0.15,"cases_recovered":119.0,"deaths":4.0},{"date":"2021-06-30","cases_positive":94.0,"tests_conducted":79935.0,"positivity_rate":0.12,"cases_recovered":240.0,"deaths":6.0},{"date":"2021-07-01","cases_positive":93.0,"tests_conducted":76468.0,"positivity_rate":0.12,"cases_recovered":111.0,"deaths":4.0},{"date":"2021-07-02","cases_positive":93.0,"tests_conducted":73565.0,"positivity_rate":0.13,"cases_recovered":407.0,"deaths":2.0},{"date":"2021-07-03","cases_positive":86.0,"tests_conducted":76619.0,"positivity_rate":0.11,"cases_recovered":106.0,"deaths":5.0},{"date":"2021-07-04","cases_positive":null,"tests_conducted":null,"positivity_rate":null,"cases_recovered":null,"deaths":null},{"date":"2021-07-05","cases_positive":54.0,"tests_conducted":61405.0,"positivity_rate":0.09,"cases_recovered":132.0,"deaths":2.0},{"date":"2021-07-06","cases_positive":79.0,"tests_conducted":69866.0,"positivity_rate":0.11,"cases_recovered":154.0,"deaths":4.0},{"date":"2021-07-07","cases_positive":93.0,"tests_conducted":78582.0,"positivity_rate":0.12,"cases_recovered":64.0,"deaths":4.0},{"date":"2021-07-08","cases_positive":93.0,"tests_conducted":77979.0,"positivity_rate":0.12,"cases_recovered":101.0,"deaths":3.0},{"date":"2021-07-09","cases_positive":81.0,"tests_conducted":73192.0,"positivity_rate":0.11,"cases_recovered":127.0,"deaths":3.0},{"date":"2021-07-10","cases_positive":76.0,"tests_conducted":81451.0,"positivity_rate":0.09,"cases_recovered":81.0,"deaths":1.0},{"date":"2021-07-11","cases_positive":53.0,"tests_conducted":76823.0,"positivity_rate":0.07,"cases_recovered":99.0,"deaths":3.0},{"date":"2021-07-12","cases_positive":45.0,"tests_conducted":55019.0,"positivity_rate":0.08,"cases_recovered":92.0,"deaths":3.0},{"date":"2021-07-13","cases_positive":76.0,"tests_conducted":67764.0,"positivity_rate":0.11,"cases_recovered":84.0,"deaths":2.0},{"date":"2021-07-14","cases_positive":77.0,"tests_conducted":76095.0,"positivity_rate":0.1,"cases_recovered":71.0,"deaths":1.0},{"date":"2021-07-15","cases_positive":72.0,"tests_conducted":69212.0,"positivity_rate":0.1,"cases_recovered":88.0,"deaths":1.0},{"date":"2021-07-16","cases_positive":66.0,"tests_conducted":76459.0,"positivity_rate":0.09,"cases_recovered":79.0,"deaths":1.0},{"date":"2021-07-17","cases_positive":59.0,"tests_conducted":76421.0,"positivity_rate":0.08,"cases_recovered":91.0,"deaths":4.0},{"date":"2021-07-18","cases_positive":51.0,"tests_conducted":71546.0,"positivity_rate":0.07,"cases_recovered":80.0,"deaths":0.0},{"date":"2021-07-19","cases_positive":36.0,"tests_conducted":59410.0,"positivity_rate":0.06,"cases_recovered":58.0,"deaths":3.0},{"date":"2021-07-20","cases_positive":44.0,"tests_conducted":63019.0,"positivity_rate":0.07,"cases_recovered":37.0,"deaths":5.0},{"date":"2021-07-21","cases_positive":62.0,"tests_conducted":65811.0,"positivity_rate":0.09,"cases_recovered":61.0,"deaths":4.0},{"date":"2021-07-22","cases_positive":49.0,"tests_conducted":58502.0,"positivity_rate":0.08,"cases_recovered":29.0,"deaths":1.0},{"date":"2021-07-23","cases_positive":58.0,"tests_conducted":67817.0,"positivity_rate":0.09,"cases_recovered":69.0,"deaths":1.0},{"date":"2021-07-24","cases_positive":66.0,"tests_conducted":76308.0,"positivity_rate":0.09,"cases_recovered":52.0,"deaths":0.0},{"date":"2021-07-25","cases_positive":66.0,"tests_conducted":70758.0,"positivity_rate":0.09,"cases_recovered":72.0,"deaths":2.0},{"date":"2021-07-26","cases_positive":39.0,"tests_conducted":56435.0,"positivity_rate":0.07,"cases_recovered":80.0,"deaths":1.0},{"date":"2021-07-27","cases_positive":77.0,"tests_conducted":70248.0,"positivity_rate":0.11,"cases_recovered":42.0,"deaths":2.0},{"date":"2021-07-28","cases_positive":67.0,"tests_conducted":73392.0,"positivity_rate":0.09,"cases_recovered":61.0,"deaths":3.0},{"date":"2021-07-29","cases_positive":51.0,"tests_conducted":67368.0,"positivity_rate":0.08,"cases_recovered":70.0,"deaths":0.0},{"date":"2021-07-30","cases_positive":63.0,"tests_conducted":70111.0,"positivity_rate":0.09,"cases_recovered":34.0,"deaths":3.0},{"date":"2021-07-31","cases_positive":58.0,"tests_conducted":70355.0,"positivity_rate":0.08,"cases_recovered":56.0,"deaths":1.0},{"date":"2021-08-01","cases_positive":85.0,"tests_conducted":72447.0,"positivity_rate":0.12,"cases_recovered":83.0,"deaths":1.0},{"date":"2021-08-02","cases_positive":51.0,"tests_conducted":53728.0,"positivity_rate":0.09,"cases_recovered":95.0,"deaths":0.0},{"date":"2021-08-03","cases_positive":50.0,"tests_conducted":64276.0,"positivity_rate":0.08,"cases_recovered":65.0,"deaths":4.0},{"date":"2021-08-04","cases_positive":67.0,"tests_conducted":72965.0,"positivity_rate":0.09,"cases_recovered":73.0,"deaths":0.0},{"date":"2021-08-05","cases_positive":61.0,"tests_conducted":72518.0,"positivity_rate":0.08,"cases_recovered":54.0,"deaths":2.0},{"date":"2021-08-06","cases_positive":44.0,"tests_conducted":79168.0,"positivity_rate":0.06,"cases_recovered":41.0,"deaths":5.0},{"date":"2021-08-07","cases_positive":72.0,"tests_conducted":73681.0,"positivity_rate":0.1,"cases_recovered":22.0,"deaths":1.0},{"date":"2021-08-08","cases_positive":66.0,"tests_conducted":67316.0,"positivity_rate":0.1,"cases_recovered":95.0,"deaths":0.0},{"date":"2021-08-09","cases_positive":39.0,"tests_conducted":46447.0,"positivity_rate":0.08,"cases_recovered":76.0,"deaths":1.0},{"date":"2021-08-10","cases_positive":52.0,"tests_conducted":65123.0,"positivity_rate":0.08,"cases_recovered":45.0,"deaths":1.0},{"date":"2021-08-11","cases_positive":37.0,"tests_conducted":66886.0,"positivity_rate":0.06,"cases_recovered":47.0,"deaths":0.0},{"date":"2021-08-12","cases_positive":null,"tests_conducted":null,"positivity_rate":null,"cases_recovered":null,"deaths":null},{"date":"2021-08-13","cases_positive":50.0,"tests_conducted":73324.0,"positivity_rate":0.07,"cases_recovered":84.0,"deaths":0.0},{"date":"2021-08-14","cases_positive":50.0,"tests_conducted":70512.0,"positivity_rate":0.07,"cases_recovered":39.0,"deaths":1.0},{"date":"2021-08-15","cases_positive":53.0,"tests_conducted":65007.0,"positivity_rate":0.08,"cases_recovered":18.0,"deaths":0.0},{"date":"2021-08-16","cases_positive":27.0,"tests_conducted":39587.0,"positivity_rate":0.07,"cases_recovered":73.0,"deaths":0.0},{"date":"2021-08-17","cases_positive":38.0,"tests_conducted":53345.0,"positivity_rate":0.07,"cases_recovered":30.0,"deaths":4.0},{"date":"2021-08-18","cases_positive":36.0,"tests_conducted":66445.0,"positivity_rate":0.05,"cases_recovered":76.0,"deaths":4.0},{"date":"2021-08-19","cases_positive":25.0,"tests_conducted":69160.0,"positivity_rate":0.04,"cases_recovered":2.0,"deaths":2.0},{"date":"2021-08-20","cases_positive":57.0,"tests_conducted":73718.0,"positivity_rate":0.08,"cases_recovered":46.0,"deaths":0.0},{"date":"2021-08-21","cases_positive":19.0,"tests_conducted":59740.0,"positivity_rate":0.03,"cases_recovered":48.0,"deaths":0.0},{"date":"2021-08-22","cases_positive":24.0,"tests_conducted":53624.0,"positivity_rate":0.04,"cases_recovered":56.0,"deaths":0.0},{"date":"2021-08-23","cases_positive":17.0,"tests_conducted":46251.0,"positivity_rate":0.04,"cases_recovered":41.0,"deaths":0.0},{"date":"2021-08-24","cases_positive":39.0,"tests_conducted":64810.0,"positivity_rate":0.06,"cases_recovered":114.0,"deaths":0.0},{"date":"2021-08-25","cases_positive":35.0,"tests_conducted":73511.0,"positivity_rate":0.05,"cases_recovered":86.0,"deaths":1.0},{"date":"2021-08-26","cases_positive":45.0,"tests_conducted":72153.0,"positivity_rate":0.06,"cases_recovered":21.0,"deaths":0.0},{"date":"2021-08-27","cases_positive":46.0,"tests_conducted":74649.0,"positivity_rate":0.06,"cases_recovered":62.0,"deaths":0.0},{"date":"2021-08-28","cases_positive":29.0,"tests_conducted":72434.0,"positivity_rate":0.04,"cases_recovered":48.0,"deaths":0.0},{"date":"2021-08-29","cases_positive":31.0,"tests_conducted":71634.0,"positivity_rate":0.04,"cases_recovered":32.0,"deaths":0.0},{"date":"2021-08-30","cases_positive":20.0,"tests_conducted":51387.0,"positivity_rate":0.04,"cases_recovered":36.0,"deaths":1.0},{"date":"2021-08-31","cases_positive":28.0,"tests_conducted":55371.0,"positivity_rate":0.05,"cases_recovered":53.0,"deaths":1.0},{"date":"2021-09-01","cases_positive":36.0,"tests_conducted":59013.0,"positivity_rate":0.06,"cases_recovered":42.0,"deaths":0.0},{"date":"2021-09-02","cases_positive":39.0,"tests_conducted":60483.0,"positivity_rate":0.06,"cases_recovered":38.0,"deaths":0.0},{"date":"2021-09-03","cases_positive":35.0,"tests_conducted":63812.0,"positivity_rate":0.05,"cases_recovered":17.0,"deaths":0.0},{"date":"2021-09-04","cases_positive":55.0,"tests_conducted":70303.0,"positivity_rate":0.08,"cases_recovered":63.0,"deaths":0.0},{"date":"2021-09-05","cases_positive":30.0,"tests_conducted":65365.0,"positivity_rate":0.05,"cases_recovered":33.0,"deaths":0.0},{"date":"2021-09-06","cases_positive":32.0,"tests_conducted":54611.0,"positivity_rate":0.06,"cases_recovered":16.0,"deaths":0.0},{"date":"2021-09-07","cases_positive":50.0,"tests_conducted":69932.0,"positivity_rate":0.07,"cases_recovered":30.0,"deaths":1.0},{"date":"2021-09-08","cases_positive":41.0,"tests_conducted":75079.0,"positivity_rate":0.05,"cases_recovered":13.0,"deaths":0.0},{"date":"2021-09-09","cases_positive":36.0,"tests_conducted":79003.0,"positivity_rate":0.05,"cases_recovered":35.0,"deaths":0.0},{"date":"2021-09-10","cases_positive":36.0,"tests_conducted":76883.0,"positivity_rate":0.05,"cases_recovered":52.0,"deaths":0.0},{"date":"2021-09-11","cases_positive":35.0,"tests_conducted":74540.0,"positivity_rate":0.05,"cases_recovered":44.0,"deaths":0.0},{"date":"2021-09-12","cases_positive":22.0,"tests_conducted":61968.0,"positivity_rate":0.04,"cases_recovered":44.0,"deaths":0.0},{"date":"2021-09-14","cases_positive":38.0,"tests_conducted":70308.0,"positivity_rate":0.05,"cases_recovered":15.0,"deaths":0.0},{"date":"2021-09-15","cases_positive":57.0,"tests_conducted":74199.0,"positivity_rate":0.08,"cases_recovered":53.0,"deaths":0.0},{"date":"2021-09-16","cases_positive":28.0,"tests_conducted":72481.0,"positivity_rate":0.04,"cases_recovered":22.0,"deaths":1.0},{"date":"2021-09-17","cases_positive":33.0,"tests_conducted":74099.0,"positivity_rate":0.04,"cases_recovered":56.0,"deaths":1.0},{"date":"2021-09-18","cases_positive":41.0,"tests_conducted":68624.0,"positivity_rate":0.06,"cases_recovered":44.0,"deaths":0.0},{"date":"2021-09-19","cases_positive":28.0,"tests_conducted":63302.0,"positivity_rate":0.04,"cases_recovered":45.0,"deaths":0.0},{"date":"2021-09-20","cases_positive":20.0,"tests_conducted":47845.0,"positivity_rate":0.04,"cases_recovered":28.0,"deaths":0.0},{"date":"2021-09-21","cases_positive":39.0,"tests_conducted":66278.0,"positivity_rate":0.06,"cases_recovered":18.0,"deaths":0.0},{"date":"2021-09-22","cases_positive":30.0,"tests_conducted":70651.0,"positivity_rate":0.04,"cases_recovered":19.0,"deaths":0.0},{"date":"2021-09-23","cases_positive":48.0,"tests_conducted":70533.0,"positivity_rate":0.07,"cases_recovered":26.0,"deaths":0.0},{"date":"2021-09-24","cases_positive":24.0,"tests_conducted":69465.0,"positivity_rate":0.03,"cases_recovered":66.0,"deaths":0.0},{"date":"2021-09-25","cases_positive":27.0,"tests_conducted":68498.0,"positivity_rate":0.04,"cases_recovered":39.0,"deaths":0.0},{"date":"2021-09-26","cases_positive":29.0,"tests_conducted":62546.0,"positivity_rate":0.05,"cases_recovered":37.0,"deaths":0.0},{"date":"2021-09-27","cases_positive":32.0,"tests_conducted":50367.0,"positivity_rate":0.06,"cases_recovered":37.0,"deaths":0.0},{"date":"2021-09-28","cases_positive":34.0,"tests_conducted":65101.0,"positivity_rate":0.05,"cases_recovered":25.0,"deaths":2.0},{"date":"2021-09-29","cases_positive":41.0,"tests_conducted":71983.0,"positivity_rate":0.06,"cases_recovered":22.0,"deaths":0.0},{"date":"2021-09-30","cases_positive":47.0,"tests_conducted":72386.0,"positivity_rate":0.06,"cases_recovered":39.0,"deaths":0.0},{"date":"2021-10-01","cases_positive":32.0,"tests_conducted":68308.0,"positivity_rate":0.05,"cases_recovered":23.0,"deaths":0.0},{"date":"2021-10-02","cases_positive":33.0,"tests_conducted":68362.0,"positivity_rate":0.05,"cases_recovered":58.0,"deaths":1.0},{"date":"2021-10-03","cases_positive":33.0,"tests_conducted":50631.0,"positivity_rate":0.07,"cases_recovered":30.0,"deaths":0.0},{"date":"2021-10-04","cases_positive":34.0,"tests_conducted":34038.0,"positivity_rate":0.1,"cases_recovered":22.0,"deaths":0.0},{"date":"2021-10-05","cases_positive":27.0,"tests_conducted":55537.0,"positivity_rate":0.05,"cases_recovered":76.0,"deaths":0.0},{"date":"2021-10-06","cases_positive":26.0,"tests_conducted":66682.0,"positivity_rate":0.04,"cases_recovered":21.0,"deaths":0.0},{"date":"2021-10-07","cases_positive":44.0,"tests_conducted":64079.0,"positivity_rate":0.07,"cases_recovered":15.0,"deaths":0.0},{"date":"2021-10-08","cases_positive":39.0,"tests_conducted":67206.0,"positivity_rate":0.06,"cases_recovered":23.0,"deaths":0.0},{"date":"2021-10-09","cases_positive":30.0,"tests_conducted":62450.0,"positivity_rate":0.05,"cases_recovered":52.0,"deaths":0.0},{"date":"2021-10-10","cases_positive":29.0,"tests_conducted":58989.0,"positivity_rate":0.05,"cases_recovered":58.0,"deaths":1.0},{"date":"2021-10-11","cases_positive":23.0,"tests_conducted":46843.0,"positivity_rate":0.05,"cases_recovered":1.0,"deaths":0.0},{"date":"2021-10-12","cases_positive":34.0,"tests_conducted":61094.0,"positivity_rate":0.06,"cases_recovered":38.0,"deaths":0.0},{"date":"2021-10-13","cases_positive":31.0,"tests_conducted":65548.0,"positivity_rate":0.05,"cases_recovered":58.0,"deaths":0.0},{"date":"2021-10-14","cases_positive":28.0,"tests_conducted":61012.0,"positivity_rate":0.05,"cases_recovered":29.0,"deaths":0.0},{"date":"2021-10-15","cases_positive":26.0,"tests_conducted":59653.0,"positivity_rate":0.04,"cases_recovered":36.0,"deaths":0.0},{"date":"2021-10-16","cases_positive":21.0,"tests_conducted":48870.0,"positivity_rate":0.04,"cases_recovered":22.0,"deaths":0.0},{"date":"2021-10-17","cases_positive":32.0,"tests_conducted":44867.0,"positivity_rate":0.07,"cases_recovered":38.0,"deaths":0.0},{"date":"2021-10-18","cases_positive":15.0,"tests_conducted":44739.0,"positivity_rate":0.03,"cases_recovered":37.0,"deaths":0.0},{"date":"2021-10-19","cases_positive":36.0,"tests_conducted":58729.0,"positivity_rate":0.06,"cases_recovered":11.0,"deaths":1.0},{"date":"2021-10-20","cases_positive":25.0,"tests_conducted":56293.0,"positivity_rate":0.04,"cases_recovered":37.0,"deaths":0.0},{"date":"2021-10-21","cases_positive":22.0,"tests_conducted":42563.0,"positivity_rate":0.05,"cases_recovered":21.0,"deaths":0.0},{"date":"2021-10-22","cases_positive":38.0,"tests_conducted":55909.0,"positivity_rate":0.07,"cases_recovered":8.0,"deaths":1.0},{"date":"2021-10-23","cases_positive":40.0,"tests_conducted":61152.0,"positivity_rate":0.07,"cases_recovered":46.0,"deaths":0.0},{"date":"2021-10-24","cases_positive":37.0,"tests_conducted":60704.0,"positivity_rate":0.06,"cases_recovered":51.0,"deaths":0.0},{"date":"2021-10-25","cases_positive":27.0,"tests_conducted":46667.0,"positivity_rate":0.06,"cases_recovered":40.0,"deaths":0.0},{"date":"2021-10-26","cases_positive":41.0,"tests_conducted":50202.0,"positivity_rate":0.08,"cases_recovered":25.0,"deaths":0.0},{"date":"2021-10-27","cases_positive":38.0,"tests_conducted":59909.0,"positivity_rate":0.06,"cases_recovered":13.0,"deaths":0.0},{"date":"2021-10-28","cases_positive":42.0,"tests_conducted":63174.0,"positivity_rate":0.07,"cases_recovered":45.0,"deaths":0.0},{"date":"2021-10-29","cases_positive":37.0,"tests_conducted":59293.0,"positivity_rate":0.06,"cases_recovered":48.0,"deaths":0.0},{"date":"2021-10-30","cases_positive":37.0,"tests_conducted":59090.0,"positivity_rate":0.06,"cases_recovered":22.0,"deaths":0.0},{"date":"2021-10-31","cases_positive":45.0,"tests_conducted":56751.0,"positivity_rate":0.08,"cases_recovered":46.0,"deaths":0.0},{"date":"2021-11-01","cases_positive":18.0,"tests_conducted":40990.0,"positivity_rate":0.04,"cases_recovered":49.0,"deaths":0.0},{"date":"2021-11-02","cases_positive":34.0,"tests_conducted":48831.0,"positivity_rate":0.07,"cases_recovered":42.0,"deaths":0.0},{"date":"2021-11-03","cases_positive":41.0,"tests_conducted":52791.0,"positivity_rate":0.08,"cases_recovered":30.0,"deaths":0.0},{"date":"2021-11-04","cases_positive":40.0,"tests_conducted":51256.0,"positivity_rate":0.08,"cases_recovered":57.0,"deaths":0.0},{"date":"2021-11-05","cases_positive":32.0,"tests_conducted":22603.0,"positivity_rate":0.14,"cases_recovered":7.0,"deaths":0.0},{"date":"2021-11-06","cases_positive":36.0,"tests_conducted":34554.0,"positivity_rate":0.1,"cases_recovered":13.0,"deaths":0.0},{"date":"2021-11-07","cases_positive":47.0,"tests_conducted":43337.0,"positivity_rate":0.11,"cases_recovered":33.0,"deaths":0.0},{"date":"2021-11-08","cases_positive":25.0,"tests_conducted":41304.0,"positivity_rate":0.06,"cases_recovered":48.0,"deaths":0.0},{"date":"2021-11-09","cases_positive":33.0,"tests_conducted":51130.0,"positivity_rate":0.06,"cases_recovered":26.0,"deaths":0.0},{"date":"2021-11-10","cases_positive":54.0,"tests_conducted":57900.0,"positivity_rate":0.09,"cases_recovered":15.0,"deaths":0.0},{"date":"2021-11-11","cases_positive":40.0,"tests_conducted":49912.0,"positivity_rate":0.08,"cases_recovered":61.0,"deaths":0.0},{"date":"2021-11-12","cases_positive":62.0,"tests_conducted":49874.0,"positivity_rate":0.12,"cases_recovered":56.0,"deaths":2.0},{"date":"2021-11-13","cases_positive":56.0,"tests_conducted":58483.0,"positivity_rate":0.1,"cases_recovered":66.0,"deaths":0.0},{"date":"2021-11-14","cases_positive":36.0,"tests_conducted":54161.0,"positivity_rate":0.07,"cases_recovered":47.0,"deaths":1.0},{"date":"2021-11-15","cases_positive":16.0,"tests_conducted":37495.0,"positivity_rate":0.04,"cases_recovered":27.0,"deaths":1.0},{"date":"2021-11-16","cases_positive":44.0,"tests_conducted":52166.0,"positivity_rate":0.08,"cases_recovered":24.0,"deaths":0.0},{"date":"2021-11-17","cases_positive":44.0,"tests_conducted":59396.0,"positivity_rate":0.07,"cases_recovered":55.0,"deaths":0.0},{"date":"2021-11-18","cases_positive":47.0,"tests_conducted":59212.0,"positivity_rate":0.08,"cases_recovered":31.0,"deaths":0.0},{"date":"2021-11-19","cases_positive":30.0,"tests_conducted":56689.0,"positivity_rate":0.05,"cases_recovered":67.0,"deaths":0.0},{"date":"2021-11-20","cases_positive":32.0,"tests_conducted":54249.0,"positivity_rate":0.06,"cases_recovered":32.0,"deaths":0.0},{"date":"2021-11-21","cases_positive":29.0,"tests_conducted":49139.0,"positivity_rate":0.06,"cases_recovered":45.0,"deaths":0.0},{"date":"2021-11-22","cases_positive":26.0,"tests_conducted":40532.0,"positivity_rate":0.06,"cases_recovered":38.0,"deaths":0.0},{"date":"2021-11-23","cases_positive":27.0,"tests_conducted":49590.0,"positivity_rate":0.05,"cases_recovered":28.0,"deaths":0.0},{"date":"2021-11-24","cases_positive":35.0,"tests_conducted":54268.0,"positivity_rate":0.06,"cases_recovered":20.0,"deaths":0.0},{"date":"2021-11-25","cases_positive":30.0,"tests_conducted":55930.0,"positivity_rate":0.05,"cases_recovered":32.0,"deaths":0.0},{"date":"2021-11-26","cases_positive":23.0,"tests_conducted":58615.0,"positivity_rate":0.04,"cases_recovered":31.0,"deaths":0.0},{"date":"2021-11-27","cases_positive":32.0,"tests_conducted":53515.0,"positivity_rate":0.06,"cases_recovered":33.0,"deaths":1.0},{"date":"2021-11-28","cases_positive":32.0,"tests_conducted":53515.0,"positivity_rate":0.06,"cases_recovered":33.0,"deaths":1.0},{"date":"2021-11-29","cases_positive":39.0,"tests_conducted":59507.0,"positivity_rate":0.07,"cases_recovered":40.0,"deaths":0.0},{"date":"2021-11-30","cases_positive":41.0,"tests_conducted":63194.0,"positivity_rate":0.06,"cases_recovered":196.0,"deaths":0.0},{"date":"2021-12-01","cases_positive":39.0,"tests_conducted":59507.0,"positivity_rate":0.07,"cases_recovered":40.0,"deaths":0.0},{"date":"2021-12-02","cases_positive":41.0,"tests_conducted":63194.0,"positivity_rate":0.06,"cases_recovered":196.0,"deaths":0.0},{"date":"2021-12-03","cases_positive":54.0,"tests_conducted":62221.0,"positivity_rate":0.09,"cases_recovered":29.0,"deaths":0.0},{"date":"2021-12-04","cases_positive":51.0,"tests_conducted":64826.0,"positivity_rate":0.08,"cases_recovered":61.0,"deaths":0.0},{"date":"2021-12-05","cases_positive":63.0,"tests_conducted":55711.0,"positivity_rate":0.11,"cases_recovered":15.0,"deaths":0.0},{"date":"2021-12-06","cases_positive":40.0,"tests_conducted":46481.0,"positivity_rate":0.09,"cases_recovered":65.0,"deaths":1.0},{"date":"2021-12-07","cases_positive":51.0,"tests_conducted":50023.0,"positivity_rate":0.1,"cases_recovered":19.0,"deaths":0.0},{"date":"2021-12-08","cases_positive":65.0,"tests_conducted":59429.0,"positivity_rate":0.11,"cases_recovered":36.0,"deaths":1.0},{"date":"2021-12-09","cases_positive":55.0,"tests_conducted":59890.0,"positivity_rate":0.09,"cases_recovered":73.0,"deaths":0.0},{"date":"2021-12-10","cases_positive":41.0,"tests_conducted":59763.0,"positivity_rate":0.07,"cases_recovered":57.0,"deaths":0.0},{"date":"2021-12-11","cases_positive":52.0,"tests_conducted":57144.0,"positivity_rate":0.09,"cases_recovered":37.0,"deaths":0.0},{"date":"2021-12-12","cases_positive":56.0,"tests_conducted":56274.0,"positivity_rate":0.1,"cases_recovered":44.0,"deaths":0.0},{"date":"2021-12-13","cases_positive":30.0,"tests_conducted":46169.0,"positivity_rate":0.06,"cases_recovered":34.0,"deaths":0.0},{"date":"2021-12-14","cases_positive":45.0,"tests_conducted":48120.0,"positivity_rate":0.09,"cases_recovered":31.0,"deaths":0.0},{"date":"2021-12-15","cases_positive":57.0,"tests_conducted":58328.0,"positivity_rate":0.1,"cases_recovered":36.0,"deaths":0.0},{"date":"2021-12-16","cases_positive":85.0,"tests_conducted":56027.0,"positivity_rate":0.15,"cases_recovered":38.0,"deaths":0.0},{"date":"2021-12-17","cases_positive":69.0,"tests_conducted":57298.0,"positivity_rate":0.12,"cases_recovered":78.0,"deaths":0.0},{"date":"2021-12-18","cases_positive":86.0,"tests_conducted":66096.0,"positivity_rate":0.13,"cases_recovered":68.0,"deaths":0.0},{"date":"2021-12-19","cases_positive":107.0,"tests_conducted":61905.0,"positivity_rate":0.17,"cases_recovered":50.0,"deaths":1.0},{"date":"2021-12-20","cases_positive":91.0,"tests_conducted":46193.0,"positivity_rate":0.2,"cases_recovered":100.0,"deaths":0.0},{"date":"2021-12-21","cases_positive":102.0,"tests_conducted":51544.0,"positivity_rate":0.2,"cases_recovered":75.0,"deaths":1.0},{"date":"2021-12-22","cases_positive":125.0,"tests_conducted":63313.0,"positivity_rate":0.2,"cases_recovered":58.0,"deaths":0.0},{"date":"2021-12-23","cases_positive":118.0,"tests_conducted":61322.0,"positivity_rate":0.19,"cases_recovered":57.0,"deaths":1.0},{"date":"2021-12-24","cases_positive":180.0,"tests_conducted":62697.0,"positivity_rate":0.29,"cases_recovered":82.0,"deaths":0.0},{"date":"2021-12-25","cases_positive":249.0,"tests_conducted":57295.0,"positivity_rate":0.43,"cases_recovered":96.0,"deaths":1.0},{"date":"2021-12-26","cases_positive":290.0,"tests_conducted":52947.0,"positivity_rate":0.55,"cases_recovered":120.0,"deaths":1.0},{"date":"2021-12-27","cases_positive":331.0,"tests_conducted":48589.0,"positivity_rate":0.68,"cases_recovered":144.0,"deaths":1.0},{"date":"2021-12-28","cases_positive":496.0,"tests_conducted":55865.0,"positivity_rate":0.89,"cases_recovered":172.0,"deaths":1.0},{"date":"2021-12-29","cases_positive":923.0,"tests_conducted":71696.0,"positivity_rate":1.29,"cases_recovered":344.0,"deaths":0.0},{"date":"2021-12-30","cases_positive":1313.0,"tests_conducted":75953.0,"positivity_rate":1.73,"cases_recovered":423.0,"deaths":0.0},{"date":"2021-12-31","cases_positive":1796.0,"tests_conducted":73590.0,"positivity_rate":2.44,"cases_recovered":467.0,"deaths":0.0},{"date":"2022-01-01","cases_positive":2716.0,"tests_conducted":74622.0,"positivity_rate":3.64,"cases_recovered":765.0,"deaths":1.0},{"date":"2022-01-02","cases_positive":3194.0,"tests_conducted":69650.0,"positivity_rate":4.59,"cases_recovered":1156.0,"deaths":1.0},{"date":"2022-01-03","cases_positive":4099.0,"tests_conducted":63477.0,"positivity_rate":6.46,"cases_recovered":1509.0,"deaths":1.0},{"date":"2022-01-04","cases_positive":5481.0,"tests_conducted":65487.0,"positivity_rate":8.37,"cases_recovered":1575.0,"deaths":3.0},{"date":"2022-01-05","cases_positive":10665.0,"tests_conducted":89742.0,"positivity_rate":11.88,"cases_recovered":2239.0,"deaths":8.0},{"date":"2022-01-06","cases_positive":15097.0,"tests_conducted":98434.0,"positivity_rate":15.34,"cases_recovered":6900.0,"deaths":6.0},{"date":"2022-01-07","cases_positive":17335.0,"tests_conducted":97762.0,"positivity_rate":17.73,"cases_recovered":8951.0,"deaths":9.0},{"date":"2022-01-08","cases_positive":20181.0,"tests_conducted":102965.0,"positivity_rate":19.6,"cases_recovered":11869.0,"deaths":7.0},{"date":"2022-01-09","cases_positive":22751.0,"tests_conducted":96678.0,"positivity_rate":23.53,"cases_recovered":10179.0,"deaths":17.0},{"date":"2022-01-10","cases_positive":19166.0,"tests_conducted":76670.0,"positivity_rate":25.0,"cases_recovered":14076.0,"deaths":17.0},{"date":"2022-01-11","cases_positive":21259.0,"tests_conducted":82884.0,"positivity_rate":25.65,"cases_recovered":12161.0,"deaths":23.0},{"date":"2022-01-12","cases_positive":27561.0,"tests_conducted":105102.0,"positivity_rate":26.22,"cases_recovered":14957.0,"deaths":40.0},{"date":"2022-01-13","cases_positive":28867.0,"tests_conducted":98832.0,"positivity_rate":29.21,"cases_recovered":22121.0,"deaths":31.0},{"date":"2022-01-14","cases_positive":24383.0,"tests_conducted":79578.0,"positivity_rate":30.64,"cases_recovered":26236.0,"deaths":34.0},{"date":"2022-01-15","cases_positive":20718.0,"tests_conducted":67624.0,"positivity_rate":30.64,"cases_recovered":19554.0,"deaths":30.0},{"date":"2022-01-16","cases_positive":18286.0,"tests_conducted":65621.0,"positivity_rate":27.87,"cases_recovered":21846.0,"deaths":28.0},{"date":"2022-01-17","cases_positive":12527.0,"tests_conducted":44762.0,"positivity_rate":27.99,"cases_recovered":18340.0,"deaths":24.0},{"date":"2022-01-18","cases_positive":11684.0,"tests_conducted":52002.0,"positivity_rate":22.47,"cases_recovered":17516.0,"deaths":38.0},{"date":"2022-01-19","cases_positive":13785.0,"tests_conducted":57776.0,"positivity_rate":23.86,"cases_recovered":16580.0,"deaths":35.0},{"date":"2022-01-20","cases_positive":12306.0,"tests_conducted":57290.0,"positivity_rate":21.48,"cases_recovered":18815.0,"deaths":43.0},{"date":"2022-01-21","cases_positive":10756.0,"tests_conducted":59629.0,"positivity_rate":18.04,"cases_recovered":17494.0,"deaths":38.0},{"date":"2022-01-22","cases_positive":11486.0,"tests_conducted":70226.0,"positivity_rate":16.36,"cases_recovered":14802.0,"deaths":45.0},{"date":"2022-01-23","cases_positive":9197.0,"tests_conducted":69022.0,"positivity_rate":13.32,"cases_recovered":13510.0,"deaths":34.0}]