[{"date":"2021-12-29","patients_in_hospital":200,"asymptomatic_patients":null,"moderate_patients":null,"severe_patients":null},{"date":"2021-12-30","patients_in_hospital":150,"asymptomatic_patients":null,"moderate_patients":null,"severe_patients":null},{"date":"2021-12-31","patients_in_hospital":226,"asymptomatic_patients":101.0,"moderate_patients":82.0,"severe_patients":3.0},{"date":"2022-01-01","patients_in_hospital":247,"asymptomatic_patients":136.0,"moderate_patients":82.0,"severe_patients":5.0},{"date":"2022-01-02","patients_in_hospital":307,"asymptomatic_patients":150.0,"moderate_patients":94.0,"severe_patients":4.0},{"date":"2022-01-03","patients_in_hospital":420,"asymptomatic_patients":211.0,"moderate_patients":124.0,"severe_patients":7.0},{"date":"2022-01-04","patients_in_hospital":531,"asymptomatic_patients":308.0,"moderate_patients":168.0,"severe_patients":14.0},{"date":"2022-01-05","patients_in_hospital":782,"asymptomatic_patients":551.0,"moderate_patients":140.0,"severe_patients":22.0},{"date":"2022-01-06","patients_in_hospital":1091,"asymptomatic_patients":769.0,"moderate_patients":211.0,"severe_patients":24.0},{"date":"2022-01-08","patients_in_hospital":1586,"asymptomatic_patients":null,"moderate_patients":375.0,"severe_patients":27.0},{"date":"2022-01-09","patients_in_hospital":1800,"asymptomatic_patients":null,"moderate_patients":440.0,"severe_patients":44.0},{"date":"2022-01-10","patients_in_hospital":1999,"asymptomatic_patients":null,"moderate_patients":503.0,"severe_patients":65.0},{"date":"2022-01-11","patients_in_hospital":2209,"asymptomatic_patients":null,"moderate_patients":568.0,"severe_patients":84.0},{"date":"2022-01-12","patients_in_hospital":2363,"asymptomatic_patients":null,"moderate_patients":739.0,"severe_patients":91.0},{"date":"2022-01-13","patients_in_hospital":2424,"asymptomatic_patients":null,"moderate_patients":768.0,"severe_patients":98.0},{"date":"2022-01-14","patients_in_hospital":2529,"asymptomatic_patients":null,"moderate_patients":815.0,"severe_patients":99.0},{"date":"2022-01-15","patients_in_hospital":2620,"asymptomatic_patients":null,"moderate_patients":887.0,"severe_patients":113.0},{"date":"2022-01-16","patients_in_hospital":2711,"asymptomatic_patients":null,"moderate_patients":835.0,"severe_patients":123.0},{"date":"2022-01-17","patients_in_hospital":2784,"asymptomatic_patients":null,"moderate_patients":909.0,"severe_patients":140.0},{"date":"2022-01-18","patients_in_hospital":2730,"asymptomatic_patients":null,"moderate_patients":871.0,"severe_patients":139.0},{"date":"2022-01-19","patients_in_hospital":2734,"asymptomatic_patients":null,"moderate_patients":908.0,"severe_patients":147.0},{"date":"2022-01-20","patients_in_hospital":2698,"asymptomatic_patients":null,"moderate_patients":903.0,"severe_patients":152.0},{"date":"2022-01-21","patients_in_hospital":2656,"asymptomatic_patients":null,"moderate_patients":925.0,"severe_patients":156.0},{"date":"2022-01-22","patients_in_hospital":2504,"asymptomatic_patients":null,"moderate_patients":876.0,"severe_patients":160.0},{"date":"2022-01-23","patients_in_hospital":2424,"asymptomatic_patients":null,"moderate_patients":814.0,"severe_patients":164.0}]