[{"date":"2021-04-11","vax_total_24h":104862,"vax_first_dose_24h":91099,"vax_sec_dose_24h":13763,"vax_cumulative":2070868,"vax_cumulative_first_dose":1712109,"vax_cumulative_sec_dose":358759},{"date":"2021-04-12","vax_total_24h":74397,"vax_first_dose_24h":68038,"vax_sec_dose_24h":6359,"vax_cumulative":2145265,"vax_cumulative_first_dose":1780147,"vax_cumulative_sec_dose":365118},{"date":"2021-04-13","vax_total_24h":89065,"vax_first_dose_24h":73827,"vax_sec_dose_24h":15238,"vax_cumulative":2234330,"vax_cumulative_first_dose":1853974,"vax_cumulative_sec_dose":380356},{"date":"2021-04-15","vax_total_24h":71030,"vax_first_dose_24h":58205,"vax_sec_dose_24h":12825,"vax_cumulative":2373782,"vax_cumulative_first_dose":1968056,"vax_cumulative_sec_dose":405726},{"date":"2021-04-18","vax_total_24h":67448,"vax_first_dose_24h":54306,"vax_sec_dose_24h":13142,"vax_cumulative":2565918,"vax_cumulative_first_dose":2114440,"vax_cumulative_sec_dose":451478},{"date":"2021-04-21","vax_total_24h":49461,"vax_first_dose_24h":34627,"vax_sec_dose_24h":14834,"vax_cumulative":2722958,"vax_cumulative_first_dose":2228853,"vax_cumulative_sec_dose":494105},{"date":"2021-04-22","vax_total_24h":53673,"vax_first_dose_24h":38555,"vax_sec_dose_24h":15118,"vax_cumulative":2776631,"vax_cumulative_first_dose":2267408,"vax_cumulative_sec_dose":509223},{"date":"2021-04-23","vax_total_24h":67424,"vax_first_dose_24h":47053,"vax_sec_dose_24h":20371,"vax_cumulative":2844055,"vax_cumulative_first_dose":2314461,"vax_cumulative_sec_dose":529594},{"date":"2021-04-24","vax_total_24h":35455,"vax_first_dose_24h":20615,"vax_sec_dose_24h":14840,"vax_cumulative":2879510,"vax_cumulative_first_dose":2335076,"vax_cumulative_sec_dose":544434},{"date":"2021-04-25","vax_total_24h":69677,"vax_first_dose_24h":47960,"vax_sec_dose_24h":21717,"vax_cumulative":2949187,"vax_cumulative_first_dose":2383036,"vax_cumulative_sec_dose":566151},{"date":"2021-04-26","vax_total_24h":43637,"vax_first_dose_24h":31888,"vax_sec_dose_24h":11749,"vax_cumulative":2992824,"vax_cumulative_first_dose":2414924,"vax_cumulative_sec_dose":577900},{"date":"2021-04-27","vax_total_24h":57020,"vax_first_dose_24h":35582,"vax_sec_dose_24h":21438,"vax_cumulative":3049844,"vax_cumulative_first_dose":2450506,"vax_cumulative_sec_dose":599338},{"date":"2021-04-28","vax_total_24h":51718,"vax_first_dose_24h":32272,"vax_sec_dose_24h":19446,"vax_cumulative":3101562,"vax_cumulative_first_dose":2482778,"vax_cumulative_sec_dose":618784},{"date":"2021-04-30","vax_total_24h":74250,"vax_first_dose_24h":42917,"vax_sec_dose_24h":31333,"vax_cumulative":3207573,"vax_cumulative_first_dose":2541284,"vax_cumulative_sec_dose":666289},{"date":"2021-05-01","vax_total_24h":45353,"vax_first_dose_24h":21828,"vax_sec_dose_24h":23525,"vax_cumulative":3252926,"vax_cumulative_first_dose":2563112,"vax_cumulative_sec_dose":689814},{"date":"2021-05-02","vax_total_24h":49633,"vax_first_dose_24h":28775,"vax_sec_dose_24h":20858,"vax_cumulative":3302559,"vax_cumulative_first_dose":2591887,"vax_cumulative_sec_dose":710672},{"date":"2021-05-04","vax_total_24h":89297,"vax_first_dose_24h":61662,"vax_sec_dose_24h":27635,"vax_cumulative":3393467,"vax_cumulative_first_dose":2654809,"vax_cumulative_sec_dose":738658},{"date":"2021-05-05","vax_total_24h":90365,"vax_first_dose_24h":64983,"vax_sec_dose_24h":25382,"vax_cumulative":3483832,"vax_cumulative_first_dose":2719792,"vax_cumulative_sec_dose":764040},{"date":"2021-05-06","vax_total_24h":68205,"vax_first_dose_24h":56857,"vax_sec_dose_24h":11348,"vax_cumulative":3552037,"vax_cumulative_first_dose":2776649,"vax_cumulative_sec_dose":775388},{"date":"2021-05-07","vax_total_24h":114657,"vax_first_dose_24h":80306,"vax_sec_dose_24h":34351,"vax_cumulative":3666694,"vax_cumulative_first_dose":2856955,"vax_cumulative_sec_dose":809739},{"date":"2021-05-08","vax_total_24h":79800,"vax_first_dose_24h":67753,"vax_sec_dose_24h":12047,"vax_cumulative":3746494,"vax_cumulative_first_dose":2924708,"vax_cumulative_sec_dose":821786},{"date":"2021-05-09","vax_total_24h":129142,"vax_first_dose_24h":90289,"vax_sec_dose_24h":38853,"vax_cumulative":3875636,"vax_cumulative_first_dose":3014997,"vax_cumulative_sec_dose":860639},{"date":"2021-05-10","vax_total_24h":1764,"vax_first_dose_24h":1160,"vax_sec_dose_24h":604,"vax_cumulative":3877400,"vax_cumulative_first_dose":3016157,"vax_cumulative_sec_dose":861243},{"date":"2021-05-11","vax_total_24h":140963,"vax_first_dose_24h":93746,"vax_sec_dose_24h":47217,"vax_cumulative":4018363,"vax_cumulative_first_dose":3109903,"vax_cumulative_sec_dose":908460},{"date":"2021-05-12","vax_total_24h":129291,"vax_first_dose_24h":84139,"vax_sec_dose_24h":45152,"vax_cumulative":4147654,"vax_cumulative_first_dose":3194042,"vax_cumulative_sec_dose":953612},{"date":"2021-05-14","vax_total_24h":123517,"vax_first_dose_24h":82943,"vax_sec_dose_24h":40574,"vax_cumulative":4345825,"vax_cumulative_first_dose":3339153,"vax_cumulative_sec_dose":1006672},{"date":"2021-05-15","vax_total_24h":5342,"vax_first_dose_24h":4053,"vax_sec_dose_24h":1289,"vax_cumulative":4351167,"vax_cumulative_first_dose":3343206,"vax_cumulative_sec_dose":1007961},{"date":"2021-05-16","vax_total_24h":118087,"vax_first_dose_24h":80292,"vax_sec_dose_24h":37795,"vax_cumulative":4511370,"vax_cumulative_first_dose":3464522,"vax_cumulative_sec_dose":1046848},{"date":"2021-05-17","vax_total_24h":91105,"vax_first_dose_24h":79585,"vax_sec_dose_24h":11520,"vax_cumulative":4602475,"vax_cumulative_first_dose":3544107,"vax_cumulative_sec_dose":1058368},{"date":"2021-05-18","vax_total_24h":113310,"vax_first_dose_24h":93718,"vax_sec_dose_24h":19592,"vax_cumulative":4715785,"vax_cumulative_first_dose":3637825,"vax_cumulative_sec_dose":1077960},{"date":"2021-05-19","vax_total_24h":105540,"vax_first_dose_24h":88494,"vax_sec_dose_24h":17046,"vax_cumulative":4821325,"vax_cumulative_first_dose":3726319,"vax_cumulative_sec_dose":1095006},{"date":"2021-05-20","vax_total_24h":68703,"vax_first_dose_24h":61576,"vax_sec_dose_24h":7127,"vax_cumulative":4890028,"vax_cumulative_first_dose":3787895,"vax_cumulative_sec_dose":1102133},{"date":"2021-05-21","vax_total_24h":77594,"vax_first_dose_24h":56375,"vax_sec_dose_24h":21219,"vax_cumulative":4967622,"vax_cumulative_first_dose":3844270,"vax_cumulative_sec_dose":1123352},{"date":"2021-05-22","vax_total_24h":49957,"vax_first_dose_24h":41155,"vax_sec_dose_24h":8802,"vax_cumulative":5017579,"vax_cumulative_first_dose":3885425,"vax_cumulative_sec_dose":1132154},{"date":"2021-05-23","vax_total_24h":64319,"vax_first_dose_24h":44752,"vax_sec_dose_24h":19567,"vax_cumulative":5081898,"vax_cumulative_first_dose":3930177,"vax_cumulative_sec_dose":1151721},{"date":"2021-05-24","vax_total_24h":4717,"vax_first_dose_24h":4471,"vax_sec_dose_24h":246,"vax_cumulative":5086615,"vax_cumulative_first_dose":3934648,"vax_cumulative_sec_dose":1151967},{"date":"2021-05-25","vax_total_24h":54475,"vax_first_dose_24h":40122,"vax_sec_dose_24h":14353,"vax_cumulative":5141090,"vax_cumulative_first_dose":3974770,"vax_cumulative_sec_dose":1166320},{"date":"2021-05-27","vax_total_24h":34327,"vax_first_dose_24h":30886,"vax_sec_dose_24h":3441,"vax_cumulative":5219372,"vax_cumulative_first_dose":4039090,"vax_cumulative_sec_dose":1180282},{"date":"2021-05-28","vax_total_24h":39173,"vax_first_dose_24h":33729,"vax_sec_dose_24h":5444,"vax_cumulative":5258545,"vax_cumulative_first_dose":4072819,"vax_cumulative_sec_dose":1185726},{"date":"2021-05-29","vax_total_24h":31303,"vax_first_dose_24h":28450,"vax_sec_dose_24h":2853,"vax_cumulative":5289848,"vax_cumulative_first_dose":4101269,"vax_cumulative_sec_dose":1188579},{"date":"2021-05-31","vax_total_24h":9758,"vax_first_dose_24h":9339,"vax_sec_dose_24h":419,"vax_cumulative":5353524,"vax_cumulative_first_dose":4149392,"vax_cumulative_sec_dose":1204132},{"date":"2021-06-01","vax_total_24h":56623,"vax_first_dose_24h":36562,"vax_sec_dose_24h":20061,"vax_cumulative":5410147,"vax_cumulative_first_dose":4185954,"vax_cumulative_sec_dose":1224193},{"date":"2021-06-02","vax_total_24h":50658,"vax_first_dose_24h":33758,"vax_sec_dose_24h":16900,"vax_cumulative":5460805,"vax_cumulative_first_dose":4219712,"vax_cumulative_sec_dose":1241093},{"date":"2021-06-03","vax_total_24h":38126,"vax_first_dose_24h":30047,"vax_sec_dose_24h":8079,"vax_cumulative":5498931,"vax_cumulative_first_dose":4249759,"vax_cumulative_sec_dose":1249172},{"date":"2021-06-04","vax_total_24h":53035,"vax_first_dose_24h":37747,"vax_sec_dose_24h":15288,"vax_cumulative":5551966,"vax_cumulative_first_dose":4287506,"vax_cumulative_sec_dose":1264460},{"date":"2021-06-05","vax_total_24h":40762,"vax_first_dose_24h":35673,"vax_sec_dose_24h":5089,"vax_cumulative":5592728,"vax_cumulative_first_dose":4323179,"vax_cumulative_sec_dose":1269549},{"date":"2021-06-06","vax_total_24h":58091,"vax_first_dose_24h":42823,"vax_sec_dose_24h":15268,"vax_cumulative":5650819,"vax_cumulative_first_dose":4366002,"vax_cumulative_sec_dose":1284817},{"date":"2021-06-07","vax_total_24h":15705,"vax_first_dose_24h":14846,"vax_sec_dose_24h":859,"vax_cumulative":5666524,"vax_cumulative_first_dose":4380848,"vax_cumulative_sec_dose":1285676},{"date":"2021-06-08","vax_total_24h":66175,"vax_first_dose_24h":33767,"vax_sec_dose_24h":32408,"vax_cumulative":5732699,"vax_cumulative_first_dose":4414615,"vax_cumulative_sec_dose":1318084},{"date":"2021-06-10","vax_total_24h":48022,"vax_first_dose_24h":25537,"vax_sec_dose_24h":22485,"vax_cumulative":5829167,"vax_cumulative_first_dose":4466004,"vax_cumulative_sec_dose":1363163},{"date":"2021-06-11","vax_total_24h":81183,"vax_first_dose_24h":50204,"vax_sec_dose_24h":30979,"vax_cumulative":5910350,"vax_cumulative_first_dose":4516208,"vax_cumulative_sec_dose":1394142},{"date":"2021-06-12","vax_total_24h":78936,"vax_first_dose_24h":61042,"vax_sec_dose_24h":17894,"vax_cumulative":5989286,"vax_cumulative_first_dose":4577250,"vax_cumulative_sec_dose":1412036},{"date":"2021-06-13","vax_total_24h":83286,"vax_first_dose_24h":54928,"vax_sec_dose_24h":28358,"vax_cumulative":6072572,"vax_cumulative_first_dose":4632178,"vax_cumulative_sec_dose":1440394},{"date":"2021-06-14","vax_total_24h":14456,"vax_first_dose_24h":11949,"vax_sec_dose_24h":2507,"vax_cumulative":6087028,"vax_cumulative_first_dose":4644127,"vax_cumulative_sec_dose":1442901},{"date":"2021-06-15","vax_total_24h":60949,"vax_first_dose_24h":40031,"vax_sec_dose_24h":20918,"vax_cumulative":6147977,"vax_cumulative_first_dose":4684158,"vax_cumulative_sec_dose":1463819},{"date":"2021-06-16","vax_total_24h":53455,"vax_first_dose_24h":28585,"vax_sec_dose_24h":24870,"vax_cumulative":6201432,"vax_cumulative_first_dose":4712743,"vax_cumulative_sec_dose":1488689},{"date":"2021-06-17","vax_total_24h":54912,"vax_first_dose_24h":36413,"vax_sec_dose_24h":18499,"vax_cumulative":6256344,"vax_cumulative_first_dose":4749156,"vax_cumulative_sec_dose":1507188},{"date":"2021-06-18","vax_total_24h":90217,"vax_first_dose_24h":60395,"vax_sec_dose_24h":29822,"vax_cumulative":6346561,"vax_cumulative_first_dose":4809551,"vax_cumulative_sec_dose":1537010},{"date":"2021-06-19","vax_total_24h":77605,"vax_first_dose_24h":62230,"vax_sec_dose_24h":15375,"vax_cumulative":6424166,"vax_cumulative_first_dose":4871781,"vax_cumulative_sec_dose":1552385},{"date":"2021-06-20","vax_total_24h":86131,"vax_first_dose_24h":60443,"vax_sec_dose_24h":25688,"vax_cumulative":6510297,"vax_cumulative_first_dose":4932224,"vax_cumulative_sec_dose":1578073},{"date":"2021-06-25","vax_total_24h":157093,"vax_first_dose_24h":137038,"vax_sec_dose_24h":20055,"vax_cumulative":6962692,"vax_cumulative_first_dose":5314639,"vax_cumulative_sec_dose":1648053},{"date":"2021-06-26","vax_total_24h":166310,"vax_first_dose_24h":147873,"vax_sec_dose_24h":18437,"vax_cumulative":7129002,"vax_cumulative_first_dose":5462512,"vax_cumulative_sec_dose":1666490},{"date":"2021-06-27","vax_total_24h":207557,"vax_first_dose_24h":172659,"vax_sec_dose_24h":34898,"vax_cumulative":7336559,"vax_cumulative_first_dose":5635171,"vax_cumulative_sec_dose":1701388},{"date":"2021-06-28","vax_total_24h":9558,"vax_first_dose_24h":6942,"vax_sec_dose_24h":2616,"vax_cumulative":7346117,"vax_cumulative_first_dose":5642113,"vax_cumulative_sec_dose":1704004},{"date":"2021-06-29","vax_total_24h":204711,"vax_first_dose_24h":164715,"vax_sec_dose_24h":39996,"vax_cumulative":7550828,"vax_cumulative_first_dose":5806828,"vax_cumulative_sec_dose":1744000},{"date":"2021-06-30","vax_total_24h":203158,"vax_first_dose_24h":165789,"vax_sec_dose_24h":37369,"vax_cumulative":7753986,"vax_cumulative_first_dose":5972617,"vax_cumulative_sec_dose":1781369},{"date":"2021-07-01","vax_total_24h":146161,"vax_first_dose_24h":121769,"vax_sec_dose_24h":24392,"vax_cumulative":7900147,"vax_cumulative_first_dose":6094386,"vax_cumulative_sec_dose":1805761},{"date":"2021-07-02","vax_total_24h":157728,"vax_first_dose_24h":125769,"vax_sec_dose_24h":31959,"vax_cumulative":8057875,"vax_cumulative_first_dose":6220155,"vax_cumulative_sec_dose":1837720},{"date":"2021-07-03","vax_total_24h":160673,"vax_first_dose_24h":130441,"vax_sec_dose_24h":30232,"vax_cumulative":8218548,"vax_cumulative_first_dose":6350596,"vax_cumulative_sec_dose":1867952},{"date":"2021-07-05","vax_total_24h":9503,"vax_first_dose_24h":5651,"vax_sec_dose_24h":3852,"vax_cumulative":8389161,"vax_cumulative_first_dose":6477469,"vax_cumulative_sec_dose":1911692},{"date":"2021-07-06","vax_total_24h":80841,"vax_first_dose_24h":51728,"vax_sec_dose_24h":29113,"vax_cumulative":8470002,"vax_cumulative_first_dose":6529197,"vax_cumulative_sec_dose":1940805},{"date":"2021-07-07","vax_total_24h":34688,"vax_first_dose_24h":19162,"vax_sec_dose_24h":15526,"vax_cumulative":8504690,"vax_cumulative_first_dose":6548359,"vax_cumulative_sec_dose":1956331},{"date":"2021-07-08","vax_total_24h":22350,"vax_first_dose_24h":11789,"vax_sec_dose_24h":10561,"vax_cumulative":8527040,"vax_cumulative_first_dose":6560148,"vax_cumulative_sec_dose":1966892},{"date":"2021-07-09","vax_total_24h":159010,"vax_first_dose_24h":111447,"vax_sec_dose_24h":47563,"vax_cumulative":8686050,"vax_cumulative_first_dose":6671595,"vax_cumulative_sec_dose":2014455},{"date":"2021-07-10","vax_total_24h":131207,"vax_first_dose_24h":95377,"vax_sec_dose_24h":35830,"vax_cumulative":8817257,"vax_cumulative_first_dose":6766972,"vax_cumulative_sec_dose":2050285},{"date":"2021-07-11","vax_total_24h":79627,"vax_first_dose_24h":52434,"vax_sec_dose_24h":27193,"vax_cumulative":8896884,"vax_cumulative_first_dose":6819406,"vax_cumulative_sec_dose":2077478},{"date":"2021-07-12","vax_total_24h":10852,"vax_first_dose_24h":7007,"vax_sec_dose_24h":3845,"vax_cumulative":8907736,"vax_cumulative_first_dose":6826413,"vax_cumulative_sec_dose":2081323},{"date":"2021-07-13","vax_total_24h":36313,"vax_first_dose_24h":22236,"vax_sec_dose_24h":14077,"vax_cumulative":8944049,"vax_cumulative_first_dose":6848649,"vax_cumulative_sec_dose":2095400},{"date":"2021-07-14","vax_total_24h":129054,"vax_first_dose_24h":92547,"vax_sec_dose_24h":36507,"vax_cumulative":9073103,"vax_cumulative_first_dose":6941196,"vax_cumulative_sec_dose":2131907},{"date":"2021-07-15","vax_total_24h":64983,"vax_first_dose_24h":45221,"vax_sec_dose_24h":19762,"vax_cumulative":9138086,"vax_cumulative_first_dose":6986417,"vax_cumulative_sec_dose":2151669},{"date":"2021-07-16","vax_total_24h":33186,"vax_first_dose_24h":21189,"vax_sec_dose_24h":11997,"vax_cumulative":9171272,"vax_cumulative_first_dose":7007606,"vax_cumulative_sec_dose":2163666},{"date":"2021-07-17","vax_total_24h":87403,"vax_first_dose_24h":62412,"vax_sec_dose_24h":24991,"vax_cumulative":9258675,"vax_cumulative_first_dose":7070018,"vax_cumulative_sec_dose":2188657},{"date":"2021-07-18","vax_total_24h":71786,"vax_first_dose_24h":48337,"vax_sec_dose_24h":23449,"vax_cumulative":9330461,"vax_cumulative_first_dose":7118355,"vax_cumulative_sec_dose":2212106},{"date":"2021-07-19","vax_total_24h":11354,"vax_first_dose_24h":7047,"vax_sec_dose_24h":4307,"vax_cumulative":9341815,"vax_cumulative_first_dose":7125402,"vax_cumulative_sec_dose":2216413},{"date":"2021-07-20","vax_total_24h":25985,"vax_first_dose_24h":16704,"vax_sec_dose_24h":9281,"vax_cumulative":9367800,"vax_cumulative_first_dose":7142106,"vax_cumulative_sec_dose":2225694},{"date":"2021-07-21","vax_total_24h":71997,"vax_first_dose_24h":42140,"vax_sec_dose_24h":29857,"vax_cumulative":9439797,"vax_cumulative_first_dose":7184246,"vax_cumulative_sec_dose":2255551},{"date":"2021-07-22","vax_total_24h":63406,"vax_first_dose_24h":29963,"vax_sec_dose_24h":33443,"vax_cumulative":9503203,"vax_cumulative_first_dose":7214209,"vax_cumulative_sec_dose":2288994},{"date":"2021-07-23","vax_total_24h":48617,"vax_first_dose_24h":22237,"vax_sec_dose_24h":26380,"vax_cumulative":9551820,"vax_cumulative_first_dose":7236446,"vax_cumulative_sec_dose":2315374},{"date":"2021-07-24","vax_total_24h":36184,"vax_first_dose_24h":15730,"vax_sec_dose_24h":20454,"vax_cumulative":9588004,"vax_cumulative_first_dose":7252176,"vax_cumulative_sec_dose":2335828},{"date":"2021-07-25","vax_total_24h":69896,"vax_first_dose_24h":21256,"vax_sec_dose_24h":48640,"vax_cumulative":9657900,"vax_cumulative_first_dose":7273432,"vax_cumulative_sec_dose":2384468},{"date":"2021-07-26","vax_total_24h":10614,"vax_first_dose_24h":6996,"vax_sec_dose_24h":3618,"vax_cumulative":9668514,"vax_cumulative_first_dose":7280428,"vax_cumulative_sec_dose":2388086},{"date":"2021-07-27","vax_total_24h":57382,"vax_first_dose_24h":14570,"vax_sec_dose_24h":42812,"vax_cumulative":9725896,"vax_cumulative_first_dose":7294998,"vax_cumulative_sec_dose":2430898},{"date":"2021-07-28","vax_total_24h":37825,"vax_first_dose_24h":13827,"vax_sec_dose_24h":23998,"vax_cumulative":9763721,"vax_cumulative_first_dose":7308825,"vax_cumulative_sec_dose":2454896},{"date":"2021-07-29","vax_total_24h":57804,"vax_first_dose_24h":11616,"vax_sec_dose_24h":46188,"vax_cumulative":9821525,"vax_cumulative_first_dose":7320441,"vax_cumulative_sec_dose":2501084},{"date":"2021-07-30","vax_total_24h":72505,"vax_first_dose_24h":13535,"vax_sec_dose_24h":58970,"vax_cumulative":9894030,"vax_cumulative_first_dose":7333976,"vax_cumulative_sec_dose":2560054},{"date":"2021-07-31","vax_total_24h":55738,"vax_first_dose_24h":13510,"vax_sec_dose_24h":42228,"vax_cumulative":9949768,"vax_cumulative_first_dose":7347486,"vax_cumulative_sec_dose":2602282},{"date":"2021-08-01","vax_total_24h":83049,"vax_first_dose_24h":20179,"vax_sec_dose_24h":62870,"vax_cumulative":10032817,"vax_cumulative_first_dose":7367665,"vax_cumulative_sec_dose":2665152},{"date":"2021-08-02","vax_total_24h":10904,"vax_first_dose_24h":6520,"vax_sec_dose_24h":4384,"vax_cumulative":10043721,"vax_cumulative_first_dose":7374185,"vax_cumulative_sec_dose":2669536},{"date":"2021-08-03","vax_total_24h":91100,"vax_first_dose_24h":45974,"vax_sec_dose_24h":45126,"vax_cumulative":10134821,"vax_cumulative_first_dose":7420159,"vax_cumulative_sec_dose":2714662},{"date":"2021-08-04","vax_total_24h":95076,"vax_first_dose_24h":49750,"vax_sec_dose_24h":45326,"vax_cumulative":10295402,"vax_cumulative_first_dose":7533336,"vax_cumulative_sec_dose":2762066},{"date":"2021-08-05","vax_total_24h":86180,"vax_first_dose_24h":45949,"vax_sec_dose_24h":40231,"vax_cumulative":10381582,"vax_cumulative_first_dose":7579285,"vax_cumulative_sec_dose":2802297},{"date":"2021-08-06","vax_total_24h":90148,"vax_first_dose_24h":50995,"vax_sec_dose_24h":39153,"vax_cumulative":10471730,"vax_cumulative_first_dose":7630280,"vax_cumulative_sec_dose":2841450},{"date":"2021-08-07","vax_total_24h":83841,"vax_first_dose_24h":49825,"vax_sec_dose_24h":34016,"vax_cumulative":10555571,"vax_cumulative_first_dose":7680105,"vax_cumulative_sec_dose":2875466},{"date":"2021-08-08","vax_total_24h":119942,"vax_first_dose_24h":60097,"vax_sec_dose_24h":59845,"vax_cumulative":10675513,"vax_cumulative_first_dose":7740202,"vax_cumulative_sec_dose":2935311},{"date":"2021-08-09","vax_total_24h":11099,"vax_first_dose_24h":5744,"vax_sec_dose_24h":5355,"vax_cumulative":10686612,"vax_cumulative_first_dose":7745946,"vax_cumulative_sec_dose":2940666},{"date":"2021-08-10","vax_total_24h":144485,"vax_first_dose_24h":84713,"vax_sec_dose_24h":59772,"vax_cumulative":10831097,"vax_cumulative_first_dose":7830659,"vax_cumulative_sec_dose":3000438},{"date":"2021-08-11","vax_total_24h":140849,"vax_first_dose_24h":84245,"vax_sec_dose_24h":56604,"vax_cumulative":10971946,"vax_cumulative_first_dose":7914904,"vax_cumulative_sec_dose":3057042},{"date":"2021-08-13","vax_total_24h":133661,"vax_first_dose_24h":83585,"vax_sec_dose_24h":50076,"vax_cumulative":11221415,"vax_cumulative_first_dose":8070022,"vax_cumulative_sec_dose":3151393},{"date":"2021-08-14","vax_total_24h":120551,"vax_first_dose_24h":74759,"vax_sec_dose_24h":45792,"vax_cumulative":11341966,"vax_cumulative_first_dose":8144781,"vax_cumulative_sec_dose":3197185},{"date":"2021-08-15","vax_total_24h":157709,"vax_first_dose_24h":90210,"vax_sec_dose_24h":67499,"vax_cumulative":11499675,"vax_cumulative_first_dose":8234991,"vax_cumulative_sec_dose":3264684},{"date":"2021-08-16","vax_total_24h":4040,"vax_first_dose_24h":2104,"vax_sec_dose_24h":1936,"vax_cumulative":11503715,"vax_cumulative_first_dose":8237095,"vax_cumulative_sec_dose":3266620},{"date":"2021-08-17","vax_total_24h":156217,"vax_first_dose_24h":110110,"vax_sec_dose_24h":46107,"vax_cumulative":11659932,"vax_cumulative_first_dose":8347205,"vax_cumulative_sec_dose":3312727},{"date":"2021-08-18","vax_total_24h":157311,"vax_first_dose_24h":115011,"vax_sec_dose_24h":42300,"vax_cumulative":11817243,"vax_cumulative_first_dose":8462216,"vax_cumulative_sec_dose":3355027},{"date":"2021-08-19","vax_total_24h":137955,"vax_first_dose_24h":101704,"vax_sec_dose_24h":36251,"vax_cumulative":11955198,"vax_cumulative_first_dose":8563920,"vax_cumulative_sec_dose":3391278},{"date":"2021-08-20","vax_total_24h":144929,"vax_first_dose_24h":106733,"vax_sec_dose_24h":38196,"vax_cumulative":12100127,"vax_cumulative_first_dose":8670653,"vax_cumulative_sec_dose":3429474},{"date":"2021-08-21","vax_total_24h":122158,"vax_first_dose_24h":91494,"vax_sec_dose_24h":30664,"vax_cumulative":12222285,"vax_cumulative_first_dose":8762147,"vax_cumulative_sec_dose":3460138},{"date":"2021-08-22","vax_total_24h":92421,"vax_first_dose_24h":65012,"vax_sec_dose_24h":27409,"vax_cumulative":12314706,"vax_cumulative_first_dose":8827159,"vax_cumulative_sec_dose":3487547},{"date":"2021-08-23","vax_total_24h":2566,"vax_first_dose_24h":825,"vax_sec_dose_24h":1741,"vax_cumulative":12317272,"vax_cumulative_first_dose":8827984,"vax_cumulative_sec_dose":3489288},{"date":"2021-08-24","vax_total_24h":143264,"vax_first_dose_24h":100159,"vax_sec_dose_24h":43105,"vax_cumulative":12460536,"vax_cumulative_first_dose":8928143,"vax_cumulative_sec_dose":3532393},{"date":"2021-08-25","vax_total_24h":144896,"vax_first_dose_24h":102128,"vax_sec_dose_24h":42768,"vax_cumulative":12605432,"vax_cumulative_first_dose":9030271,"vax_cumulative_sec_dose":3575161},{"date":"2021-08-26","vax_total_24h":98578,"vax_first_dose_24h":66841,"vax_sec_dose_24h":31737,"vax_cumulative":12704010,"vax_cumulative_first_dose":9097112,"vax_cumulative_sec_dose":3606898},{"date":"2021-08-27","vax_total_24h":159086,"vax_first_dose_24h":110952,"vax_sec_dose_24h":48134,"vax_cumulative":12863096,"vax_cumulative_first_dose":9208064,"vax_cumulative_sec_dose":3655032},{"date":"2021-08-28","vax_total_24h":153691,"vax_first_dose_24h":104494,"vax_sec_dose_24h":49197,"vax_cumulative":13016787,"vax_cumulative_first_dose":9312558,"vax_cumulative_sec_dose":3704229},{"date":"2021-08-29","vax_total_24h":185831,"vax_first_dose_24h":121236,"vax_sec_dose_24h":64595,"vax_cumulative":13202618,"vax_cumulative_first_dose":9433794,"vax_cumulative_sec_dose":3768824},{"date":"2021-08-30","vax_total_24h":10826,"vax_first_dose_24h":3412,"vax_sec_dose_24h":7414,"vax_cumulative":13213444,"vax_cumulative_first_dose":9437206,"vax_cumulative_sec_dose":3776238},{"date":"2021-08-31","vax_total_24h":153822,"vax_first_dose_24h":106818,"vax_sec_dose_24h":47004,"vax_cumulative":13367266,"vax_cumulative_first_dose":9544024,"vax_cumulative_sec_dose":3823242},{"date":"2021-09-01","vax_total_24h":135877,"vax_first_dose_24h":97791,"vax_sec_dose_24h":38086,"vax_cumulative":13503143,"vax_cumulative_first_dose":9641815,"vax_cumulative_sec_dose":3861328},{"date":"2021-09-02","vax_total_24h":113050,"vax_first_dose_24h":79906,"vax_sec_dose_24h":33144,"vax_cumulative":13616193,"vax_cumulative_first_dose":9721721,"vax_cumulative_sec_dose":3894472},{"date":"2021-09-03","vax_total_24h":153754,"vax_first_dose_24h":106674,"vax_sec_dose_24h":47080,"vax_cumulative":13769947,"vax_cumulative_first_dose":9828395,"vax_cumulative_sec_dose":3941552},{"date":"2021-09-04","vax_total_24h":141693,"vax_first_dose_24h":93971,"vax_sec_dose_24h":47722,"vax_cumulative":13911640,"vax_cumulative_first_dose":9922366,"vax_cumulative_sec_dose":3989274},{"date":"2021-09-05","vax_total_24h":168351,"vax_first_dose_24h":102835,"vax_sec_dose_24h":65516,"vax_cumulative":14079991,"vax_cumulative_first_dose":10025201,"vax_cumulative_sec_dose":4054790},{"date":"2021-09-06","vax_total_24h":8343,"vax_first_dose_24h":2287,"vax_sec_dose_24h":6056,"vax_cumulative":14088334,"vax_cumulative_first_dose":10027488,"vax_cumulative_sec_dose":4060846},{"date":"2021-09-07","vax_total_24h":162767,"vax_first_dose_24h":106558,"vax_sec_dose_24h":56209,"vax_cumulative":14251101,"vax_cumulative_first_dose":10134046,"vax_cumulative_sec_dose":4117055},{"date":"2021-09-08","vax_total_24h":172894,"vax_first_dose_24h":114780,"vax_sec_dose_24h":58114,"vax_cumulative":14423995,"vax_cumulative_first_dose":10248826,"vax_cumulative_sec_dose":4175169},{"date":"2021-09-09","vax_total_24h":145016,"vax_first_dose_24h":97055,"vax_sec_dose_24h":47961,"vax_cumulative":14569011,"vax_cumulative_first_dose":10345881,"vax_cumulative_sec_dose":4223130},{"date":"2021-09-10","vax_total_24h":153515,"vax_first_dose_24h":101224,"vax_sec_dose_24h":52291,"vax_cumulative":14722526,"vax_cumulative_first_dose":10447105,"vax_cumulative_sec_dose":4275421},{"date":"2021-09-11","vax_total_24h":141693,"vax_first_dose_24h":90953,"vax_sec_dose_24h":50740,"vax_cumulative":14864219,"vax_cumulative_first_dose":10538058,"vax_cumulative_sec_dose":4326161},{"date":"2021-09-12","vax_total_24h":130180,"vax_first_dose_24h":78551,"vax_sec_dose_24h":51629,"vax_cumulative":14994399,"vax_cumulative_first_dose":10616609,"vax_cumulative_sec_dose":4377790},{"date":"2021-09-14","vax_total_24h":164880,"vax_first_dose_24h":103645,"vax_sec_dose_24h":61235,"vax_cumulative":15171146,"vax_cumulative_first_dose":10725600,"vax_cumulative_sec_dose":4445546},{"date":"2021-09-15","vax_total_24h":164967,"vax_first_dose_24h":101778,"vax_sec_dose_24h":63189,"vax_cumulative":15336113,"vax_cumulative_first_dose":10827378,"vax_cumulative_sec_dose":4508735},{"date":"2021-09-16","vax_total_24h":137846,"vax_first_dose_24h":83096,"vax_sec_dose_24h":54750,"vax_cumulative":15473959,"vax_cumulative_first_dose":10910474,"vax_cumulative_sec_dose":4563485},{"date":"2021-09-17","vax_total_24h":136083,"vax_first_dose_24h":77807,"vax_sec_dose_24h":58276,"vax_cumulative":15610042,"vax_cumulative_first_dose":10988281,"vax_cumulative_sec_dose":4621761},{"date":"2021-09-18","vax_total_24h":152911,"vax_first_dose_24h":84236,"vax_sec_dose_24h":68675,"vax_cumulative":15762953,"vax_cumulative_first_dose":11072517,"vax_cumulative_sec_dose":4690436},{"date":"2021-09-19","vax_total_24h":203527,"vax_first_dose_24h":104457,"vax_sec_dose_24h":99070,"vax_cumulative":15966480,"vax_cumulative_first_dose":11176974,"vax_cumulative_sec_dose":4789506},{"date":"2021-09-20","vax_total_24h":21842,"vax_first_dose_24h":10489,"vax_sec_dose_24h":11353,"vax_cumulative":15988322,"vax_cumulative_first_dose":11187463,"vax_cumulative_sec_dose":4800859},{"date":"2021-09-21","vax_total_24h":211004,"vax_first_dose_24h":111454,"vax_sec_dose_24h":99550,"vax_cumulative":16199326,"vax_cumulative_first_dose":11298917,"vax_cumulative_sec_dose":4900409},{"date":"2021-09-22","vax_total_24h":196152,"vax_first_dose_24h":99066,"vax_sec_dose_24h":97086,"vax_cumulative":16395478,"vax_cumulative_first_dose":11397983,"vax_cumulative_sec_dose":4997495},{"date":"2021-09-23","vax_total_24h":176379,"vax_first_dose_24h":86691,"vax_sec_dose_24h":89688,"vax_cumulative":16571857,"vax_cumulative_first_dose":11484674,"vax_cumulative_sec_dose":5087183},{"date":"2021-09-24","vax_total_24h":187878,"vax_first_dose_24h":85558,"vax_sec_dose_24h":102320,"vax_cumulative":16759735,"vax_cumulative_first_dose":11570232,"vax_cumulative_sec_dose":5189503},{"date":"2021-09-25","vax_total_24h":162344,"vax_first_dose_24h":71096,"vax_sec_dose_24h":91248,"vax_cumulative":16922079,"vax_cumulative_first_dose":11641328,"vax_cumulative_sec_dose":5280751},{"date":"2021-09-26","vax_total_24h":209860,"vax_first_dose_24h":82480,"vax_sec_dose_24h":127380,"vax_cumulative":17131939,"vax_cumulative_first_dose":11723808,"vax_cumulative_sec_dose":5408131},{"date":"2021-09-27","vax_total_24h":21887,"vax_first_dose_24h":9518,"vax_sec_dose_24h":12369,"vax_cumulative":17153826,"vax_cumulative_first_dose":11733326,"vax_cumulative_sec_dose":5420500},{"date":"2021-09-28","vax_total_24h":205999,"vax_first_dose_24h":90935,"vax_sec_dose_24h":115064,"vax_cumulative":17359825,"vax_cumulative_first_dose":11824261,"vax_cumulative_sec_dose":5535564},{"date":"2021-09-29","vax_total_24h":180663,"vax_first_dose_24h":81572,"vax_sec_dose_24h":99091,"vax_cumulative":17557752,"vax_cumulative_first_dose":11921965,"vax_cumulative_sec_dose":5635787},{"date":"2021-09-30","vax_total_24h":152741,"vax_first_dose_24h":71723,"vax_sec_dose_24h":81018,"vax_cumulative":17710493,"vax_cumulative_first_dose":11993688,"vax_cumulative_sec_dose":5716805},{"date":"2021-10-01","vax_total_24h":169267,"vax_first_dose_24h":75500,"vax_sec_dose_24h":93767,"vax_cumulative":17879760,"vax_cumulative_first_dose":12069188,"vax_cumulative_sec_dose":5810572},{"date":"2021-10-02","vax_total_24h":186140,"vax_first_dose_24h":75505,"vax_sec_dose_24h":110635,"vax_cumulative":18065900,"vax_cumulative_first_dose":12144693,"vax_cumulative_sec_dose":5921207},{"date":"2021-10-03","vax_total_24h":137441,"vax_first_dose_24h":54588,"vax_sec_dose_24h":82853,"vax_cumulative":18203341,"vax_cumulative_first_dose":12199281,"vax_cumulative_sec_dose":6004060},{"date":"2021-10-04","vax_total_24h":18413,"vax_first_dose_24h":7457,"vax_sec_dose_24h":10956,"vax_cumulative":18221754,"vax_cumulative_first_dose":12206738,"vax_cumulative_sec_dose":6015016},{"date":"2021-10-05","vax_total_24h":173016,"vax_first_dose_24h":71579,"vax_sec_dose_24h":101437,"vax_cumulative":18394770,"vax_cumulative_first_dose":12278317,"vax_cumulative_sec_dose":6116453},{"date":"2021-10-06","vax_total_24h":153466,"vax_first_dose_24h":60028,"vax_sec_dose_24h":93438,"vax_cumulative":18548236,"vax_cumulative_first_dose":12338345,"vax_cumulative_sec_dose":6209891},{"date":"2021-10-07","vax_total_24h":111299,"vax_first_dose_24h":43537,"vax_sec_dose_24h":67762,"vax_cumulative":18659535,"vax_cumulative_first_dose":12381882,"vax_cumulative_sec_dose":6277653},{"date":"2021-10-08","vax_total_24h":90770,"vax_first_dose_24h":36242,"vax_sec_dose_24h":54528,"vax_cumulative":18750305,"vax_cumulative_first_dose":12418124,"vax_cumulative_sec_dose":6332181},{"date":"2021-10-09","vax_total_24h":107452,"vax_first_dose_24h":39729,"vax_sec_dose_24h":67723,"vax_cumulative":18857757,"vax_cumulative_first_dose":12457853,"vax_cumulative_sec_dose":6399904},{"date":"2021-10-10","vax_total_24h":154320,"vax_first_dose_24h":54573,"vax_sec_dose_24h":99747,"vax_cumulative":19012077,"vax_cumulative_first_dose":12512426,"vax_cumulative_sec_dose":6499651},{"date":"2021-10-11","vax_total_24h":47923,"vax_first_dose_24h":24236,"vax_sec_dose_24h":23687,"vax_cumulative":19060000,"vax_cumulative_first_dose":12536662,"vax_cumulative_sec_dose":6523338},{"date":"2021-10-12","vax_total_24h":129181,"vax_first_dose_24h":52582,"vax_sec_dose_24h":76599,"vax_cumulative":19189181,"vax_cumulative_first_dose":12589244,"vax_cumulative_sec_dose":6599937},{"date":"2021-10-13","vax_total_24h":101891,"vax_first_dose_24h":41230,"vax_sec_dose_24h":60661,"vax_cumulative":19291072,"vax_cumulative_first_dose":12630474,"vax_cumulative_sec_dose":6660598},{"date":"2021-10-14","vax_total_24h":74583,"vax_first_dose_24h":29985,"vax_sec_dose_24h":44598,"vax_cumulative":19365655,"vax_cumulative_first_dose":12660459,"vax_cumulative_sec_dose":6705196},{"date":"2021-10-15","vax_total_24h":75734,"vax_first_dose_24h":28393,"vax_sec_dose_24h":47341,"vax_cumulative":19441389,"vax_cumulative_first_dose":12688852,"vax_cumulative_sec_dose":6752537},{"date":"2021-10-16","vax_total_24h":2468,"vax_first_dose_24h":483,"vax_sec_dose_24h":1985,"vax_cumulative":19443857,"vax_cumulative_first_dose":12689335,"vax_cumulative_sec_dose":6754522},{"date":"2021-10-17","vax_total_24h":112424,"vax_first_dose_24h":36827,"vax_sec_dose_24h":75597,"vax_cumulative":19556281,"vax_cumulative_first_dose":12726162,"vax_cumulative_sec_dose":6830119},{"date":"2021-10-18","vax_total_24h":43943,"vax_first_dose_24h":14916,"vax_sec_dose_24h":29027,"vax_cumulative":19600224,"vax_cumulative_first_dose":12741078,"vax_cumulative_sec_dose":6859146},{"date":"2021-10-19","vax_total_24h":95714,"vax_first_dose_24h":32494,"vax_sec_dose_24h":63220,"vax_cumulative":19695938,"vax_cumulative_first_dose":12773572,"vax_cumulative_sec_dose":6922366},{"date":"2021-10-20","vax_total_24h":74744,"vax_first_dose_24h":24729,"vax_sec_dose_24h":50015,"vax_cumulative":19770682,"vax_cumulative_first_dose":12798301,"vax_cumulative_sec_dose":6972381},{"date":"2021-10-21","vax_total_24h":62980,"vax_first_dose_24h":21632,"vax_sec_dose_24h":41348,"vax_cumulative":19833662,"vax_cumulative_first_dose":12819933,"vax_cumulative_sec_dose":7013729},{"date":"2021-10-22","vax_total_24h":74684,"vax_first_dose_24h":25498,"vax_sec_dose_24h":49186,"vax_cumulative":19908346,"vax_cumulative_first_dose":12845431,"vax_cumulative_sec_dose":7062915},{"date":"2021-10-23","vax_total_24h":63917,"vax_first_dose_24h":22740,"vax_sec_dose_24h":41177,"vax_cumulative":19972263,"vax_cumulative_first_dose":12868171,"vax_cumulative_sec_dose":7104092},{"date":"2021-10-24","vax_total_24h":73833,"vax_first_dose_24h":25328,"vax_sec_dose_24h":48505,"vax_cumulative":20046096,"vax_cumulative_first_dose":12893499,"vax_cumulative_sec_dose":7152597},{"date":"2021-10-25","vax_total_24h":4761,"vax_first_dose_24h":1978,"vax_sec_dose_24h":2783,"vax_cumulative":20050857,"vax_cumulative_first_dose":12895477,"vax_cumulative_sec_dose":7155380},{"date":"2021-10-26","vax_total_24h":76947,"vax_first_dose_24h":27747,"vax_sec_dose_24h":49200,"vax_cumulative":20127804,"vax_cumulative_first_dose":12923224,"vax_cumulative_sec_dose":7204580},{"date":"2021-10-27","vax_total_24h":73512,"vax_first_dose_24h":26241,"vax_sec_dose_24h":47271,"vax_cumulative":20201316,"vax_cumulative_first_dose":12949465,"vax_cumulative_sec_dose":7251851},{"date":"2021-10-28","vax_total_24h":61097,"vax_first_dose_24h":22257,"vax_sec_dose_24h":38840,"vax_cumulative":20262413,"vax_cumulative_first_dose":12971722,"vax_cumulative_sec_dose":7290691},{"date":"2021-10-29","vax_total_24h":55278,"vax_first_dose_24h":20450,"vax_sec_dose_24h":34828,"vax_cumulative":20317691,"vax_cumulative_first_dose":12992172,"vax_cumulative_sec_dose":7325519},{"date":"2021-10-30","vax_total_24h":58830,"vax_first_dose_24h":21476,"vax_sec_dose_24h":37354,"vax_cumulative":20376521,"vax_cumulative_first_dose":13013648,"vax_cumulative_sec_dose":7362873},{"date":"2021-10-31","vax_total_24h":79014,"vax_first_dose_24h":29571,"vax_sec_dose_24h":49443,"vax_cumulative":20455535,"vax_cumulative_first_dose":13043219,"vax_cumulative_sec_dose":7412316},{"date":"2021-11-01","vax_total_24h":24219,"vax_first_dose_24h":12440,"vax_sec_dose_24h":11797,"vax_cumulative":20479754,"vax_cumulative_first_dose":13055659,"vax_cumulative_sec_dose":7424095},{"date":"2021-11-02","vax_total_24h":53046,"vax_first_dose_24h":20277,"vax_sec_dose_24h":32769,"vax_cumulative":20532800,"vax_cumulative_first_dose":13075936,"vax_cumulative_sec_dose":7456864},{"date":"2021-11-03","vax_total_24h":37080,"vax_first_dose_24h":13833,"vax_sec_dose_24h":23247,"vax_cumulative":20569880,"vax_cumulative_first_dose":13089769,"vax_cumulative_sec_dose":7480111},{"date":"2021-11-04","vax_total_24h":6470,"vax_first_dose_24h":2024,"vax_sec_dose_24h":4446,"vax_cumulative":20576350,"vax_cumulative_first_dose":13091793,"vax_cumulative_sec_dose":7484557},{"date":"2021-11-05","vax_total_24h":132,"vax_first_dose_24h":34,"vax_sec_dose_24h":98,"vax_cumulative":20576482,"vax_cumulative_first_dose":13091827,"vax_cumulative_sec_dose":7484655},{"date":"2021-11-06","vax_total_24h":42349,"vax_first_dose_24h":12754,"vax_sec_dose_24h":29595,"vax_cumulative":20618831,"vax_cumulative_first_dose":13104581,"vax_cumulative_sec_dose":7514250},{"date":"2021-11-07","vax_total_24h":56904,"vax_first_dose_24h":17191,"vax_sec_dose_24h":39713,"vax_cumulative":20675735,"vax_cumulative_first_dose":13121772,"vax_cumulative_sec_dose":7553963},{"date":"2021-11-08","vax_total_24h":44292,"vax_first_dose_24h":15618,"vax_sec_dose_24h":28674,"vax_cumulative":20737556,"vax_cumulative_first_dose":13144020,"vax_cumulative_sec_dose":7593536},{"date":"2021-11-09","vax_total_24h":83967,"vax_first_dose_24h":28083,"vax_sec_dose_24h":55884,"vax_cumulative":20821523,"vax_cumulative_first_dose":13172103,"vax_cumulative_sec_dose":7649420},{"date":"2021-11-10","vax_total_24h":85198,"vax_first_dose_24h":28898,"vax_sec_dose_24h":56300,"vax_cumulative":20906721,"vax_cumulative_first_dose":13201001,"vax_cumulative_sec_dose":7705720},{"date":"2021-11-11","vax_total_24h":59535,"vax_first_dose_24h":19676,"vax_sec_dose_24h":39859,"vax_cumulative":20966256,"vax_cumulative_first_dose":13220677,"vax_cumulative_sec_dose":7745579},{"date":"2021-11-12","vax_total_24h":81035,"vax_first_dose_24h":28646,"vax_sec_dose_24h":52389,"vax_cumulative":21047291,"vax_cumulative_first_dose":13249323,"vax_cumulative_sec_dose":7797968},{"date":"2021-11-13","vax_total_24h":78443,"vax_first_dose_24h":26892,"vax_sec_dose_24h":51551,"vax_cumulative":21125734,"vax_cumulative_first_dose":13276215,"vax_cumulative_sec_dose":7849519},{"date":"2021-11-14","vax_total_24h":113420,"vax_first_dose_24h":38043,"vax_sec_dose_24h":75377,"vax_cumulative":21239154,"vax_cumulative_first_dose":13314258,"vax_cumulative_sec_dose":7924896},{"date":"2021-11-15","vax_total_24h":17060,"vax_first_dose_24h":7552,"vax_sec_dose_24h":9508,"vax_cumulative":21256214,"vax_cumulative_first_dose":13321810,"vax_cumulative_sec_dose":7934404},{"date":"2021-11-16","vax_total_24h":114547,"vax_first_dose_24h":42752,"vax_sec_dose_24h":71795,"vax_cumulative":21370761,"vax_cumulative_first_dose":13364562,"vax_cumulative_sec_dose":8006199},{"date":"2021-11-17","vax_total_24h":100316,"vax_first_dose_24h":39017,"vax_sec_dose_24h":61299,"vax_cumulative":21471077,"vax_cumulative_first_dose":13403579,"vax_cumulative_sec_dose":8067498},{"date":"2021-11-18","vax_total_24h":80617,"vax_first_dose_24h":32326,"vax_sec_dose_24h":48291,"vax_cumulative":21551694,"vax_cumulative_first_dose":13435905,"vax_cumulative_sec_dose":8115789},{"date":"2021-11-19","vax_total_24h":96556,"vax_first_dose_24h":38245,"vax_sec_dose_24h":58311,"vax_cumulative":21648250,"vax_cumulative_first_dose":13474150,"vax_cumulative_sec_dose":8174100},{"date":"2021-11-20","vax_total_24h":71183,"vax_first_dose_24h":26375,"vax_sec_dose_24h":44808,"vax_cumulative":21719433,"vax_cumulative_first_dose":13500525,"vax_cumulative_sec_dose":8218908},{"date":"2021-11-21","vax_total_24h":101782,"vax_first_dose_24h":36750,"vax_sec_dose_24h":65032,"vax_cumulative":21821215,"vax_cumulative_first_dose":13537275,"vax_cumulative_sec_dose":8283940},{"date":"2021-11-22","vax_total_24h":21305,"vax_first_dose_24h":8695,"vax_sec_dose_24h":12610,"vax_cumulative":21842520,"vax_cumulative_first_dose":13545970,"vax_cumulative_sec_dose":8296550},{"date":"2021-11-23","vax_total_24h":109548,"vax_first_dose_24h":41246,"vax_sec_dose_24h":68302,"vax_cumulative":21952068,"vax_cumulative_first_dose":13587216,"vax_cumulative_sec_dose":8364852},{"date":"2021-11-24","vax_total_24h":111395,"vax_first_dose_24h":43638,"vax_sec_dose_24h":67757,"vax_cumulative":22063463,"vax_cumulative_first_dose":13630854,"vax_cumulative_sec_dose":8432609},{"date":"2021-11-25","vax_total_24h":92940,"vax_first_dose_24h":36583,"vax_sec_dose_24h":56357,"vax_cumulative":22156403,"vax_cumulative_first_dose":13667437,"vax_cumulative_sec_dose":8488966},{"date":"2021-11-26","vax_total_24h":102730,"vax_first_dose_24h":40575,"vax_sec_dose_24h":62155,"vax_cumulative":22259133,"vax_cumulative_first_dose":13708012,"vax_cumulative_sec_dose":8551121},{"date":"2021-11-27","vax_total_24h":123901,"vax_first_dose_24h":42388,"vax_sec_dose_24h":81513,"vax_cumulative":22469578,"vax_cumulative_first_dose":13782793,"vax_cumulative_sec_dose":8686785},{"date":"2021-11-28","vax_total_24h":123901,"vax_first_dose_24h":42388,"vax_sec_dose_24h":81513,"vax_cumulative":22469578,"vax_cumulative_first_dose":13782793,"vax_cumulative_sec_dose":8686785},{"date":"2021-11-29","vax_total_24h":124524,"vax_first_dose_24h":47579,"vax_sec_dose_24h":76945,"vax_cumulative":22755167,"vax_cumulative_first_dose":13889637,"vax_cumulative_sec_dose":8865530},{"date":"2021-11-30","vax_total_24h":99518,"vax_first_dose_24h":36870,"vax_sec_dose_24h":62648,"vax_cumulative":22854685,"vax_cumulative_first_dose":13926507,"vax_cumulative_sec_dose":8928178},{"date":"2021-12-01","vax_total_24h":124524,"vax_first_dose_24h":47579,"vax_sec_dose_24h":76945,"vax_cumulative":22755167,"vax_cumulative_first_dose":13889637,"vax_cumulative_sec_dose":8865530},{"date":"2021-12-02","vax_total_24h":99518,"vax_first_dose_24h":36870,"vax_sec_dose_24h":62648,"vax_cumulative":22854685,"vax_cumulative_first_dose":13926507,"vax_cumulative_sec_dose":8928178},{"date":"2021-12-03","vax_total_24h":107293,"vax_first_dose_24h":38825,"vax_sec_dose_24h":68468,"vax_cumulative":22961978,"vax_cumulative_first_dose":13965332,"vax_cumulative_sec_dose":8996646},{"date":"2021-12-04","vax_total_24h":104328,"vax_first_dose_24h":39352,"vax_sec_dose_24h":64976,"vax_cumulative":23066306,"vax_cumulative_first_dose":14004684,"vax_cumulative_sec_dose":9061622},{"date":"2021-12-05","vax_total_24h":165236,"vax_first_dose_24h":62567,"vax_sec_dose_24h":102669,"vax_cumulative":23231542,"vax_cumulative_first_dose":14067251,"vax_cumulative_sec_dose":9164291},{"date":"2021-12-06","vax_total_24h":45263,"vax_first_dose_24h":19349,"vax_sec_dose_24h":25914,"vax_cumulative":23276805,"vax_cumulative_first_dose":14086600,"vax_cumulative_sec_dose":9190205},{"date":"2021-12-07","vax_total_24h":172848,"vax_first_dose_24h":68781,"vax_sec_dose_24h":104067,"vax_cumulative":23449653,"vax_cumulative_first_dose":14155381,"vax_cumulative_sec_dose":9294272},{"date":"2021-12-08","vax_total_24h":158648,"vax_first_dose_24h":63919,"vax_sec_dose_24h":94729,"vax_cumulative":23608301,"vax_cumulative_first_dose":14219300,"vax_cumulative_sec_dose":9389001},{"date":"2021-12-09","vax_total_24h":127431,"vax_first_dose_24h":50434,"vax_sec_dose_24h":76997,"vax_cumulative":23735732,"vax_cumulative_first_dose":14269734,"vax_cumulative_sec_dose":9465998},{"date":"2021-12-10","vax_total_24h":122300,"vax_first_dose_24h":48351,"vax_sec_dose_24h":73949,"vax_cumulative":23858032,"vax_cumulative_first_dose":14318085,"vax_cumulative_sec_dose":9539947},{"date":"2021-12-11","vax_total_24h":102660,"vax_first_dose_24h":39997,"vax_sec_dose_24h":62663,"vax_cumulative":23960692,"vax_cumulative_first_dose":14358082,"vax_cumulative_sec_dose":9602610},{"date":"2021-12-12","vax_total_24h":139453,"vax_first_dose_24h":49805,"vax_sec_dose_24h":89648,"vax_cumulative":24100145,"vax_cumulative_first_dose":14407887,"vax_cumulative_sec_dose":9692258},{"date":"2021-12-13","vax_total_24h":36072,"vax_first_dose_24h":15012,"vax_sec_dose_24h":21060,"vax_cumulative":24136217,"vax_cumulative_first_dose":14422899,"vax_cumulative_sec_dose":9713318},{"date":"2021-12-14","vax_total_24h":135262,"vax_first_dose_24h":49444,"vax_sec_dose_24h":85818,"vax_cumulative":24271479,"vax_cumulative_first_dose":14472343,"vax_cumulative_sec_dose":9799136},{"date":"2021-12-15","vax_total_24h":123434,"vax_first_dose_24h":45007,"vax_sec_dose_24h":78427,"vax_cumulative":24394913,"vax_cumulative_first_dose":14517350,"vax_cumulative_sec_dose":9877563},{"date":"2021-12-16","vax_total_24h":106902,"vax_first_dose_24h":38240,"vax_sec_dose_24h":68662,"vax_cumulative":24501815,"vax_cumulative_first_dose":14555590,"vax_cumulative_sec_dose":9946225},{"date":"2021-12-17","vax_total_24h":109221,"vax_first_dose_24h":37245,"vax_sec_dose_24h":71976,"vax_cumulative":24611036,"vax_cumulative_first_dose":14592835,"vax_cumulative_sec_dose":10018201},{"date":"2021-12-18","vax_total_24h":95460,"vax_first_dose_24h":31803,"vax_sec_dose_24h":63657,"vax_cumulative":24706496,"vax_cumulative_first_dose":14624638,"vax_cumulative_sec_dose":10081858},{"date":"2021-12-19","vax_total_24h":123719,"vax_first_dose_24h":38970,"vax_sec_dose_24h":84749,"vax_cumulative":24830215,"vax_cumulative_first_dose":14663608,"vax_cumulative_sec_dose":10166607},{"date":"2021-12-20","vax_total_24h":30080,"vax_first_dose_24h":11149,"vax_sec_dose_24h":18931,"vax_cumulative":24860295,"vax_cumulative_first_dose":14674757,"vax_cumulative_sec_dose":10185538},{"date":"2021-12-21","vax_total_24h":131180,"vax_first_dose_24h":41123,"vax_sec_dose_24h":90057,"vax_cumulative":24991475,"vax_cumulative_first_dose":14715880,"vax_cumulative_sec_dose":10275595},{"date":"2021-12-22","vax_total_24h":117481,"vax_first_dose_24h":37295,"vax_sec_dose_24h":80186,"vax_cumulative":25108956,"vax_cumulative_first_dose":14753175,"vax_cumulative_sec_dose":10355781},{"date":"2021-12-23","vax_total_24h":102576,"vax_first_dose_24h":32087,"vax_sec_dose_24h":70489,"vax_cumulative":25211532,"vax_cumulative_first_dose":14785262,"vax_cumulative_sec_dose":10426270},{"date":"2021-12-24","vax_total_24h":122740,"vax_first_dose_24h":40949,"vax_sec_dose_24h":81791,"vax_cumulative":25334272,"vax_cumulative_first_dose":14826211,"vax_cumulative_sec_dose":10508061},{"date":"2021-12-25","vax_total_24h":114311,"vax_first_dose_24h":39233,"vax_sec_dose_24h":75078,"vax_cumulative":25448583,"vax_cumulative_first_dose":14865444,"vax_cumulative_sec_dose":10583139},{"date":"2021-12-26","vax_total_24h":109032,"vax_first_dose_24h":37964,"vax_sec_dose_24h":71068,"vax_cumulative":25557615,"vax_cumulative_first_dose":14903408,"vax_cumulative_sec_dose":10654207},{"date":"2021-12-27","vax_total_24h":32116,"vax_first_dose_24h":12175,"vax_sec_dose_24h":19941,"vax_cumulative":25589731,"vax_cumulative_first_dose":14915583,"vax_cumulative_sec_dose":10674148},{"date":"2021-12-28","vax_total_24h":175392,"vax_first_dose_24h":62728,"vax_sec_dose_24h":112664,"vax_cumulative":25765123,"vax_cumulative_first_dose":14978311,"vax_cumulative_sec_dose":10786812},{"date":"2021-12-29","vax_total_24h":153968,"vax_first_dose_24h":58133,"vax_sec_dose_24h":95835,"vax_cumulative":25919091,"vax_cumulative_first_dose":15036444,"vax_cumulative_sec_dose":10882647},{"date":"2021-12-30","vax_total_24h":150922,"vax_first_dose_24h":60586,"vax_sec_dose_24h":90336,"vax_cumulative":26070013,"vax_cumulative_first_dose":15097030,"vax_cumulative_sec_dose":10972983},{"date":"2021-12-31","vax_total_24h":170595,"vax_first_dose_24h":72639,"vax_sec_dose_24h":97956,"vax_cumulative":26240608,"vax_cumulative_first_dose":15169669,"vax_cumulative_sec_dose":11070939},{"date":"2022-01-01","vax_total_24h":124148,"vax_first_dose_24h":52767,"vax_sec_dose_24h":71381,"vax_cumulative":26364756,"vax_cumulative_first_dose":15222436,"vax_cumulative_sec_dose":11142320},{"date":"2022-01-02","vax_total_24h":83867,"vax_first_dose_24h":34922,"vax_sec_dose_24h":48945,"vax_cumulative":26448623,"vax_cumulative_first_dose":15257358,"vax_cumulative_sec_dose":11191265},{"date":"2022-01-03","vax_total_24h":23614,"vax_first_dose_24h":9167,"vax_sec_dose_24h":14447,"vax_cumulative":26472237,"vax_cumulative_first_dose":15266525,"vax_cumulative_sec_dose":11205712},{"date":"2022-01-04","vax_total_24h":185595,"vax_first_dose_24h":92928,"vax_sec_dose_24h":92667,"vax_cumulative":26657832,"vax_cumulative_first_dose":15359453,"vax_cumulative_sec_dose":11298379},{"date":"2022-01-05","vax_total_24h":198213,"vax_first_dose_24h":108147,"vax_sec_dose_24h":90066,"vax_cumulative":26856045,"vax_cumulative_first_dose":15467600,"vax_cumulative_sec_dose":11388445},{"date":"2022-01-06","vax_total_24h":141498,"vax_first_dose_24h":89945,"vax_sec_dose_24h":51553,"vax_cumulative":26997543,"vax_cumulative_first_dose":15557545,"vax_cumulative_sec_dose":11439998},{"date":"2022-01-07","vax_total_24h":200280,"vax_first_dose_24h":128843,"vax_sec_dose_24h":71797,"vax_cumulative":27197823,"vax_cumulative_first_dose":15686028,"vax_cumulative_sec_dose":11511795},{"date":"2022-01-08","vax_total_24h":179885,"vax_first_dose_24h":120371,"vax_sec_dose_24h":59514,"vax_cumulative":27377708,"vax_cumulative_first_dose":15806399,"vax_cumulative_sec_dose":11571309},{"date":"2022-01-09","vax_total_24h":119334,"vax_first_dose_24h":77807,"vax_sec_dose_24h":41527,"vax_cumulative":27497042,"vax_cumulative_first_dose":15884206,"vax_cumulative_sec_dose":11612836},{"date":"2022-01-10","vax_total_24h":25030,"vax_first_dose_24h":16901,"vax_sec_dose_24h":8129,"vax_cumulative":27522072,"vax_cumulative_first_dose":15901107,"vax_cumulative_sec_dose":11620965},{"date":"2022-01-11","vax_total_24h":197617,"vax_first_dose_24h":112940,"vax_sec_dose_24h":65819,"vax_cumulative":16014047,"vax_cumulative_first_dose":11686784,"vax_cumulative_sec_dose":18858},{"date":"2022-01-12","vax_total_24h":188395,"vax_first_dose_24h":104382,"vax_sec_dose_24h":61434,"vax_cumulative":16118429,"vax_cumulative_first_dose":11748218,"vax_cumulative_sec_dose":41437},{"date":"2022-01-13","vax_total_24h":163851,"vax_first_dose_24h":94838,"vax_sec_dose_24h":45322,"vax_cumulative":16213267,"vax_cumulative_first_dose":11793540,"vax_cumulative_sec_dose":65128},{"date":"2022-01-14","vax_total_24h":167374,"vax_first_dose_24h":100621,"vax_sec_dose_24h":42464,"vax_cumulative":16313888,"vax_cumulative_first_dose":11836004,"vax_cumulative_sec_dose":89417},{"date":"2022-01-15","vax_total_24h":129538,"vax_first_dose_24h":80606,"vax_sec_dose_24h":30531,"vax_cumulative":16394494,"vax_cumulative_first_dose":11866535,"vax_cumulative_sec_dose":107818},{"date":"2022-01-16","vax_total_24h":165924,"vax_first_dose_24h":94486,"vax_sec_dose_24h":52747,"vax_cumulative":16488980,"vax_cumulative_first_dose":11919282,"vax_cumulative_sec_dose":126509},{"date":"2022-01-17","vax_total_24h":23577,"vax_first_dose_24h":14723,"vax_sec_dose_24h":6978,"vax_cumulative":16503703,"vax_cumulative_first_dose":11926260,"vax_cumulative_sec_dose":128385},{"date":"2022-01-18","vax_total_24h":151314,"vax_first_dose_24h":86860,"vax_sec_dose_24h":45582,"vax_cumulative":16590563,"vax_cumulative_first_dose":11971842,"vax_cumulative_sec_dose":147257},{"date":"2022-01-19","vax_total_24h":125611,"vax_first_dose_24h":70314,"vax_sec_dose_24h":39784,"vax_cumulative":16660877,"vax_cumulative_first_dose":12011626,"vax_cumulative_sec_dose":162770},{"date":"2022-01-20","vax_total_24h":99759,"vax_first_dose_24h":56272,"vax_sec_dose_24h":30819,"vax_cumulative":16717149,"vax_cumulative_first_dose":12042445,"vax_cumulative_sec_dose":175438},{"date":"2022-01-21","vax_total_24h":91869,"vax_first_dose_24h":45386,"vax_sec_dose_24h":32638,"vax_cumulative":16762535,"vax_cumulative_first_dose":12075083,"vax_cumulative_sec_dose":189283},{"date":"2022-01-22","vax_total_24h":75837,"vax_first_dose_24h":37531,"vax_sec_dose_24h":27440,"vax_cumulative":16800066,"vax_cumulative_first_dose":12102523,"vax_cumulative_sec_dose":200149},{"date":"2022-01-23","vax_total_24h":74246,"vax_first_dose_24h":31809,"vax_sec_dose_24h":32429,"vax_cumulative":16831875,"vax_cumulative_first_dose":12134952,"vax_cumulative_sec_dose":210157}]