[{"table_name":"DL_patient_mgmt","state":"DL","description":"Patient management table containing hospital occupany information for Delhi"},{"table_name":"DL_testing_status","state":"DL","description":"RTPCR \/ Rapid Antigen test information table for Delhi state"},{"table_name":"DL_vaccination","state":"DL","description":"Delhi state vaccination status"},{"table_name":"DL_case_info","state":"DL","description":"Delhi state case, recovered, and death information"},{"table_name":"DL_containment","state":"DL","description":"Delhi state containment zones"},{"table_name":"DL_cumulative","state":"DL","description":"Delhi state cumulative positive, recovered, fatalities data"},{"table_name":"WB_case_info","state":"WB","description":"West Bengal case, discharge, and fatality information"},{"table_name":"WB_testing","state":"WB","description":"West Bengal testing snapshot"},{"table_name":"WB_hospital","state":"WB","description":"West Bengal hospital infrastructure snapshot"},{"table_name":"WB_district_cases","state":"WB","description":"West Bengal district wise case info"},{"table_name":"WB_testing_labs","state":"WB","description":"West Bengal testing laboratories information"},{"table_name":"WB_equipment","state":"WB","description":"West Bengal protective gear equipment details"},{"table_name":"WB_vaccination","state":"WB","description":"West Bengal vaccination information"},{"table_name":"WB_counselling","state":"WB","description":"West Bengal ambulance and tele-counselling information"},{"table_name":"TG_symptomatic","state":"TG","description":"Telangana status of asymptomatic \/ symptomatic cases"},{"table_name":"TG_comorbidities_fatalities","state":"TG","description":"Telangana percentage of deaths due to COVID-19 or comorbidities"},{"table_name":"TG_age_gender_dist","state":"TG","description":"Telangana age and gender distribution of positive cases"},{"table_name":"TG_case_info","state":"TG","description":"Telangana daily new cases, recoveries, deaths information"},{"table_name":"TG_testing_info","state":"TG","description":"Telangana daily testing information"},{"table_name":"TG_contact_testing","state":"TG","description":"Telangana primary and secondary contact testing"},{"table_name":"TG_district_cases_info","state":"TG","description":"Telangana daily new cases in districts"},{"table_name":"HR_case_info","state":"HR","description":"Haryana daily new cases, recoveries, deaths information"},{"table_name":"HR_district_info","state":"HR","description":"Haryana district-wise case information"},{"table_name":"HR_critical_case_info","state":"HR","description":"Haryana critical cases (patients on O2 support \/ ventilator) information"},{"table_name":"MH_case_info","state":"MH","description":"Maharashtra daily new cases information"},{"table_name":"MH_district_caseinfo","state":"MH","description":"Maharashtra daily district level case information"},{"table_name":"MH_corporation_caseinfo","state":"MH","description":"Maharashtra daily municipal corporation level case information"},{"table_name":"KA_case_info","state":"KA","description":"Karnataka overall case, discharge, fatality info"},{"table_name":"KA_district_cases","state":"KA","description":"Karnataka districtwise abstract"},{"table_name":"UK_district_cases","state":"UK","description":"Uttarakhand district wise case info"},{"table_name":"UK_mucormycosis_cases","state":"UK","description":"Uttarakhand mucormycosis case info"},{"table_name":"UK_testing","state":"UK","description":"Uttarakhand district wise testing snapshot"},{"table_name":"UK_vaccination","state":"UK","description":"Uttarakhand district wise vaccination snapshot"},{"table_name":"UK_case_info","state":"UK","description":"Uttarakhand daily and cumulative state-level case information"},{"table_name":"KA_individual_fatalities","state":"KA","description":"Karnataka individual fatality diagnosis"},{"table_name":"KL_contact_travel_cumulative","state":"KL","description":"Summary of contact or travel history of COVID-19 cases since 4th May 2020"},{"table_name":"KL_contact_travel_new","state":"KL","description":"Details of COVID-19 positive deaths in the last 24 hours"},{"table_name":"KL_critical_patients","state":"KL","description":"Summary of critical patients"},{"table_name":"KL_cumulative_summary_t_minus_one","state":"KL","description":"Summary of COVID-19 cases till T Minus One"},{"table_name":"KL_cumulative_summary","state":"KL","description":"Cumulative summary"},{"table_name":"KL_daily_summary","state":"KL","description":"Summary of new COVID-19 cases (last 24 hours)"},{"table_name":"KL_district_abstract","state":"KL","description":"District wise abstract of number of LSGs and Wards with WISP > 10"},{"table_name":"KL_district_case_info","state":"KL","description":"District wise summary of Cumulative cases, Active cases, and New positive cases"},{"table_name":"KL_district_death_info","state":"KL","description":"District wise Death Cases through online and offline mode - post scrutiny status"},{"table_name":"KL_individual_death_info","state":"KL","description":"Details of COVID-19 positive deaths in the last 24 hours"},{"table_name":"KL_psychosocial_support","state":"KL","description":"Psychosocial support provided through the program Ottakalla Oppamundu"},{"table_name":"KL_surveillance_info","state":"KL","description":"District wise distribution of persons under surveillance (quarantine and isolation)"},{"table_name":"KL_cumulative_tests","state":"KL","description":"Cumulative number of samples tested"},{"table_name":"KL_new_tests","state":"KL","description":"Details of new COVID-19 samples in the last 24 hours"},{"table_name":"KL_travel_surveillance","state":"KL","description":"Summary of Travel Surveillance"},{"table_name":"PB_cases","state":"PB","description":"Punjab samples, cases, and vaccination information. Table page 1"},{"table_name":"PB_case_details","state":"PB","description":"Punjab patients discharged, ventilators, icu and death details. Table page 1 or 2"},{"table_name":"PB_district_cases","state":"PB","description":"Daily and total district wise info. Multiple tables starting on page 2 and continuing page 4 or 5."},{"table_name":"PB_containment_zone","state":"PB","description":"Details about larger containment zones, with population contained in each. Table starting from Page 4 or 5 and can extend over multiple pages"},{"table_name":"PB_micro_containment_zone","state":"PB","description":"Details about micro containment zones in a district, with population contained. Table starting on page 4 or 5 and can extend over multiple pages."},{"table_name":"PB_mucormycosis_cases","state":"PB","description":"Mucormycosis daily cases and cumulative information. Table on the second last page of bulletins since June 2021."},{"table_name":"PB_mucormycosis_district_cases","state":"PB","description":"Mucormycosis district-wise details for total cases, deaths, under treatment etc. Table on the last page of bulletins from June 2021"},{"table_name":"PB_mucormycosis_out_of_state_details","state":"PB","description":"Details of mucormycosis patients from out of state. Table on the last page of bulletins from June 2021"},{"table_name":"GA_overview","state":"GA","description":"CASE INFO"},{"table_name":"GA_active_cases","state":"GA","description":"BREAKUP OF ACTIVE POSITIVE CASES"},{"table_name":"GA_bed_capacity","state":"GA","description":"BED CAPACITY IN COVID CARE CENTRES"},{"table_name":"MP_overview","state":"MP","description":"Overview"},{"table_name":"MP_district_info","state":"MP","description":"District level information"},{"table_name":"MP_calls","state":"MP","description":"Toll free helplines of COVID."},{"table_name":"MP_centers","state":"MP","description":"Government and private institutions have been identified                            as Dedicated COVID Care Center (DCCC), Dedicated COVID                            Health Center (DCHC), and Dedicated Covid Hospital (DCH)                            by the government for the treatment of corona positive                            persons, in which the treatment of corona infected persons                            is being done on the basis of symptoms and severity."},{"table_name":"MP_teams","state":"MP","description":"Community, block, and district level teams formed to investigate patients on the basis of symptoms."},{"table_name":"MP_testing","state":"MP","description":"Advanced testing reports."},{"table_name":"MP_vaccination_coverage","state":"MP","description":"Vaccination Coverage"},{"table_name":"TN_case_info","state":"TN","description":"Tamil Nadu cumulative info, table 1 on page 1 of bulletin"},{"table_name":"TN_positive_cases_detail","state":"TN","description":"Tamil Nadu positive cases details by sex, table 1 on page 2 of bulletin"},{"table_name":"TN_district_details","state":"TN","description":"Tamil Nadu district wise details, table on pages 3, 4 and 6"},{"table_name":"TN_district_hospital_bed_details","state":"TN","description":"Tamil Nadu hospital bed district wise details, table on pages 7, 8 and 9"},{"table_name":"TN_comorbidities_deaths","state":"TN","description":"Tamil Nadu comorbidities or non comorbidities death facilitiestype, two tables on page 10"},{"table_name":"TN_incoming_people_till_yesterday","state":"TN","description":"Tamil Nadu incoming people from various mode of transport, first table from the top on third last page of bulletin"},{"table_name":"TN_airport_surveillance","state":"TN","description":"Tamil Nadu 4 airports domestic flights passenger testing details till previous day, table number 2 from the top on third last page"},{"table_name":"TN_flight_details","state":"TN","description":"Tamil Nadu 4 airports domestic flights passenger testing details till previous day, table number 3 from the top on third last page which continues to second last page"},{"table_name":"TN_railway_surveillance","state":"TN","description":"Tamil Nadu Railway station surveillance details till previous day, table number from the top last page"},{"table_name":"TN_seaport_surveillance","state":"TN","description":"Tamil Nadu seaport surveillance till the day before, table number 2 from the top on last page"},{"table_name":"TN_individual_fatalities","state":"TN","description":"Tamil Nadu individual fatality diagnosis data"},{"table_name":"DL_hospitalizations","state":"DL","description":"Delhi state asymptomatic, moderate, and severe patient numbers"}]