[{"date":"2020-08-17","total_cases":1725,"history_of_travel":120,"history_of_contact":94,"no_history":94},{"date":"2020-08-18","total_cases":1758,"history_of_travel":81,"history_of_contact":81,"no_history":81},{"date":"2020-08-19","total_cases":2333,"history_of_travel":158,"history_of_contact":81,"no_history":81},{"date":"2020-08-20","total_cases":1968,"history_of_travel":183,"history_of_contact":100,"no_history":100},{"date":"2020-08-21","total_cases":1983,"history_of_travel":168,"history_of_contact":109,"no_history":109},{"date":"2020-08-22","total_cases":2172,"history_of_travel":211,"history_of_contact":153,"no_history":153},{"date":"2020-08-23","total_cases":1908,"history_of_travel":140,"history_of_contact":160,"no_history":160},{"date":"2020-08-24","total_cases":1242,"history_of_travel":127,"history_of_contact":95,"no_history":95},{"date":"2020-08-25","total_cases":2375,"history_of_travel":184,"history_of_contact":175,"no_history":175},{"date":"2020-08-26","total_cases":2476,"history_of_travel":163,"history_of_contact":175,"no_history":175},{"date":"2020-08-27","total_cases":2406,"history_of_travel":180,"history_of_contact":193,"no_history":193},{"date":"2020-08-28","total_cases":2543,"history_of_travel":231,"history_of_contact":229,"no_history":229},{"date":"2020-08-29","total_cases":2397,"history_of_travel":197,"history_of_contact":197,"no_history":197},{"date":"2020-08-30","total_cases":2154,"history_of_travel":159,"history_of_contact":174,"no_history":174},{"date":"2020-08-31","total_cases":1530,"history_of_travel":144,"history_of_contact":136,"no_history":136},{"date":"2020-09-01","total_cases":1140,"history_of_travel":50,"history_of_contact":932,"no_history":932},{"date":"2020-09-02","total_cases":1547,"history_of_travel":86,"history_of_contact":156,"no_history":156},{"date":"2020-09-03","total_cases":1553,"history_of_travel":118,"history_of_contact":156,"no_history":156},{"date":"2020-09-04","total_cases":2479,"history_of_travel":130,"history_of_contact":149,"no_history":149},{"date":"2020-09-05","total_cases":2655,"history_of_travel":152,"history_of_contact":220,"no_history":220},{"date":"2020-09-06","total_cases":3082,"history_of_travel":196,"history_of_contact":181,"no_history":181},{"date":"2020-09-07","total_cases":1648,"history_of_travel":90,"history_of_contact":105,"no_history":105},{"date":"2020-09-08","total_cases":3026,"history_of_travel":212,"history_of_contact":237,"no_history":237},{"date":"2020-09-09","total_cases":3402,"history_of_travel":179,"history_of_contact":235,"no_history":235},{"date":"2020-09-10","total_cases":3349,"history_of_travel":215,"history_of_contact":266,"no_history":266},{"date":"2020-09-11","total_cases":2988,"history_of_travel":179,"history_of_contact":285,"no_history":285},{"date":"2020-09-12","total_cases":2885,"history_of_travel":179,"history_of_contact":287,"no_history":287},{"date":"2020-09-13","total_cases":3139,"history_of_travel":162,"history_of_contact":251,"no_history":251},{"date":"2020-09-14","total_cases":2540,"history_of_travel":107,"history_of_contact":212,"no_history":212},{"date":"2020-09-15","total_cases":3215,"history_of_travel":141,"history_of_contact":285,"no_history":285},{"date":"2020-09-16","total_cases":3830,"history_of_travel":202,"history_of_contact":350,"no_history":350},{"date":"2020-09-17","total_cases":4351,"history_of_travel":198,"history_of_contact":351,"no_history":351},{"date":"2020-09-18","total_cases":4167,"history_of_travel":213,"history_of_contact":410,"no_history":410},{"date":"2020-09-19","total_cases":4644,"history_of_travel":265,"history_of_contact":498,"no_history":498},{"date":"2020-09-20","total_cases":4696,"history_of_travel":181,"history_of_contact":459,"no_history":459},{"date":"2020-09-21","total_cases":2910,"history_of_travel":169,"history_of_contact":313,"no_history":313},{"date":"2020-09-22","total_cases":4125,"history_of_travel":155,"history_of_contact":412,"no_history":412},{"date":"2020-09-23","total_cases":5376,"history_of_travel":204,"history_of_contact":640,"no_history":640},{"date":"2020-09-24","total_cases":6324,"history_of_travel":270,"history_of_contact":628,"no_history":628},{"date":"2020-09-25","total_cases":6477,"history_of_travel":256,"history_of_contact":713,"no_history":713},{"date":"2020-09-26","total_cases":7006,"history_of_travel":245,"history_of_contact":664,"no_history":664},{"date":"2020-09-27","total_cases":7445,"history_of_travel":371,"history_of_contact":561,"no_history":561},{"date":"2020-09-28","total_cases":4538,"history_of_travel":213,"history_of_contact":249,"no_history":249},{"date":"2020-09-29","total_cases":7354,"history_of_travel":188,"history_of_contact":672,"no_history":672},{"date":"2020-09-30","total_cases":8830,"history_of_travel":222,"history_of_contact":784,"no_history":784},{"date":"2020-10-01","total_cases":8135,"history_of_travel":285,"history_of_contact":730,"no_history":730},{"date":"2020-10-02","total_cases":9258,"history_of_travel":231,"history_of_contact":657,"no_history":657},{"date":"2020-10-03","total_cases":7834,"history_of_travel":236,"history_of_contact":648,"no_history":648},{"date":"2020-10-04","total_cases":8553,"history_of_travel":211,"history_of_contact":716,"no_history":716},{"date":"2020-10-05","total_cases":5042,"history_of_travel":131,"history_of_contact":450,"no_history":450},{"date":"2020-10-06","total_cases":7871,"history_of_travel":200,"history_of_contact":640,"no_history":640},{"date":"2020-10-07","total_cases":10606,"history_of_travel":219,"history_of_contact":741,"no_history":741},{"date":"2020-10-08","total_cases":5445,"history_of_travel":250,"history_of_contact":502,"no_history":502},{"date":"2020-10-09","total_cases":9259,"history_of_travel":167,"history_of_contact":757,"no_history":757},{"date":"2020-10-10","total_cases":11755,"history_of_travel":209,"history_of_contact":952,"no_history":952},{"date":"2020-10-11","total_cases":9347,"history_of_travel":201,"history_of_contact":821,"no_history":821},{"date":"2020-10-12","total_cases":5930,"history_of_travel":134,"history_of_contact":834,"no_history":834},{"date":"2020-10-13","total_cases":8764,"history_of_travel":121,"history_of_contact":528,"no_history":528},{"date":"2020-10-14","total_cases":6244,"history_of_travel":99,"history_of_contact":364,"no_history":364},{"date":"2020-10-15","total_cases":7789,"history_of_travel":126,"history_of_contact":1049,"no_history":1049},{"date":"2020-10-16","total_cases":7283,"history_of_travel":144,"history_of_contact":1158,"no_history":1158},{"date":"2020-10-17","total_cases":9016,"history_of_travel":127,"history_of_contact":1321,"no_history":1321},{"date":"2020-10-18","total_cases":7631,"history_of_travel":160,"history_of_contact":723,"no_history":723},{"date":"2020-10-19","total_cases":5022,"history_of_travel":59,"history_of_contact":647,"no_history":647},{"date":"2020-10-20","total_cases":6591,"history_of_travel":105,"history_of_contact":707,"no_history":707},{"date":"2020-10-21","total_cases":8369,"history_of_travel":160,"history_of_contact":883,"no_history":883},{"date":"2020-10-22","total_cases":7482,"history_of_travel":123,"history_of_contact":844,"no_history":844},{"date":"2020-10-23","total_cases":8511,"history_of_travel":148,"history_of_contact":1012,"no_history":1012},{"date":"2020-10-24","total_cases":8253,"history_of_travel":163,"history_of_contact":939,"no_history":939},{"date":"2020-10-25","total_cases":6843,"history_of_travel":159,"history_of_contact":908,"no_history":908},{"date":"2020-10-26","total_cases":4287,"history_of_travel":52,"history_of_contact":471,"no_history":471},{"date":"2020-10-27","total_cases":5457,"history_of_travel":88,"history_of_contact":607,"no_history":607},{"date":"2020-10-28","total_cases":8790,"history_of_travel":178,"history_of_contact":872,"no_history":872},{"date":"2020-10-29","total_cases":7020,"history_of_travel":168,"history_of_contact":734,"no_history":734},{"date":"2020-10-30","total_cases":6638,"history_of_travel":85,"history_of_contact":700,"no_history":700},{"date":"2020-10-31","total_cases":7983,"history_of_travel":86,"history_of_contact":786,"no_history":786},{"date":"2020-11-01","total_cases":7025,"history_of_travel":85,"history_of_contact":712,"no_history":712},{"date":"2020-11-02","total_cases":4138,"history_of_travel":54,"history_of_contact":438,"no_history":438},{"date":"2020-11-03","total_cases":6862,"history_of_travel":107,"history_of_contact":783,"no_history":783},{"date":"2020-11-04","total_cases":8516,"history_of_travel":97,"history_of_contact":879,"no_history":879},{"date":"2020-11-05","total_cases":6820,"history_of_travel":95,"history_of_contact":730,"no_history":730},{"date":"2020-11-06","total_cases":7002,"history_of_travel":98,"history_of_contact":646,"no_history":646},{"date":"2020-11-07","total_cases":7201,"history_of_travel":96,"history_of_contact":728,"no_history":728},{"date":"2020-11-08","total_cases":5440,"history_of_travel":105,"history_of_contact":585,"no_history":585},{"date":"2020-11-09","total_cases":3593,"history_of_travel":61,"history_of_contact":409,"no_history":409},{"date":"2020-11-10","total_cases":6010,"history_of_travel":100,"history_of_contact":653,"no_history":653},{"date":"2020-11-11","total_cases":7007,"history_of_travel":86,"history_of_contact":717,"no_history":717},{"date":"2020-11-12","total_cases":5537,"history_of_travel":140,"history_of_contact":653,"no_history":653},{"date":"2020-11-13","total_cases":5804,"history_of_travel":118,"history_of_contact":643,"no_history":643},{"date":"2020-11-14","total_cases":6357,"history_of_travel":107,"history_of_contact":645,"no_history":645},{"date":"2020-11-15","total_cases":4581,"history_of_travel":85,"history_of_contact":527,"no_history":527},{"date":"2020-11-16","total_cases":2710,"history_of_travel":55,"history_of_contact":269,"no_history":269},{"date":"2020-11-17","total_cases":5792,"history_of_travel":104,"history_of_contact":639,"no_history":639},{"date":"2020-11-18","total_cases":6419,"history_of_travel":98,"history_of_contact":677,"no_history":677},{"date":"2020-11-19","total_cases":5722,"history_of_travel":117,"history_of_contact":643,"no_history":643},{"date":"2020-11-20","total_cases":6028,"history_of_travel":105,"history_of_contact":654,"no_history":654},{"date":"2020-11-21","total_cases":5772,"history_of_travel":91,"history_of_contact":639,"no_history":639},{"date":"2020-11-22","total_cases":5254,"history_of_travel":94,"history_of_contact":662,"no_history":662},{"date":"2020-11-23","total_cases":3757,"history_of_travel":76,"history_of_contact":377,"no_history":377},{"date":"2020-11-24","total_cases":5420,"history_of_travel":83,"history_of_contact":592,"no_history":592},{"date":"2020-11-25","total_cases":6491,"history_of_travel":95,"history_of_contact":663,"no_history":663},{"date":"2020-11-26","total_cases":5378,"history_of_travel":76,"history_of_contact":582,"no_history":582},{"date":"2020-11-27","total_cases":3966,"history_of_travel":81,"history_of_contact":488,"no_history":488},{"date":"2020-11-28","total_cases":6250,"history_of_travel":92,"history_of_contact":628,"no_history":628},{"date":"2020-11-29","total_cases":5643,"history_of_travel":87,"history_of_contact":571,"no_history":571},{"date":"2020-11-30","total_cases":3382,"history_of_travel":64,"history_of_contact":405,"no_history":405},{"date":"2020-12-01","total_cases":5375,"history_of_travel":114,"history_of_contact":617,"no_history":617},{"date":"2020-12-02","total_cases":6316,"history_of_travel":98,"history_of_contact":634,"no_history":634},{"date":"2020-12-03","total_cases":5376,"history_of_travel":81,"history_of_contact":527,"no_history":527},{"date":"2020-12-04","total_cases":5718,"history_of_travel":95,"history_of_contact":572,"no_history":572},{"date":"2020-12-05","total_cases":5848,"history_of_travel":53,"history_of_contact":613,"no_history":613},{"date":"2020-12-06","total_cases":4777,"history_of_travel":84,"history_of_contact":534,"no_history":534},{"date":"2020-12-07","total_cases":3272,"history_of_travel":49,"history_of_contact":328,"no_history":328},{"date":"2020-12-08","total_cases":5032,"history_of_travel":98,"history_of_contact":517,"no_history":517},{"date":"2020-12-09","total_cases":4875,"history_of_travel":94,"history_of_contact":508,"no_history":508},{"date":"2020-12-10","total_cases":4470,"history_of_travel":77,"history_of_contact":498,"no_history":498},{"date":"2020-12-11","total_cases":4642,"history_of_travel":73,"history_of_contact":496,"no_history":496},{"date":"2020-12-12","total_cases":5949,"history_of_travel":83,"history_of_contact":646,"no_history":646},{"date":"2020-12-13","total_cases":4698,"history_of_travel":93,"history_of_contact":528,"no_history":528},{"date":"2020-12-14","total_cases":2707,"history_of_travel":51,"history_of_contact":328,"no_history":328},{"date":"2020-12-15","total_cases":5218,"history_of_travel":72,"history_of_contact":622,"no_history":622},{"date":"2020-12-16","total_cases":6185,"history_of_travel":66,"history_of_contact":770,"no_history":770},{"date":"2020-12-17","total_cases":4969,"history_of_travel":99,"history_of_contact":541,"no_history":541},{"date":"2020-12-18","total_cases":5456,"history_of_travel":91,"history_of_contact":606,"no_history":606},{"date":"2020-12-19","total_cases":6293,"history_of_travel":73,"history_of_contact":593,"no_history":593},{"date":"2020-12-20","total_cases":5711,"history_of_travel":111,"history_of_contact":501,"no_history":501},{"date":"2020-12-21","total_cases":3423,"history_of_travel":48,"history_of_contact":359,"no_history":359},{"date":"2020-12-22","total_cases":6049,"history_of_travel":108,"history_of_contact":575,"no_history":575},{"date":"2020-12-23","total_cases":6169,"history_of_travel":98,"history_of_contact":662,"no_history":662},{"date":"2020-12-24","total_cases":5177,"history_of_travel":108,"history_of_contact":475,"no_history":475},{"date":"2020-12-25","total_cases":5397,"history_of_travel":85,"history_of_contact":576,"no_history":576},{"date":"2020-12-26","total_cases":3527,"history_of_travel":63,"history_of_contact":324,"no_history":324},{"date":"2020-12-27","total_cases":4905,"history_of_travel":83,"history_of_contact":471,"no_history":471},{"date":"2020-12-28","total_cases":3047,"history_of_travel":35,"history_of_contact":275,"no_history":275},{"date":"2020-12-29","total_cases":5887,"history_of_travel":89,"history_of_contact":555,"no_history":555},{"date":"2020-12-30","total_cases":6268,"history_of_travel":102,"history_of_contact":460,"no_history":460},{"date":"2020-12-31","total_cases":5215,"history_of_travel":122,"history_of_contact":405,"no_history":405},{"date":"2021-01-01","total_cases":4991,"history_of_travel":94,"history_of_contact":425,"no_history":425},{"date":"2021-01-02","total_cases":5328,"history_of_travel":78,"history_of_contact":392,"no_history":392},{"date":"2021-01-03","total_cases":4600,"history_of_travel":61,"history_of_contact":451,"no_history":451},{"date":"2021-01-04","total_cases":3021,"history_of_travel":52,"history_of_contact":284,"no_history":284},{"date":"2021-01-05","total_cases":5615,"history_of_travel":59,"history_of_contact":475,"no_history":475},{"date":"2021-01-06","total_cases":6394,"history_of_travel":69,"history_of_contact":551,"no_history":551},{"date":"2021-01-07","total_cases":5051,"history_of_travel":78,"history_of_contact":446,"no_history":446},{"date":"2021-01-08","total_cases":5142,"history_of_travel":88,"history_of_contact":424,"no_history":424},{"date":"2021-01-09","total_cases":5528,"history_of_travel":60,"history_of_contact":435,"no_history":435},{"date":"2021-01-10","total_cases":4545,"history_of_travel":78,"history_of_contact":422,"no_history":422},{"date":"2021-01-11","total_cases":3110,"history_of_travel":45,"history_of_contact":295,"no_history":295},{"date":"2021-01-12","total_cases":5507,"history_of_travel":53,"history_of_contact":433,"no_history":433},{"date":"2021-01-13","total_cases":6004,"history_of_travel":73,"history_of_contact":477,"no_history":477},{"date":"2021-01-14","total_cases":5490,"history_of_travel":92,"history_of_contact":435,"no_history":435},{"date":"2021-01-15","total_cases":5624,"history_of_travel":58,"history_of_contact":394,"no_history":394},{"date":"2021-01-16","total_cases":5960,"history_of_travel":87,"history_of_contact":417,"no_history":417},{"date":"2021-01-17","total_cases":5005,"history_of_travel":68,"history_of_contact":388,"no_history":388},{"date":"2021-01-18","total_cases":3346,"history_of_travel":42,"history_of_contact":286,"no_history":286},{"date":"2021-01-19","total_cases":6186,"history_of_travel":92,"history_of_contact":484,"no_history":484},{"date":"2021-01-20","total_cases":6815,"history_of_travel":91,"history_of_contact":447,"no_history":447},{"date":"2021-01-21","total_cases":6334,"history_of_travel":93,"history_of_contact":517,"no_history":517},{"date":"2021-01-22","total_cases":6753,"history_of_travel":72,"history_of_contact":510,"no_history":510},{"date":"2021-01-23","total_cases":6960,"history_of_travel":73,"history_of_contact":499,"no_history":499},{"date":"2021-01-24","total_cases":6036,"history_of_travel":74,"history_of_contact":469,"no_history":469},{"date":"2021-01-26","total_cases":6293,"history_of_travel":78,"history_of_contact":426,"no_history":426},{"date":"2021-01-27","total_cases":5659,"history_of_travel":77,"history_of_contact":393,"no_history":393},{"date":"2021-01-28","total_cases":5771,"history_of_travel":88,"history_of_contact":424,"no_history":424},{"date":"2021-01-29","total_cases":6268,"history_of_travel":118,"history_of_contact":455,"no_history":455},{"date":"2021-01-30","total_cases":6282,"history_of_travel":81,"history_of_contact":425,"no_history":425},{"date":"2021-01-31","total_cases":5266,"history_of_travel":71,"history_of_contact":407,"no_history":407},{"date":"2021-02-01","total_cases":3459,"history_of_travel":47,"history_of_contact":243,"no_history":243},{"date":"2021-02-02","total_cases":5716,"history_of_travel":96,"history_of_contact":403,"no_history":403},{"date":"2021-02-03","total_cases":6356,"history_of_travel":84,"history_of_contact":413,"no_history":413},{"date":"2021-02-04","total_cases":6102,"history_of_travel":99,"history_of_contact":449,"no_history":449},{"date":"2021-02-05","total_cases":5610,"history_of_travel":101,"history_of_contact":350,"no_history":350},{"date":"2021-02-06","total_cases":5942,"history_of_travel":98,"history_of_contact":394,"no_history":394},{"date":"2021-02-07","total_cases":6075,"history_of_travel":110,"history_of_contact":335,"no_history":335},{"date":"2021-02-08","total_cases":3742,"history_of_travel":72,"history_of_contact":264,"no_history":264},{"date":"2021-02-09","total_cases":5214,"history_of_travel":61,"history_of_contact":336,"no_history":336},{"date":"2021-02-10","total_cases":5980,"history_of_travel":96,"history_of_contact":386,"no_history":386},{"date":"2021-02-11","total_cases":5281,"history_of_travel":106,"history_of_contact":360,"no_history":360},{"date":"2021-02-12","total_cases":5397,"history_of_travel":74,"history_of_contact":313,"no_history":313},{"date":"2021-02-13","total_cases":5471,"history_of_travel":77,"history_of_contact":322,"no_history":322},{"date":"2021-02-14","total_cases":4612,"history_of_travel":104,"history_of_contact":293,"no_history":293},{"date":"2021-02-15","total_cases":2884,"history_of_travel":44,"history_of_contact":165,"no_history":165},{"date":"2021-02-16","total_cases":4937,"history_of_travel":90,"history_of_contact":340,"no_history":340},{"date":"2021-02-17","total_cases":4892,"history_of_travel":90,"history_of_contact":281,"no_history":281},{"date":"2021-02-18","total_cases":4584,"history_of_travel":95,"history_of_contact":279,"no_history":279},{"date":"2021-02-19","total_cases":4505,"history_of_travel":74,"history_of_contact":288,"no_history":288},{"date":"2021-02-20","total_cases":4650,"history_of_travel":76,"history_of_contact":295,"no_history":295},{"date":"2021-02-21","total_cases":4070,"history_of_travel":68,"history_of_contact":269,"no_history":269},{"date":"2021-02-22","total_cases":2212,"history_of_travel":34,"history_of_contact":169,"no_history":169},{"date":"2021-02-23","total_cases":4034,"history_of_travel":81,"history_of_contact":258,"no_history":258},{"date":"2021-02-24","total_cases":4106,"history_of_travel":107,"history_of_contact":262,"no_history":262},{"date":"2021-02-25","total_cases":3677,"history_of_travel":78,"history_of_contact":228,"no_history":228},{"date":"2021-02-26","total_cases":3671,"history_of_travel":91,"history_of_contact":250,"no_history":250},{"date":"2021-02-27","total_cases":3792,"history_of_travel":112,"history_of_contact":236,"no_history":236},{"date":"2021-02-28","total_cases":3254,"history_of_travel":88,"history_of_contact":166,"no_history":166},{"date":"2021-03-01","total_cases":1938,"history_of_travel":56,"history_of_contact":124,"no_history":124},{"date":"2021-03-02","total_cases":2938,"history_of_travel":58,"history_of_contact":209,"no_history":209},{"date":"2021-03-03","total_cases":2765,"history_of_travel":69,"history_of_contact":181,"no_history":181},{"date":"2021-03-04","total_cases":2616,"history_of_travel":76,"history_of_contact":181,"no_history":181},{"date":"2021-03-05","total_cases":2776,"history_of_travel":66,"history_of_contact":196,"no_history":196},{"date":"2021-03-06","total_cases":2791,"history_of_travel":72,"history_of_contact":169,"no_history":169},{"date":"2021-03-07","total_cases":2100,"history_of_travel":61,"history_of_contact":253,"no_history":253},{"date":"2021-03-08","total_cases":1412,"history_of_travel":37,"history_of_contact":117,"no_history":117},{"date":"2021-03-09","total_cases":2316,"history_of_travel":48,"history_of_contact":147,"no_history":147},{"date":"2021-03-10","total_cases":2475,"history_of_travel":75,"history_of_contact":143,"no_history":143},{"date":"2021-03-11","total_cases":2133,"history_of_travel":77,"history_of_contact":180,"no_history":180},{"date":"2021-03-12","total_cases":1780,"history_of_travel":53,"history_of_contact":139,"no_history":139},{"date":"2021-03-13","total_cases":2035,"history_of_travel":48,"history_of_contact":180,"no_history":180},{"date":"2021-03-14","total_cases":1792,"history_of_travel":43,"history_of_contact":143,"no_history":143},{"date":"2021-03-15","total_cases":1054,"history_of_travel":33,"history_of_contact":113,"no_history":113},{"date":"2021-03-16","total_cases":1970,"history_of_travel":70,"history_of_contact":145,"no_history":145},{"date":"2021-03-17","total_cases":2026,"history_of_travel":72,"history_of_contact":138,"no_history":138},{"date":"2021-03-18","total_cases":1899,"history_of_travel":64,"history_of_contact":173,"no_history":173},{"date":"2021-03-19","total_cases":1984,"history_of_travel":88,"history_of_contact":76,"no_history":76},{"date":"2021-03-20","total_cases":2078,"history_of_travel":102,"history_of_contact":111,"no_history":111},{"date":"2021-03-21","total_cases":1875,"history_of_travel":58,"history_of_contact":141,"no_history":141},{"date":"2021-03-22","total_cases":1239,"history_of_travel":60,"history_of_contact":106,"no_history":106},{"date":"2021-03-23","total_cases":1985,"history_of_travel":100,"history_of_contact":122,"no_history":122},{"date":"2021-03-24","total_cases":2456,"history_of_travel":105,"history_of_contact":187,"no_history":187},{"date":"2021-03-25","total_cases":1989,"history_of_travel":75,"history_of_contact":153,"no_history":153},{"date":"2021-03-26","total_cases":1825,"history_of_travel":71,"history_of_contact":130,"no_history":130},{"date":"2021-03-27","total_cases":2055,"history_of_travel":82,"history_of_contact":175,"no_history":175},{"date":"2021-03-28","total_cases":2216,"history_of_travel":92,"history_of_contact":170,"no_history":170},{"date":"2021-03-29","total_cases":1549,"history_of_travel":68,"history_of_contact":133,"no_history":133},{"date":"2021-03-30","total_cases":2389,"history_of_travel":77,"history_of_contact":184,"no_history":184},{"date":"2021-03-31","total_cases":2653,"history_of_travel":122,"history_of_contact":183,"no_history":183},{"date":"2021-04-01","total_cases":2798,"history_of_travel":169,"history_of_contact":112,"no_history":112},{"date":"2021-04-02","total_cases":2508,"history_of_travel":132,"history_of_contact":198,"no_history":198},{"date":"2021-04-03","total_cases":2541,"history_of_travel":108,"history_of_contact":161,"no_history":161},{"date":"2021-04-04","total_cases":2802,"history_of_travel":132,"history_of_contact":206,"no_history":206},{"date":"2021-04-05","total_cases":2357,"history_of_travel":104,"history_of_contact":183,"no_history":183},{"date":"2021-04-06","total_cases":3502,"history_of_travel":148,"history_of_contact":230,"no_history":230},{"date":"2021-04-07","total_cases":3502,"history_of_travel":131,"history_of_contact":258,"no_history":258},{"date":"2021-04-08","total_cases":4353,"history_of_travel":173,"history_of_contact":297,"no_history":297},{"date":"2021-04-09","total_cases":5063,"history_of_travel":162,"history_of_contact":413,"no_history":413},{"date":"2021-04-10","total_cases":6194,"history_of_travel":171,"history_of_contact":404,"no_history":404},{"date":"2021-04-11","total_cases":6986,"history_of_travel":197,"history_of_contact":504,"no_history":504},{"date":"2021-04-12","total_cases":5692,"history_of_travel":188,"history_of_contact":393,"no_history":393},{"date":"2021-04-13","total_cases":7515,"history_of_travel":198,"history_of_contact":534,"no_history":534},{"date":"2021-04-14","total_cases":8778,"history_of_travel":205,"history_of_contact":627,"no_history":627},{"date":"2021-04-15","total_cases":8126,"history_of_travel":238,"history_of_contact":642,"no_history":642},{"date":"2021-04-16","total_cases":10031,"history_of_travel":221,"history_of_contact":626,"no_history":626},{"date":"2021-04-17","total_cases":13835,"history_of_travel":259,"history_of_contact":1019,"no_history":1019},{"date":"2021-04-18","total_cases":18257,"history_of_travel":269,"history_of_contact":1159,"no_history":1159},{"date":"2021-04-19","total_cases":13644,"history_of_travel":230,"history_of_contact":826,"no_history":826},{"date":"2021-04-20","total_cases":19577,"history_of_travel":397,"history_of_contact":1275,"no_history":1275},{"date":"2021-04-21","total_cases":22414,"history_of_travel":206,"history_of_contact":1332,"no_history":1332},{"date":"2021-04-22","total_cases":26995,"history_of_travel":275,"history_of_contact":1730,"no_history":1730},{"date":"2021-04-23","total_cases":28447,"history_of_travel":315,"history_of_contact":1756,"no_history":1756},{"date":"2021-04-24","total_cases":26685,"history_of_travel":259,"history_of_contact":1757,"no_history":1757},{"date":"2021-04-25","total_cases":28469,"history_of_travel":338,"history_of_contact":1768,"no_history":1768},{"date":"2021-04-26","total_cases":21890,"history_of_travel":230,"history_of_contact":1502,"no_history":1502},{"date":"2021-04-27","total_cases":32819,"history_of_travel":265,"history_of_contact":2049,"no_history":2049},{"date":"2021-04-28","total_cases":35013,"history_of_travel":275,"history_of_contact":2167,"no_history":2167},{"date":"2021-04-29","total_cases":38607,"history_of_travel":300,"history_of_contact":2620,"no_history":2620},{"date":"2021-04-30","total_cases":37199,"history_of_travel":330,"history_of_contact":2169,"no_history":2169},{"date":"2021-05-01","total_cases":35636,"history_of_travel":223,"history_of_contact":2136,"no_history":2136},{"date":"2021-05-02","total_cases":31959,"history_of_travel":266,"history_of_contact":1912,"no_history":1912},{"date":"2021-05-03","total_cases":26011,"history_of_travel":301,"history_of_contact":1524,"no_history":1524},{"date":"2021-05-04","total_cases":37190,"history_of_travel":201,"history_of_contact":2728,"no_history":2728},{"date":"2021-05-05","total_cases":41953,"history_of_travel":363,"history_of_contact":2577,"no_history":2577},{"date":"2021-05-06","total_cases":42464,"history_of_travel":265,"history_of_contact":2579,"no_history":2579},{"date":"2021-05-11","total_cases":37290,"history_of_travel":215,"history_of_contact":2676,"no_history":2676},{"date":"2021-05-12","total_cases":43529,"history_of_travel":241,"history_of_contact":3010,"no_history":3010},{"date":"2021-05-13","total_cases":39955,"history_of_travel":217,"history_of_contact":2788,"no_history":2788},{"date":"2021-05-14","total_cases":34694,"history_of_travel":258,"history_of_contact":2076,"no_history":2076},{"date":"2021-05-15","total_cases":32680,"history_of_travel":296,"history_of_contact":2316,"no_history":2316},{"date":"2021-05-16","total_cases":29704,"history_of_travel":218,"history_of_contact":1951,"no_history":1951},{"date":"2021-05-17","total_cases":21402,"history_of_travel":100,"history_of_contact":1608,"no_history":1608},{"date":"2021-05-18","total_cases":31337,"history_of_travel":150,"history_of_contact":2157,"no_history":2157},{"date":"2021-05-19","total_cases":32762,"history_of_travel":218,"history_of_contact":2008,"no_history":2008},{"date":"2021-05-20","total_cases":30491,"history_of_travel":172,"history_of_contact":2042,"no_history":2042},{"date":"2021-05-21","total_cases":29673,"history_of_travel":215,"history_of_contact":1976,"no_history":1976},{"date":"2021-05-22","total_cases":28514,"history_of_travel":214,"history_of_contact":1830,"no_history":1830},{"date":"2021-05-23","total_cases":25820,"history_of_travel":177,"history_of_contact":1328,"no_history":1328},{"date":"2021-05-24","total_cases":17821,"history_of_travel":97,"history_of_contact":1090,"no_history":1090},{"date":"2021-05-25","total_cases":29803,"history_of_travel":202,"history_of_contact":2005,"no_history":2005},{"date":"2021-05-26","total_cases":28798,"history_of_travel":184,"history_of_contact":1663,"no_history":1663},{"date":"2021-05-27","total_cases":24166,"history_of_travel":177,"history_of_contact":1707,"no_history":1707},{"date":"2021-05-28","total_cases":22318,"history_of_travel":164,"history_of_contact":1175,"no_history":1175},{"date":"2021-05-29","total_cases":23513,"history_of_travel":139,"history_of_contact":1272,"no_history":1272},{"date":"2021-05-30","total_cases":19894,"history_of_travel":156,"history_of_contact":1083,"no_history":1083},{"date":"2021-05-31","total_cases":12300,"history_of_travel":69,"history_of_contact":753,"no_history":753},{"date":"2021-06-01","total_cases":19760,"history_of_travel":104,"history_of_contact":1189,"no_history":1189},{"date":"2021-06-02","total_cases":19661,"history_of_travel":156,"history_of_contact":1081,"no_history":1081},{"date":"2021-06-03","total_cases":18853,"history_of_travel":110,"history_of_contact":1143,"no_history":1143},{"date":"2021-06-04","total_cases":16229,"history_of_travel":89,"history_of_contact":913,"no_history":913},{"date":"2021-06-05","total_cases":17328,"history_of_travel":112,"history_of_contact":1007,"no_history":1007},{"date":"2021-06-06","total_cases":14672,"history_of_travel":153,"history_of_contact":814,"no_history":814},{"date":"2021-06-07","total_cases":9313,"history_of_travel":52,"history_of_contact":645,"no_history":645},{"date":"2021-06-08","total_cases":15567,"history_of_travel":85,"history_of_contact":712,"no_history":712},{"date":"2021-06-09","total_cases":16204,"history_of_travel":154,"history_of_contact":928,"no_history":928},{"date":"2021-06-10","total_cases":14424,"history_of_travel":109,"history_of_contact":718,"no_history":718},{"date":"2021-06-11","total_cases":14233,"history_of_travel":108,"history_of_contact":626,"no_history":626},{"date":"2021-06-12","total_cases":13832,"history_of_travel":82,"history_of_contact":700,"no_history":700},{"date":"2021-06-13","total_cases":11584,"history_of_travel":83,"history_of_contact":642,"no_history":642},{"date":"2021-06-14","total_cases":7719,"history_of_travel":36,"history_of_contact":493,"no_history":493},{"date":"2021-06-15","total_cases":12246,"history_of_travel":85,"history_of_contact":633,"no_history":633},{"date":"2021-06-16","total_cases":13270,"history_of_travel":86,"history_of_contact":638,"no_history":638},{"date":"2021-06-17","total_cases":12469,"history_of_travel":92,"history_of_contact":617,"no_history":617},{"date":"2021-06-18","total_cases":11361,"history_of_travel":64,"history_of_contact":567,"no_history":567},{"date":"2021-06-19","total_cases":12443,"history_of_travel":78,"history_of_contact":653,"no_history":653},{"date":"2021-06-20","total_cases":11647,"history_of_travel":54,"history_of_contact":554,"no_history":554},{"date":"2021-06-21","total_cases":7449,"history_of_travel":47,"history_of_contact":529,"no_history":529},{"date":"2021-06-22","total_cases":12617,"history_of_travel":60,"history_of_contact":766,"no_history":766},{"date":"2021-06-23","total_cases":12787,"history_of_travel":55,"history_of_contact":675,"no_history":675},{"date":"2021-06-24","total_cases":12078,"history_of_travel":94,"history_of_contact":657,"no_history":657},{"date":"2021-06-25","total_cases":11546,"history_of_travel":70,"history_of_contact":624,"no_history":624},{"date":"2021-06-26","total_cases":12118,"history_of_travel":59,"history_of_contact":599,"no_history":599},{"date":"2021-06-27","total_cases":10905,"history_of_travel":53,"history_of_contact":566,"no_history":566},{"date":"2021-06-28","total_cases":8063,"history_of_travel":57,"history_of_contact":495,"no_history":495},{"date":"2021-06-29","total_cases":13550,"history_of_travel":47,"history_of_contact":753,"no_history":753},{"date":"2021-06-30","total_cases":13658,"history_of_travel":69,"history_of_contact":689,"no_history":689},{"date":"2021-07-01","total_cases":12868,"history_of_travel":50,"history_of_contact":643,"no_history":643},{"date":"2021-07-02","total_cases":12095,"history_of_travel":68,"history_of_contact":606,"no_history":606},{"date":"2021-07-03","total_cases":12456,"history_of_travel":58,"history_of_contact":659,"no_history":659},{"date":"2021-07-04","total_cases":12100,"history_of_travel":76,"history_of_contact":698,"no_history":698},{"date":"2021-07-05","total_cases":8037,"history_of_travel":15,"history_of_contact":624,"no_history":624},{"date":"2021-07-06","total_cases":14373,"history_of_travel":58,"history_of_contact":722,"no_history":722},{"date":"2021-07-07","total_cases":15600,"history_of_travel":66,"history_of_contact":699,"no_history":699},{"date":"2021-07-08","total_cases":13772,"history_of_travel":60,"history_of_contact":718,"no_history":718},{"date":"2021-07-09","total_cases":13563,"history_of_travel":52,"history_of_contact":685,"no_history":685},{"date":"2021-07-10","total_cases":14087,"history_of_travel":98,"history_of_contact":696,"no_history":696},{"date":"2021-07-11","total_cases":12220,"history_of_travel":71,"history_of_contact":612,"no_history":612},{"date":"2021-07-12","total_cases":7798,"history_of_travel":32,"history_of_contact":530,"no_history":530},{"date":"2021-07-13","total_cases":14539,"history_of_travel":67,"history_of_contact":828,"no_history":828},{"date":"2021-07-14","total_cases":15637,"history_of_travel":57,"history_of_contact":797,"no_history":797},{"date":"2021-07-15","total_cases":13773,"history_of_travel":56,"history_of_contact":617,"no_history":617},{"date":"2021-07-16","total_cases":13750,"history_of_travel":63,"history_of_contact":725,"no_history":725},{"date":"2021-07-17","total_cases":16148,"history_of_travel":52,"history_of_contact":742,"no_history":742},{"date":"2021-07-18","total_cases":13956,"history_of_travel":75,"history_of_contact":617,"no_history":617},{"date":"2021-07-19","total_cases":9931,"history_of_travel":31,"history_of_contact":632,"no_history":632},{"date":"2021-07-20","total_cases":16848,"history_of_travel":101,"history_of_contact":783,"no_history":783},{"date":"2021-07-21","total_cases":17481,"history_of_travel":86,"history_of_contact":698,"no_history":698},{"date":"2021-07-22","total_cases":12818,"history_of_travel":76,"history_of_contact":623,"no_history":623},{"date":"2021-07-23","total_cases":17518,"history_of_travel":110,"history_of_contact":700,"no_history":700},{"date":"2021-07-24","total_cases":18531,"history_of_travel":113,"history_of_contact":788,"no_history":788},{"date":"2021-07-25","total_cases":17466,"history_of_travel":78,"history_of_contact":662,"no_history":662},{"date":"2021-07-26","total_cases":11586,"history_of_travel":45,"history_of_contact":534,"no_history":534},{"date":"2021-07-27","total_cases":22129,"history_of_travel":124,"history_of_contact":975,"no_history":975},{"date":"2021-07-28","total_cases":22056,"history_of_travel":120,"history_of_contact":876,"no_history":876},{"date":"2021-07-29","total_cases":22064,"history_of_travel":161,"history_of_contact":910,"no_history":910},{"date":"2021-07-30","total_cases":20772,"history_of_travel":137,"history_of_contact":932,"no_history":932},{"date":"2021-07-31","total_cases":20624,"history_of_travel":112,"history_of_contact":927,"no_history":927},{"date":"2021-08-01","total_cases":20728,"history_of_travel":77,"history_of_contact":623,"no_history":623},{"date":"2021-08-02","total_cases":13984,"history_of_travel":80,"history_of_contact":604,"no_history":604},{"date":"2021-08-03","total_cases":23676,"history_of_travel":105,"history_of_contact":927,"no_history":927},{"date":"2021-08-04","total_cases":22414,"history_of_travel":114,"history_of_contact":835,"no_history":835},{"date":"2021-08-05","total_cases":22040,"history_of_travel":67,"history_of_contact":996,"no_history":996},{"date":"2021-08-06","total_cases":19948,"history_of_travel":97,"history_of_contact":996,"no_history":996},{"date":"2021-08-07","total_cases":20367,"history_of_travel":86,"history_of_contact":977,"no_history":977},{"date":"2021-08-08","total_cases":18607,"history_of_travel":124,"history_of_contact":789,"no_history":789},{"date":"2021-08-09","total_cases":13049,"history_of_travel":64,"history_of_contact":627,"no_history":627},{"date":"2021-08-10","total_cases":21119,"history_of_travel":40,"history_of_contact":941,"no_history":941},{"date":"2021-08-11","total_cases":23500,"history_of_travel":84,"history_of_contact":1258,"no_history":1258},{"date":"2021-08-12","total_cases":21445,"history_of_travel":73,"history_of_contact":945,"no_history":945},{"date":"2021-08-13","total_cases":20452,"history_of_travel":63,"history_of_contact":960,"no_history":960},{"date":"2021-08-14","total_cases":19451,"history_of_travel":93,"history_of_contact":853,"no_history":853},{"date":"2021-08-15","total_cases":18582,"history_of_travel":141,"history_of_contact":747,"no_history":747},{"date":"2021-08-16","total_cases":12294,"history_of_travel":68,"history_of_contact":729,"no_history":729},{"date":"2021-08-17","total_cases":21613,"history_of_travel":92,"history_of_contact":1181,"no_history":1181},{"date":"2021-08-18","total_cases":21427,"history_of_travel":108,"history_of_contact":971,"no_history":971},{"date":"2021-08-19","total_cases":21116,"history_of_travel":102,"history_of_contact":945,"no_history":945},{"date":"2021-08-20","total_cases":20224,"history_of_travel":137,"history_of_contact":785,"no_history":785},{"date":"2021-08-21","total_cases":17106,"history_of_travel":53,"history_of_contact":838,"no_history":838},{"date":"2021-08-22","total_cases":10402,"history_of_travel":104,"history_of_contact":572,"no_history":572},{"date":"2021-08-23","total_cases":13383,"history_of_travel":39,"history_of_contact":771,"no_history":771},{"date":"2021-08-24","total_cases":24296,"history_of_travel":118,"history_of_contact":1313,"no_history":1313},{"date":"2021-08-25","total_cases":31445,"history_of_travel":138,"history_of_contact":1576,"no_history":1576},{"date":"2021-08-26","total_cases":30077,"history_of_travel":128,"history_of_contact":1195,"no_history":1195},{"date":"2021-08-27","total_cases":32801,"history_of_travel":144,"history_of_contact":1260,"no_history":1260},{"date":"2021-08-28","total_cases":31265,"history_of_travel":120,"history_of_contact":1158,"no_history":1158},{"date":"2021-08-29","total_cases":29836,"history_of_travel":229,"history_of_contact":1137,"no_history":1137},{"date":"2021-08-30","total_cases":19622,"history_of_travel":62,"history_of_contact":1061,"no_history":1061},{"date":"2021-08-31","total_cases":30203,"history_of_travel":147,"history_of_contact":1521,"no_history":1521},{"date":"2021-09-01","total_cases":32803,"history_of_travel":154,"history_of_contact":1161,"no_history":1161},{"date":"2021-09-02","total_cases":32097,"history_of_travel":102,"history_of_contact":1441,"no_history":1441},{"date":"2021-09-03","total_cases":29322,"history_of_travel":79,"history_of_contact":1251,"no_history":1251},{"date":"2021-09-05","total_cases":26701,"history_of_travel":96,"history_of_contact":1046,"no_history":1046},{"date":"2021-09-06","total_cases":19688,"history_of_travel":111,"history_of_contact":894,"no_history":894},{"date":"2021-09-07","total_cases":25772,"history_of_travel":133,"history_of_contact":1261,"no_history":1261},{"date":"2021-09-08","total_cases":30196,"history_of_travel":190,"history_of_contact":1259,"no_history":1259},{"date":"2021-09-09","total_cases":26200,"history_of_travel":81,"history_of_contact":1006,"no_history":1006},{"date":"2021-09-10","total_cases":25010,"history_of_travel":102,"history_of_contact":1012,"no_history":1012},{"date":"2021-09-11","total_cases":20487,"history_of_travel":102,"history_of_contact":793,"no_history":793},{"date":"2021-09-12","total_cases":20240,"history_of_travel":114,"history_of_contact":774,"no_history":774},{"date":"2021-09-14","total_cases":15876,"history_of_travel":44,"history_of_contact":778,"no_history":778},{"date":"2021-09-15","total_cases":17681,"history_of_travel":47,"history_of_contact":881,"no_history":881},{"date":"2021-09-16","total_cases":22182,"history_of_travel":89,"history_of_contact":866,"no_history":866},{"date":"2021-09-17","total_cases":23260,"history_of_travel":159,"history_of_contact":998,"no_history":998},{"date":"2021-09-18","total_cases":19325,"history_of_travel":96,"history_of_contact":1038,"no_history":1038},{"date":"2021-09-19","total_cases":19653,"history_of_travel":105,"history_of_contact":807,"no_history":807},{"date":"2021-09-20","total_cases":15692,"history_of_travel":66,"history_of_contact":687,"no_history":687},{"date":"2021-09-21","total_cases":15768,"history_of_travel":124,"history_of_contact":798,"no_history":798},{"date":"2021-09-22","total_cases":19675,"history_of_travel":52,"history_of_contact":595,"no_history":595},{"date":"2021-09-23","total_cases":19682,"history_of_travel":53,"history_of_contact":737,"no_history":737},{"date":"2021-09-24","total_cases":17983,"history_of_travel":72,"history_of_contact":877,"no_history":877},{"date":"2021-09-25","total_cases":16671,"history_of_travel":110,"history_of_contact":692,"no_history":692},{"date":"2021-09-26","total_cases":15951,"history_of_travel":70,"history_of_contact":617,"no_history":617},{"date":"2021-09-27","total_cases":11699,"history_of_travel":32,"history_of_contact":492,"no_history":492},{"date":"2021-09-28","total_cases":11196,"history_of_travel":74,"history_of_contact":540,"no_history":540},{"date":"2021-09-29","total_cases":12161,"history_of_travel":64,"history_of_contact":598,"no_history":598},{"date":"2021-09-30","total_cases":15914,"history_of_travel":74,"history_of_contact":691,"no_history":691},{"date":"2021-10-01","total_cases":13834,"history_of_travel":74,"history_of_contact":552,"no_history":552},{"date":"2021-10-02","total_cases":13217,"history_of_travel":51,"history_of_contact":623,"no_history":623},{"date":"2021-10-03","total_cases":12297,"history_of_travel":61,"history_of_contact":444,"no_history":444},{"date":"2021-10-04","total_cases":8850,"history_of_travel":42,"history_of_contact":390,"no_history":390},{"date":"2021-10-05","total_cases":9735,"history_of_travel":36,"history_of_contact":529,"no_history":529},{"date":"2021-10-06","total_cases":12616,"history_of_travel":49,"history_of_contact":452,"no_history":452},{"date":"2021-10-07","total_cases":12288,"history_of_travel":51,"history_of_contact":494,"no_history":494},{"date":"2021-10-08","total_cases":10944,"history_of_travel":43,"history_of_contact":443,"no_history":443},{"date":"2021-10-09","total_cases":9470,"history_of_travel":54,"history_of_contact":397,"no_history":397},{"date":"2021-10-11","total_cases":6996,"history_of_travel":40,"history_of_contact":333,"no_history":333},{"date":"2021-10-12","total_cases":7823,"history_of_travel":35,"history_of_contact":382,"no_history":382},{"date":"2021-10-13","total_cases":11079,"history_of_travel":53,"history_of_contact":360,"no_history":360},{"date":"2021-10-14","total_cases":9246,"history_of_travel":39,"history_of_contact":347,"no_history":347},{"date":"2021-10-15","total_cases":8867,"history_of_travel":32,"history_of_contact":337,"no_history":337},{"date":"2021-10-16","total_cases":7955,"history_of_travel":27,"history_of_contact":321,"no_history":321},{"date":"2021-10-17","total_cases":7555,"history_of_travel":44,"history_of_contact":278,"no_history":278},{"date":"2021-10-18","total_cases":6676,"history_of_travel":34,"history_of_contact":267,"no_history":267},{"date":"2021-10-19","total_cases":7463,"history_of_travel":44,"history_of_contact":353,"no_history":353},{"date":"2021-10-20","total_cases":11150,"history_of_travel":41,"history_of_contact":348,"no_history":348},{"date":"2021-10-21","total_cases":8733,"history_of_travel":31,"history_of_contact":326,"no_history":326},{"date":"2021-10-22","total_cases":9361,"history_of_travel":39,"history_of_contact":254,"no_history":254},{"date":"2021-10-23","total_cases":8909,"history_of_travel":49,"history_of_contact":332,"no_history":332},{"date":"2021-10-24","total_cases":8538,"history_of_travel":32,"history_of_contact":252,"no_history":252},{"date":"2021-10-25","total_cases":6664,"history_of_travel":20,"history_of_contact":229,"no_history":229},{"date":"2021-10-26","total_cases":7163,"history_of_travel":29,"history_of_contact":276,"no_history":276},{"date":"2021-10-27","total_cases":9445,"history_of_travel":28,"history_of_contact":297,"no_history":297},{"date":"2021-10-28","total_cases":7738,"history_of_travel":38,"history_of_contact":286,"no_history":286},{"date":"2021-10-29","total_cases":7722,"history_of_travel":43,"history_of_contact":286,"no_history":286},{"date":"2021-10-30","total_cases":7427,"history_of_travel":55,"history_of_contact":250,"no_history":250},{"date":"2021-10-31","total_cases":7167,"history_of_travel":20,"history_of_contact":214,"no_history":214},{"date":"2021-11-01","total_cases":5297,"history_of_travel":16,"history_of_contact":293,"no_history":293},{"date":"2021-11-02","total_cases":6444,"history_of_travel":48,"history_of_contact":452,"no_history":452},{"date":"2021-11-03","total_cases":7312,"history_of_travel":24,"history_of_contact":415,"no_history":415},{"date":"2021-11-04","total_cases":7545,"history_of_travel":30,"history_of_contact":360,"no_history":360},{"date":"2021-11-05","total_cases":6580,"history_of_travel":22,"history_of_contact":352,"no_history":352},{"date":"2021-11-06","total_cases":6546,"history_of_travel":16,"history_of_contact":448,"no_history":448},{"date":"2021-11-07","total_cases":7124,"history_of_travel":23,"history_of_contact":359,"no_history":359},{"date":"2021-11-08","total_cases":5404,"history_of_travel":19,"history_of_contact":300,"no_history":300},{"date":"2021-11-09","total_cases":6409,"history_of_travel":23,"history_of_contact":366,"no_history":366},{"date":"2021-11-10","total_cases":7540,"history_of_travel":30,"history_of_contact":386,"no_history":386},{"date":"2021-11-12","total_cases":6674,"history_of_travel":11,"history_of_contact":424,"no_history":424},{"date":"2021-11-13","total_cases":6468,"history_of_travel":28,"history_of_contact":497,"no_history":497},{"date":"2021-11-14","total_cases":5848,"history_of_travel":12,"history_of_contact":341,"no_history":341},{"date":"2021-11-15","total_cases":4547,"history_of_travel":12,"history_of_contact":274,"no_history":274},{"date":"2021-11-16","total_cases":5516,"history_of_travel":25,"history_of_contact":336,"no_history":336},{"date":"2021-11-17","total_cases":6849,"history_of_travel":18,"history_of_contact":324,"no_history":324},{"date":"2021-11-18","total_cases":6111,"history_of_travel":22,"history_of_contact":392,"no_history":392},{"date":"2021-11-19","total_cases":5754,"history_of_travel":25,"history_of_contact":310,"no_history":310},{"date":"2021-11-20","total_cases":6075,"history_of_travel":24,"history_of_contact":330,"no_history":330},{"date":"2021-11-21","total_cases":5080,"history_of_travel":28,"history_of_contact":252,"no_history":252},{"date":"2021-11-22","total_cases":3698,"history_of_travel":15,"history_of_contact":238,"no_history":238},{"date":"2021-11-23","total_cases":4972,"history_of_travel":17,"history_of_contact":344,"no_history":344},{"date":"2021-11-24","total_cases":4280,"history_of_travel":27,"history_of_contact":274,"no_history":274},{"date":"2021-11-25","total_cases":5987,"history_of_travel":37,"history_of_contact":331,"no_history":331},{"date":"2021-11-26","total_cases":4677,"history_of_travel":16,"history_of_contact":308,"no_history":308},{"date":"2021-11-27","total_cases":4741,"history_of_travel":8,"history_of_contact":315,"no_history":315},{"date":"2021-11-29","total_cases":3382,"history_of_travel":8,"history_of_contact":241,"no_history":241},{"date":"2021-11-30","total_cases":4723,"history_of_travel":12,"history_of_contact":292,"no_history":292},{"date":"2021-12-01","total_cases":5405,"history_of_travel":14,"history_of_contact":260,"no_history":260},{"date":"2021-12-02","total_cases":4700,"history_of_travel":18,"history_of_contact":205,"no_history":205},{"date":"2021-12-03","total_cases":4995,"history_of_travel":33,"history_of_contact":219,"no_history":219},{"date":"2021-12-04","total_cases":4557,"history_of_travel":9,"history_of_contact":205,"no_history":205},{"date":"2021-12-05","total_cases":4450,"history_of_travel":26,"history_of_contact":226,"no_history":226},{"date":"2021-12-06","total_cases":3277,"history_of_travel":9,"history_of_contact":187,"no_history":187},{"date":"2021-12-07","total_cases":4656,"history_of_travel":16,"history_of_contact":221,"no_history":221},{"date":"2021-12-08","total_cases":5038,"history_of_travel":17,"history_of_contact":244,"no_history":244},{"date":"2021-12-09","total_cases":4169,"history_of_travel":5,"history_of_contact":229,"no_history":229},{"date":"2021-12-10","total_cases":3972,"history_of_travel":10,"history_of_contact":200,"no_history":200},{"date":"2021-12-11","total_cases":3795,"history_of_travel":14,"history_of_contact":200,"no_history":200},{"date":"2021-12-12","total_cases":3777,"history_of_travel":11,"history_of_contact":171,"no_history":171},{"date":"2021-12-13","total_cases":2434,"history_of_travel":6,"history_of_contact":145,"no_history":145},{"date":"2021-12-14","total_cases":3377,"history_of_travel":5,"history_of_contact":183,"no_history":183},{"date":"2021-12-15","total_cases":4006,"history_of_travel":14,"history_of_contact":207,"no_history":207},{"date":"2021-12-16","total_cases":3404,"history_of_travel":8,"history_of_contact":199,"no_history":199},{"date":"2021-12-17","total_cases":3471,"history_of_travel":18,"history_of_contact":183,"no_history":183},{"date":"2021-12-18","total_cases":3297,"history_of_travel":19,"history_of_contact":132,"no_history":132},{"date":"2021-12-19","total_cases":2995,"history_of_travel":7,"history_of_contact":140,"no_history":140},{"date":"2021-12-20","total_cases":2230,"history_of_travel":7,"history_of_contact":130,"no_history":130},{"date":"2021-12-21","total_cases":2748,"history_of_travel":19,"history_of_contact":166,"no_history":166},{"date":"2021-12-22","total_cases":3205,"history_of_travel":10,"history_of_contact":141,"no_history":141},{"date":"2021-12-23","total_cases":2514,"history_of_travel":18,"history_of_contact":138,"no_history":138},{"date":"2021-12-24","total_cases":2605,"history_of_travel":13,"history_of_contact":138,"no_history":138},{"date":"2021-12-25","total_cases":2407,"history_of_travel":21,"history_of_contact":116,"no_history":116},{"date":"2021-12-26","total_cases":1824,"history_of_travel":11,"history_of_contact":124,"no_history":124},{"date":"2021-12-27","total_cases":1636,"history_of_travel":51,"history_of_contact":86,"no_history":86},{"date":"2021-12-28","total_cases":2474,"history_of_travel":24,"history_of_contact":121,"no_history":121},{"date":"2021-12-29","total_cases":2846,"history_of_travel":20,"history_of_contact":121,"no_history":121},{"date":"2021-12-30","total_cases":2423,"history_of_travel":27,"history_of_contact":108,"no_history":108},{"date":"2021-12-31","total_cases":2676,"history_of_travel":42,"history_of_contact":156,"no_history":156},{"date":"2022-01-01","total_cases":2435,"history_of_travel":38,"history_of_contact":134,"no_history":134},{"date":"2022-01-02","total_cases":2802,"history_of_travel":48,"history_of_contact":130,"no_history":130},{"date":"2022-01-03","total_cases":2560,"history_of_travel":48,"history_of_contact":157,"no_history":157},{"date":"2022-01-04","total_cases":3640,"history_of_travel":52,"history_of_contact":222,"no_history":222},{"date":"2022-01-05","total_cases":4801,"history_of_travel":76,"history_of_contact":231,"no_history":231},{"date":"2022-01-06","total_cases":4649,"history_of_travel":83,"history_of_contact":233,"no_history":233},{"date":"2022-01-07","total_cases":5296,"history_of_travel":76,"history_of_contact":276,"no_history":276},{"date":"2022-01-10","total_cases":5797,"history_of_travel":112,"history_of_contact":320,"no_history":320},{"date":"2022-01-11","total_cases":9066,"history_of_travel":127,"history_of_contact":628,"no_history":628},{"date":"2022-01-12","total_cases":12742,"history_of_travel":154,"history_of_contact":693,"no_history":693},{"date":"2022-01-13","total_cases":13648,"history_of_travel":120,"history_of_contact":691,"no_history":691},{"date":"2022-01-14","total_cases":16338,"history_of_travel":135,"history_of_contact":859,"no_history":859},{"date":"2022-01-15","total_cases":17755,"history_of_travel":150,"history_of_contact":964,"no_history":964},{"date":"2022-01-16","total_cases":18123,"history_of_travel":113,"history_of_contact":234,"no_history":234},{"date":"2022-01-17","total_cases":22946,"history_of_travel":181,"history_of_contact":442,"no_history":442},{"date":"2022-01-18","total_cases":28481,"history_of_travel":165,"history_of_contact":579,"no_history":579},{"date":"2022-01-19","total_cases":34199,"history_of_travel":125,"history_of_contact":596,"no_history":596},{"date":"2022-01-20","total_cases":46387,"history_of_travel":172,"history_of_contact":2654,"no_history":2654},{"date":"2022-01-21","total_cases":41668,"history_of_travel":139,"history_of_contact":4468,"no_history":4468},{"date":"2022-01-22","total_cases":45136,"history_of_travel":128,"history_of_contact":2225,"no_history":2225}]