[{"date":"2020-08-17","total_cases":45641,"history_of_travel":12029,"history_of_contact":33612},{"date":"2020-08-18","total_cases":47399,"history_of_travel":12110,"history_of_contact":35289},{"date":"2020-08-19","total_cases":49732,"history_of_travel":12268,"history_of_contact":37464},{"date":"2020-08-20","total_cases":51700,"history_of_travel":12451,"history_of_contact":39249},{"date":"2020-08-21","total_cases":53683,"history_of_travel":12619,"history_of_contact":41064},{"date":"2020-08-22","total_cases":55855,"history_of_travel":12830,"history_of_contact":43025},{"date":"2020-08-23","total_cases":57763,"history_of_travel":12970,"history_of_contact":44793},{"date":"2020-08-24","total_cases":59005,"history_of_travel":45908,"history_of_contact":13097},{"date":"2020-08-25","total_cases":61380,"history_of_travel":13281,"history_of_contact":48099},{"date":"2020-08-26","total_cases":63856,"history_of_travel":13444,"history_of_contact":50412},{"date":"2020-08-27","total_cases":66262,"history_of_travel":13624,"history_of_contact":52638},{"date":"2020-08-28","total_cases":68805,"history_of_travel":13855,"history_of_contact":54950},{"date":"2020-08-29","total_cases":71202,"history_of_travel":14052,"history_of_contact":57150},{"date":"2020-08-30","total_cases":73356,"history_of_travel":14211,"history_of_contact":59145},{"date":"2020-08-31","total_cases":74886,"history_of_travel":14355,"history_of_contact":60531},{"date":"2020-09-01","total_cases":75827,"history_of_travel":14416,"history_of_contact":61411},{"date":"2020-09-02","total_cases":77188,"history_of_travel":14491,"history_of_contact":62697},{"date":"2020-09-03","total_cases":79126,"history_of_travel":14609,"history_of_contact":64517},{"date":"2020-09-04","total_cases":81605,"history_of_travel":14739,"history_of_contact":66866},{"date":"2020-09-05","total_cases":84260,"history_of_travel":14891,"history_of_contact":69369},{"date":"2020-09-06","total_cases":87342,"history_of_travel":15087,"history_of_contact":72255},{"date":"2020-09-07","total_cases":88990,"history_of_travel":15177,"history_of_contact":73813},{"date":"2020-09-08","total_cases":92016,"history_of_travel":15389,"history_of_contact":76627},{"date":"2020-09-09","total_cases":95418,"history_of_travel":15568,"history_of_contact":79850},{"date":"2020-09-10","total_cases":98767,"history_of_travel":15783,"history_of_contact":82984},{"date":"2020-09-11","total_cases":101755,"history_of_travel":15962,"history_of_contact":85793},{"date":"2020-09-12","total_cases":104640,"history_of_travel":16141,"history_of_contact":88499},{"date":"2020-09-13","total_cases":107779,"history_of_travel":16303,"history_of_contact":91476},{"date":"2020-09-14","total_cases":110319,"history_of_travel":16410,"history_of_contact":93909},{"date":"2020-09-15","total_cases":113534,"history_of_travel":16551,"history_of_contact":96983},{"date":"2020-09-16","total_cases":117364,"history_of_travel":16753,"history_of_contact":100611},{"date":"2020-09-17","total_cases":121715,"history_of_travel":16951,"history_of_contact":104764},{"date":"2020-09-18","total_cases":125882,"history_of_travel":17164,"history_of_contact":108718},{"date":"2020-09-19","total_cases":130526,"history_of_travel":17429,"history_of_contact":113097},{"date":"2020-09-20","total_cases":135222,"history_of_travel":17610,"history_of_contact":117612},{"date":"2020-09-21","total_cases":138132,"history_of_travel":17779,"history_of_contact":120353},{"date":"2020-09-22","total_cases":142257,"history_of_travel":17934,"history_of_contact":124323},{"date":"2020-09-23","total_cases":147633,"history_of_travel":18138,"history_of_contact":129495},{"date":"2020-09-24","total_cases":153957,"history_of_travel":18408,"history_of_contact":135549},{"date":"2020-09-25","total_cases":160434,"history_of_travel":18664,"history_of_contact":141770},{"date":"2020-09-26","total_cases":167440,"history_of_travel":18909,"history_of_contact":148531},{"date":"2020-09-27","total_cases":174885,"history_of_travel":19280,"history_of_contact":155605},{"date":"2020-09-28","total_cases":179423,"history_of_travel":19493,"history_of_contact":159930},{"date":"2020-09-29","total_cases":186777,"history_of_travel":19681,"history_of_contact":167096},{"date":"2020-09-30","total_cases":195607,"history_of_travel":19903,"history_of_contact":175704},{"date":"2020-10-01","total_cases":203742,"history_of_travel":20188,"history_of_contact":183554},{"date":"2020-10-02","total_cases":213000,"history_of_travel":20419,"history_of_contact":192581},{"date":"2020-10-03","total_cases":220834,"history_of_travel":20655,"history_of_contact":200179},{"date":"2020-10-04","total_cases":229387,"history_of_travel":20866,"history_of_contact":208521},{"date":"2020-10-05","total_cases":234429,"history_of_travel":20997,"history_of_contact":213432},{"date":"2020-10-06","total_cases":242300,"history_of_travel":21197,"history_of_contact":221103},{"date":"2020-10-07","total_cases":252906,"history_of_travel":21416,"history_of_contact":231490},{"date":"2020-10-08","total_cases":258351,"history_of_travel":21666,"history_of_contact":236685},{"date":"2020-10-09","total_cases":267601,"history_of_travel":21833,"history_of_contact":245768},{"date":"2020-10-10","total_cases":279356,"history_of_travel":22042,"history_of_contact":257314},{"date":"2020-10-11","total_cases":288703,"history_of_travel":22243,"history_of_contact":266460},{"date":"2020-10-12","total_cases":294633,"history_of_travel":22377,"history_of_contact":272256},{"date":"2020-10-13","total_cases":303397,"history_of_travel":22498,"history_of_contact":280899},{"date":"2020-10-14","total_cases":309641,"history_of_travel":22597,"history_of_contact":287044},{"date":"2020-10-15","total_cases":317430,"history_of_travel":22723,"history_of_contact":294707},{"date":"2020-10-16","total_cases":324713,"history_of_travel":22867,"history_of_contact":301846},{"date":"2020-10-17","total_cases":333729,"history_of_travel":22994,"history_of_contact":310735},{"date":"2020-10-18","total_cases":341360,"history_of_travel":23154,"history_of_contact":318206},{"date":"2020-10-19","total_cases":346382,"history_of_travel":23213,"history_of_contact":323169},{"date":"2020-10-20","total_cases":352973,"history_of_travel":23318,"history_of_contact":329655},{"date":"2020-10-21","total_cases":361342,"history_of_travel":23478,"history_of_contact":337864},{"date":"2020-10-22","total_cases":368824,"history_of_travel":23601,"history_of_contact":345223},{"date":"2020-10-23","total_cases":377335,"history_of_travel":23749,"history_of_contact":353586},{"date":"2020-10-24","total_cases":385588,"history_of_travel":23912,"history_of_contact":361676},{"date":"2020-10-25","total_cases":392431,"history_of_travel":24071,"history_of_contact":368360},{"date":"2020-10-26","total_cases":396718,"history_of_travel":24123,"history_of_contact":372595},{"date":"2020-10-27","total_cases":402175,"history_of_travel":24211,"history_of_contact":377964},{"date":"2020-10-28","total_cases":410965,"history_of_travel":24389,"history_of_contact":386576},{"date":"2020-10-29","total_cases":417985,"history_of_travel":24557,"history_of_contact":393428},{"date":"2020-10-30","total_cases":424623,"history_of_travel":24642,"history_of_contact":399981},{"date":"2020-10-31","total_cases":432606,"history_of_travel":24728,"history_of_contact":407878},{"date":"2020-11-01","total_cases":439631,"history_of_travel":24813,"history_of_contact":414818},{"date":"2020-11-02","total_cases":443769,"history_of_travel":24867,"history_of_contact":418902},{"date":"2020-11-03","total_cases":450631,"history_of_travel":24974,"history_of_contact":425657},{"date":"2020-11-04","total_cases":459147,"history_of_travel":25071,"history_of_contact":434076},{"date":"2020-11-05","total_cases":465967,"history_of_travel":25166,"history_of_contact":440801},{"date":"2020-11-06","total_cases":472969,"history_of_travel":25264,"history_of_contact":447705},{"date":"2020-11-07","total_cases":480170,"history_of_travel":25360,"history_of_contact":454810},{"date":"2020-11-08","total_cases":485610,"history_of_travel":25465,"history_of_contact":460145},{"date":"2020-11-09","total_cases":489203,"history_of_travel":25526,"history_of_contact":463677},{"date":"2020-11-10","total_cases":495213,"history_of_travel":25626,"history_of_contact":469587},{"date":"2020-11-11","total_cases":502220,"history_of_travel":25712,"history_of_contact":476508},{"date":"2020-11-12","total_cases":507757,"history_of_travel":25852,"history_of_contact":481905},{"date":"2020-11-13","total_cases":513561,"history_of_travel":25970,"history_of_contact":487591},{"date":"2020-11-14","total_cases":519918,"history_of_travel":26077,"history_of_contact":493841},{"date":"2020-11-15","total_cases":524499,"history_of_travel":26162,"history_of_contact":498337},{"date":"2020-11-16","total_cases":527209,"history_of_travel":26217,"history_of_contact":500992},{"date":"2020-11-17","total_cases":533001,"history_of_travel":26321,"history_of_contact":506680},{"date":"2020-11-18","total_cases":539420,"history_of_travel":26419,"history_of_contact":513001},{"date":"2020-11-19","total_cases":545142,"history_of_travel":26536,"history_of_contact":518606},{"date":"2020-11-20","total_cases":551170,"history_of_travel":26641,"history_of_contact":524529},{"date":"2020-11-21","total_cases":556942,"history_of_travel":26732,"history_of_contact":530210},{"date":"2020-11-22","total_cases":562196,"history_of_travel":26826,"history_of_contact":535370},{"date":"2020-11-23","total_cases":560699,"history_of_travel":26808,"history_of_contact":533891},{"date":"2020-11-24","total_cases":571373,"history_of_travel":26985,"history_of_contact":544388},{"date":"2020-11-25","total_cases":577864,"history_of_travel":27080,"history_of_contact":550784},{"date":"2020-11-26","total_cases":583242,"history_of_travel":27156,"history_of_contact":556086},{"date":"2020-11-27","total_cases":587208,"history_of_travel":27237,"history_of_contact":556086},{"date":"2020-11-28","total_cases":593458,"history_of_travel":27329,"history_of_contact":566129},{"date":"2020-11-29","total_cases":599101,"history_of_travel":27416,"history_of_contact":571685},{"date":"2020-11-30","total_cases":602483,"history_of_travel":27480,"history_of_contact":575003},{"date":"2020-12-01","total_cases":607858,"history_of_travel":27594,"history_of_contact":580264},{"date":"2020-12-02","total_cases":614174,"history_of_travel":27692,"history_of_contact":586482},{"date":"2020-12-03","total_cases":619550,"history_of_travel":27773,"history_of_contact":591777},{"date":"2020-12-04","total_cases":625268,"history_of_travel":27868,"history_of_contact":597400},{"date":"2020-12-05","total_cases":631116,"history_of_travel":27921,"history_of_contact":603195},{"date":"2020-12-06","total_cases":635893,"history_of_travel":28005,"history_of_contact":607888},{"date":"2020-12-07","total_cases":639165,"history_of_travel":28054,"history_of_contact":611111},{"date":"2020-12-08","total_cases":644197,"history_of_travel":28152,"history_of_contact":616045},{"date":"2020-12-09","total_cases":649072,"history_of_travel":28246,"history_of_contact":620826},{"date":"2020-12-10","total_cases":653542,"history_of_travel":28324,"history_of_contact":625218},{"date":"2020-12-11","total_cases":658184,"history_of_travel":28396,"history_of_contact":629788},{"date":"2020-12-12","total_cases":664133,"history_of_travel":28479,"history_of_contact":635654},{"date":"2020-12-13","total_cases":668831,"history_of_travel":28572,"history_of_contact":640259},{"date":"2020-12-14","total_cases":671538,"history_of_travel":28623,"history_of_contact":642915},{"date":"2020-12-15","total_cases":676756,"history_of_travel":28695,"history_of_contact":648061},{"date":"2020-12-16","total_cases":682941,"history_of_travel":28761,"history_of_contact":654180},{"date":"2020-12-17","total_cases":687910,"history_of_travel":28860,"history_of_contact":659050},{"date":"2020-12-18","total_cases":693366,"history_of_travel":28951,"history_of_contact":664415},{"date":"2020-12-19","total_cases":699659,"history_of_travel":29024,"history_of_contact":670635},{"date":"2020-12-20","total_cases":705370,"history_of_travel":29135,"history_of_contact":676235},{"date":"2020-12-21","total_cases":708793,"history_of_travel":29183,"history_of_contact":679610},{"date":"2020-12-22","total_cases":714842,"history_of_travel":29291,"history_of_contact":685551},{"date":"2020-12-23","total_cases":721011,"history_of_travel":29389,"history_of_contact":691622},{"date":"2020-12-24","total_cases":726188,"history_of_travel":29497,"history_of_contact":696691},{"date":"2020-12-25","total_cases":731585,"history_of_travel":29582,"history_of_contact":702003},{"date":"2020-12-26","total_cases":735112,"history_of_travel":29645,"history_of_contact":705467},{"date":"2020-12-27","total_cases":740017,"history_of_travel":29728,"history_of_contact":710289},{"date":"2020-12-28","total_cases":743064,"history_of_travel":29763,"history_of_contact":713301},{"date":"2020-12-29","total_cases":748951,"history_of_travel":29852,"history_of_contact":719099},{"date":"2020-12-30","total_cases":755219,"history_of_travel":29954,"history_of_contact":725265},{"date":"2020-12-31","total_cases":760434,"history_of_travel":30076,"history_of_contact":730358},{"date":"2021-01-01","total_cases":765425,"history_of_travel":30170,"history_of_contact":735255},{"date":"2021-01-02","total_cases":770753,"history_of_travel":30248,"history_of_contact":740505},{"date":"2021-01-03","total_cases":775353,"history_of_travel":30309,"history_of_contact":745044},{"date":"2021-01-04","total_cases":778374,"history_of_travel":30361,"history_of_contact":748013},{"date":"2021-01-05","total_cases":783989,"history_of_travel":30420,"history_of_contact":753569},{"date":"2021-01-06","total_cases":790383,"history_of_travel":30489,"history_of_contact":759894},{"date":"2021-01-07","total_cases":795434,"history_of_travel":30567,"history_of_contact":764867},{"date":"2021-01-08","total_cases":800576,"history_of_travel":30655,"history_of_contact":769921},{"date":"2021-01-09","total_cases":806104,"history_of_travel":30715,"history_of_contact":775389},{"date":"2021-01-10","total_cases":810649,"history_of_travel":30793,"history_of_contact":779856},{"date":"2021-01-11","total_cases":813759,"history_of_travel":30838,"history_of_contact":782921},{"date":"2021-01-12","total_cases":819266,"history_of_travel":30891,"history_of_contact":788375},{"date":"2021-01-13","total_cases":825270,"history_of_travel":30964,"history_of_contact":794306},{"date":"2021-01-14","total_cases":825270,"history_of_travel":30964,"history_of_contact":794306},{"date":"2021-01-15","total_cases":836384,"history_of_travel":31114,"history_of_contact":805270},{"date":"2021-01-16","total_cases":842344,"history_of_travel":31201,"history_of_contact":811143},{"date":"2021-01-17","total_cases":841389,"history_of_travel":31182,"history_of_contact":810207},{"date":"2021-01-18","total_cases":850695,"history_of_travel":31311,"history_of_contact":819384},{"date":"2021-01-19","total_cases":856881,"history_of_travel":31403,"history_of_contact":825478},{"date":"2021-01-20","total_cases":863696,"history_of_travel":31494,"history_of_contact":832202},{"date":"2021-01-21","total_cases":870030,"history_of_travel":31587,"history_of_contact":838443},{"date":"2021-01-22","total_cases":876783,"history_of_travel":31659,"history_of_contact":845124},{"date":"2021-01-23","total_cases":883743,"history_of_travel":31732,"history_of_contact":852011},{"date":"2021-01-24","total_cases":889779,"history_of_travel":31806,"history_of_contact":857973},{"date":"2021-01-26","total_cases":899433,"history_of_travel":31957,"history_of_contact":867476},{"date":"2021-01-27","total_cases":905092,"history_of_travel":32034,"history_of_contact":873058},{"date":"2021-01-28","total_cases":910863,"history_of_travel":32122,"history_of_contact":878741},{"date":"2021-01-29","total_cases":917131,"history_of_travel":32240,"history_of_contact":884891},{"date":"2021-01-30","total_cases":923413,"history_of_travel":32321,"history_of_contact":891092},{"date":"2021-01-31","total_cases":928679,"history_of_travel":32392,"history_of_contact":896287},{"date":"2021-02-01","total_cases":932138,"history_of_travel":32439,"history_of_contact":899699},{"date":"2021-02-02","total_cases":937854,"history_of_travel":32535,"history_of_contact":905319},{"date":"2021-02-03","total_cases":944210,"history_of_travel":32619,"history_of_contact":911591},{"date":"2021-02-04","total_cases":950312,"history_of_travel":32718,"history_of_contact":917594},{"date":"2021-02-05","total_cases":955922,"history_of_travel":32819,"history_of_contact":923103},{"date":"2021-02-06","total_cases":961864,"history_of_travel":32917,"history_of_contact":928947},{"date":"2021-02-07","total_cases":967939,"history_of_travel":33027,"history_of_contact":934912},{"date":"2021-02-08","total_cases":971681,"history_of_travel":33099,"history_of_contact":938582},{"date":"2021-02-09","total_cases":976895,"history_of_travel":33160,"history_of_contact":943735},{"date":"2021-02-10","total_cases":982875,"history_of_travel":33256,"history_of_contact":949619},{"date":"2021-02-11","total_cases":988156,"history_of_travel":33362,"history_of_contact":954794},{"date":"2021-02-12","total_cases":993553,"history_of_travel":33436,"history_of_contact":960117},{"date":"2021-02-13","total_cases":999024,"history_of_travel":33513,"history_of_contact":965511},{"date":"2021-02-14","total_cases":1003636,"history_of_travel":33617,"history_of_contact":970019},{"date":"2021-02-15","total_cases":1006520,"history_of_travel":33661,"history_of_contact":972859},{"date":"2021-02-16","total_cases":1008573,"history_of_travel":33707,"history_of_contact":974866},{"date":"2021-02-17","total_cases":1013465,"history_of_travel":33797,"history_of_contact":979668},{"date":"2021-02-18","total_cases":1020933,"history_of_travel":33936,"history_of_contact":986997},{"date":"2021-02-19","total_cases":1025438,"history_of_travel":34010,"history_of_contact":991428},{"date":"2021-02-20","total_cases":1030088,"history_of_travel":34086,"history_of_contact":996002},{"date":"2021-02-21","total_cases":1034158,"history_of_travel":34154,"history_of_contact":1000004},{"date":"2021-02-22","total_cases":1036370,"history_of_travel":34188,"history_of_contact":1002182},{"date":"2021-02-23","total_cases":1040404,"history_of_travel":34269,"history_of_contact":1006135},{"date":"2021-02-24","total_cases":1044510,"history_of_travel":34376,"history_of_contact":1010134},{"date":"2021-02-25","total_cases":1048187,"history_of_travel":34454,"history_of_contact":1013733},{"date":"2021-02-26","total_cases":1051858,"history_of_travel":34545,"history_of_contact":1017313},{"date":"2021-02-27","total_cases":1055650,"history_of_travel":34657,"history_of_contact":1020993},{"date":"2021-02-28","total_cases":1058904,"history_of_travel":34745,"history_of_contact":1024159},{"date":"2021-03-01","total_cases":1060842,"history_of_travel":34801,"history_of_contact":1026041},{"date":"2021-03-02","total_cases":1063780,"history_of_travel":34859,"history_of_contact":1028921},{"date":"2021-03-03","total_cases":1063607,"history_of_travel":31990,"history_of_contact":1031617},{"date":"2021-03-04","total_cases":1069161,"history_of_travel":35005,"history_of_contact":1034156},{"date":"2021-03-05","total_cases":1071937,"history_of_travel":35071,"history_of_contact":1036866},{"date":"2021-03-06","total_cases":1074728,"history_of_travel":35143,"history_of_contact":1039585},{"date":"2021-03-07","total_cases":1076828,"history_of_travel":35204,"history_of_contact":1041624},{"date":"2021-03-08","total_cases":1076140,"history_of_travel":35180,"history_of_contact":1040960},{"date":"2021-03-09","total_cases":1080556,"history_of_travel":35289,"history_of_contact":1045267},{"date":"2021-03-10","total_cases":1083031,"history_of_travel":35364,"history_of_contact":1047667},{"date":"2021-03-11","total_cases":1085164,"history_of_travel":35441,"history_of_contact":1049723},{"date":"2021-03-12","total_cases":1086944,"history_of_travel":35494,"history_of_contact":1051450},{"date":"2021-03-13","total_cases":1088979,"history_of_travel":35542,"history_of_contact":1053437},{"date":"2021-03-14","total_cases":1090771,"history_of_travel":35585,"history_of_contact":1055043},{"date":"2021-03-15","total_cases":1091825,"history_of_travel":35618,"history_of_contact":1056207},{"date":"2021-03-16","total_cases":1093795,"history_of_travel":35688,"history_of_contact":1058107},{"date":"2021-03-17","total_cases":1095893,"history_of_travel":35760,"history_of_contact":1060133},{"date":"2021-03-18","total_cases":1097792,"history_of_travel":35824,"history_of_contact":1061968},{"date":"2021-03-19","total_cases":1099776,"history_of_travel":35912,"history_of_contact":1063864},{"date":"2021-03-20","total_cases":1101854,"history_of_travel":36014,"history_of_contact":1065840},{"date":"2021-03-21","total_cases":1103729,"history_of_travel":36072,"history_of_contact":1067657},{"date":"2021-03-22","total_cases":1104968,"history_of_travel":36132,"history_of_contact":1068836},{"date":"2021-03-23","total_cases":1106953,"history_of_travel":36232,"history_of_contact":1070721},{"date":"2021-03-24","total_cases":1109409,"history_of_travel":36337,"history_of_contact":1073072},{"date":"2021-03-25","total_cases":1111398,"history_of_travel":36412,"history_of_contact":1074986},{"date":"2021-03-26","total_cases":1113223,"history_of_travel":36483,"history_of_contact":1076740},{"date":"2021-03-27","total_cases":1115278,"history_of_travel":36565,"history_of_contact":1078713},{"date":"2021-03-28","total_cases":1117494,"history_of_travel":36657,"history_of_contact":1080837},{"date":"2021-03-29","total_cases":1119043,"history_of_travel":36725,"history_of_contact":1082318},{"date":"2021-03-30","total_cases":1121432,"history_of_travel":36802,"history_of_contact":1084630},{"date":"2021-03-31","total_cases":1124085,"history_of_travel":36924,"history_of_contact":1087161},{"date":"2021-04-01","total_cases":1126883,"history_of_travel":37036,"history_of_contact":1089847},{"date":"2021-04-02","total_cases":1129391,"history_of_travel":37168,"history_of_contact":1092223},{"date":"2021-04-03","total_cases":1131932,"history_of_travel":37276,"history_of_contact":1094656},{"date":"2021-04-04","total_cases":1134734,"history_of_travel":37300,"history_of_contact":1094893},{"date":"2021-04-05","total_cases":1137091,"history_of_travel":37272,"history_of_contact":1094476},{"date":"2021-04-06","total_cases":1140593,"history_of_travel":37316,"history_of_contact":1095577},{"date":"2021-04-07","total_cases":1144095,"history_of_travel":37299,"history_of_contact":1095594},{"date":"2021-04-08","total_cases":1148448,"history_of_travel":37964,"history_of_contact":1110484},{"date":"2021-04-09","total_cases":1153511,"history_of_travel":38126,"history_of_contact":1115385},{"date":"2021-04-10","total_cases":1159705,"history_of_travel":38297,"history_of_contact":1121408},{"date":"2021-04-11","total_cases":1166691,"history_of_travel":38494,"history_of_contact":1128197},{"date":"2021-04-12","total_cases":1172383,"history_of_travel":38682,"history_of_contact":1133701},{"date":"2021-04-13","total_cases":1179898,"history_of_travel":38880,"history_of_contact":1141018},{"date":"2021-04-14","total_cases":1188676,"history_of_travel":39085,"history_of_contact":1149591},{"date":"2021-04-15","total_cases":1196802,"history_of_travel":39323,"history_of_contact":1157479},{"date":"2021-04-16","total_cases":1206833,"history_of_travel":39544,"history_of_contact":1167289},{"date":"2021-04-17","total_cases":1220668,"history_of_travel":39803,"history_of_contact":1180865},{"date":"2021-04-18","total_cases":1238925,"history_of_travel":40072,"history_of_contact":1198853},{"date":"2021-04-19","total_cases":1252569,"history_of_travel":40302,"history_of_contact":1212267},{"date":"2021-04-20","total_cases":1272146,"history_of_travel":40699,"history_of_contact":1231447},{"date":"2021-04-21","total_cases":1294560,"history_of_travel":40905,"history_of_contact":1253655},{"date":"2021-04-22","total_cases":1321555,"history_of_travel":41180,"history_of_contact":1280375},{"date":"2021-04-23","total_cases":1350002,"history_of_travel":41495,"history_of_contact":1308507},{"date":"2021-04-24","total_cases":1376687,"history_of_travel":41754,"history_of_contact":1334933},{"date":"2021-04-25","total_cases":1405156,"history_of_travel":42092,"history_of_contact":1363064},{"date":"2021-04-26","total_cases":1405156,"history_of_travel":42092,"history_of_contact":1363064},{"date":"2021-04-27","total_cases":1459865,"history_of_travel":42587,"history_of_contact":1417278},{"date":"2021-04-28","total_cases":1494878,"history_of_travel":42862,"history_of_contact":1452016},{"date":"2021-04-29","total_cases":1533485,"history_of_travel":43162,"history_of_contact":1490323},{"date":"2021-04-30","total_cases":1570684,"history_of_travel":43492,"history_of_contact":1527192},{"date":"2021-05-01","total_cases":1606320,"history_of_travel":43715,"history_of_contact":1562605},{"date":"2021-05-02","total_cases":1638279,"history_of_travel":43981,"history_of_contact":1594298},{"date":"2021-05-03","total_cases":1664290,"history_of_travel":44282,"history_of_contact":1620008},{"date":"2021-05-04","total_cases":1701480,"history_of_travel":44483,"history_of_contact":1656997},{"date":"2021-05-05","total_cases":1743433,"history_of_travel":44846,"history_of_contact":1698587},{"date":"2021-05-06","total_cases":1785897,"history_of_travel":45111,"history_of_contact":1740786},{"date":"2021-05-11","total_cases":1966906,"history_of_travel":46654,"history_of_contact":1920252},{"date":"2021-05-12","total_cases":2010435,"history_of_travel":46895,"history_of_contact":1963540},{"date":"2021-05-13","total_cases":2050390,"history_of_travel":47112,"history_of_contact":2003278},{"date":"2021-05-14","total_cases":2085084,"history_of_travel":47370,"history_of_contact":2037714},{"date":"2021-05-15","total_cases":2117764,"history_of_travel":47666,"history_of_contact":2070098},{"date":"2021-05-16","total_cases":2147468,"history_of_travel":47884,"history_of_contact":2099584},{"date":"2021-05-17","total_cases":2168870,"history_of_travel":47984,"history_of_contact":2120886},{"date":"2021-05-18","total_cases":2200207,"history_of_travel":48134,"history_of_contact":2152073},{"date":"2021-05-19","total_cases":2232769,"history_of_travel":48152,"history_of_contact":2184617},{"date":"2021-05-20","total_cases":2263460,"history_of_travel":48524,"history_of_contact":2214936},{"date":"2021-05-21","total_cases":2293133,"history_of_travel":48739,"history_of_contact":2244394},{"date":"2021-05-22","total_cases":2321647,"history_of_travel":48953,"history_of_contact":2272694},{"date":"2021-05-23","total_cases":2347467,"history_of_travel":49130,"history_of_contact":2298337},{"date":"2021-05-24","total_cases":2365288,"history_of_travel":49227,"history_of_contact":2316061},{"date":"2021-05-25","total_cases":2395091,"history_of_travel":49429,"history_of_contact":2345662},{"date":"2021-05-26","total_cases":2423889,"history_of_travel":49613,"history_of_contact":2374276},{"date":"2021-05-27","total_cases":2448055,"history_of_travel":49790,"history_of_contact":2398265},{"date":"2021-05-28","total_cases":2470373,"history_of_travel":49954,"history_of_contact":2420419},{"date":"2021-05-29","total_cases":2493886,"history_of_travel":50093,"history_of_contact":2443793},{"date":"2021-05-30","total_cases":2513780,"history_of_travel":50249,"history_of_contact":2463531},{"date":"2021-05-31","total_cases":2526080,"history_of_travel":50318,"history_of_contact":2475762},{"date":"2021-06-01","total_cases":2545840,"history_of_travel":50422,"history_of_contact":2495418},{"date":"2021-06-02","total_cases":2565501,"history_of_travel":50578,"history_of_contact":2514923},{"date":"2021-06-03","total_cases":2584354,"history_of_travel":50688,"history_of_contact":2533666},{"date":"2021-06-04","total_cases":2600583,"history_of_travel":50777,"history_of_contact":2549806},{"date":"2021-06-05","total_cases":261791,"history_of_travel":50889,"history_of_contact":2567022},{"date":"2021-06-06","total_cases":2632583,"history_of_travel":51042,"history_of_contact":2581541},{"date":"2021-06-07","total_cases":2641896,"history_of_travel":51094,"history_of_contact":2590802},{"date":"2021-06-08","total_cases":2657463,"history_of_travel":51179,"history_of_contact":2606284},{"date":"2021-06-09","total_cases":2673667,"history_of_travel":51333,"history_of_contact":2622334},{"date":"2021-06-10","total_cases":2688091,"history_of_travel":51442,"history_of_contact":2636649},{"date":"2021-06-11","total_cases":2702324,"history_of_travel":51550,"history_of_contact":2650774},{"date":"2021-06-12","total_cases":2716156,"history_of_travel":51632,"history_of_contact":2664524},{"date":"2021-06-13","total_cases":2727740,"history_of_travel":51715,"history_of_contact":2676025},{"date":"2021-06-14","total_cases":2735459,"history_of_travel":51751,"history_of_contact":2683708},{"date":"2021-06-15","total_cases":2747705,"history_of_travel":51836,"history_of_contact":2695869},{"date":"2021-06-16","total_cases":2760975,"history_of_travel":51922,"history_of_contact":2709053},{"date":"2021-06-17","total_cases":2773444,"history_of_travel":52014,"history_of_contact":2721430},{"date":"2021-06-18","total_cases":2784805,"history_of_travel":52078,"history_of_contact":2732727},{"date":"2021-06-19","total_cases":2797248,"history_of_travel":52156,"history_of_contact":2745092},{"date":"2021-06-20","total_cases":2808895,"history_of_travel":52210,"history_of_contact":2756685},{"date":"2021-06-21","total_cases":2816344,"history_of_travel":52257,"history_of_contact":2764087},{"date":"2021-06-22","total_cases":2828961,"history_of_travel":52317,"history_of_contact":2776644},{"date":"2021-06-23","total_cases":2841748,"history_of_travel":52372,"history_of_contact":2789376},{"date":"2021-06-24","total_cases":2853826,"history_of_travel":52466,"history_of_contact":2801360},{"date":"2021-06-25","total_cases":2865372,"history_of_travel":52536,"history_of_contact":2812836},{"date":"2021-06-26","total_cases":2877490,"history_of_travel":52595,"history_of_contact":2824895},{"date":"2021-06-27","total_cases":2888395,"history_of_travel":52648,"history_of_contact":2835747},{"date":"2021-06-28","total_cases":2896458,"history_of_travel":52705,"history_of_contact":2843753},{"date":"2021-06-29","total_cases":2910008,"history_of_travel":52752,"history_of_contact":2857256},{"date":"2021-06-30","total_cases":2923666,"history_of_travel":52821,"history_of_contact":2870845},{"date":"2021-07-01","total_cases":2936534,"history_of_travel":52871,"history_of_contact":2883663},{"date":"2021-07-02","total_cases":2948629,"history_of_travel":52939,"history_of_contact":2895690},{"date":"2021-07-03","total_cases":2961085,"history_of_travel":52997,"history_of_contact":2908088},{"date":"2021-07-04","total_cases":2973185,"history_of_travel":53073,"history_of_contact":2920112},{"date":"2021-07-05","total_cases":2969122,"history_of_travel":53012,"history_of_contact":2916110},{"date":"2021-07-06","total_cases":2983495,"history_of_travel":53070,"history_of_contact":2930425},{"date":"2021-07-07","total_cases":2999095,"history_of_travel":53136,"history_of_contact":2945959},{"date":"2021-07-08","total_cases":3024967,"history_of_travel":53272,"history_of_contact":2971695},{"date":"2021-07-09","total_cases":3038530,"history_of_travel":53324,"history_of_contact":2985206},{"date":"2021-07-10","total_cases":3052617,"history_of_travel":53422,"history_of_contact":2999195},{"date":"2021-07-11","total_cases":3064837,"history_of_travel":53493,"history_of_contact":3011344},{"date":"2021-07-12","total_cases":3072635,"history_of_travel":53525,"history_of_contact":3019110},{"date":"2021-07-13","total_cases":3087174,"history_of_travel":53592,"history_of_contact":3033582},{"date":"2021-07-14","total_cases":3102811,"history_of_travel":53649,"history_of_contact":3049162},{"date":"2021-07-15","total_cases":3116584,"history_of_travel":53705,"history_of_contact":3062879},{"date":"2021-07-16","total_cases":3130334,"history_of_travel":53768,"history_of_contact":3076566},{"date":"2021-07-17","total_cases":3146482,"history_of_travel":53820,"history_of_contact":3092662},{"date":"2021-07-18","total_cases":3160438,"history_of_travel":53895,"history_of_contact":3106543},{"date":"2021-07-19","total_cases":3170369,"history_of_travel":53926,"history_of_contact":3116443},{"date":"2021-07-20","total_cases":3187217,"history_of_travel":54027,"history_of_contact":3133190},{"date":"2021-07-21","total_cases":3204698,"history_of_travel":54113,"history_of_contact":3150585},{"date":"2021-07-22","total_cases":3217516,"history_of_travel":54189,"history_of_contact":3163327},{"date":"2021-07-23","total_cases":3235034,"history_of_travel":54299,"history_of_contact":3180735},{"date":"2021-07-24","total_cases":3253565,"history_of_travel":54412,"history_of_contact":3199153},{"date":"2021-07-25","total_cases":3271031,"history_of_travel":54490,"history_of_contact":3216541},{"date":"2021-07-26","total_cases":3282617,"history_of_travel":54535,"history_of_contact":3228082},{"date":"2021-07-27","total_cases":3304746,"history_of_travel":54659,"history_of_contact":3250087},{"date":"2021-07-28","total_cases":3326802,"history_of_travel":54779,"history_of_contact":3272023},{"date":"2021-07-29","total_cases":3348866,"history_of_travel":54940,"history_of_contact":3293926},{"date":"2021-07-30","total_cases":3369638,"history_of_travel":55077,"history_of_contact":3314561},{"date":"2021-07-31","total_cases":3390262,"history_of_travel":55189,"history_of_contact":3335073},{"date":"2021-08-01","total_cases":3410990,"history_of_travel":55266,"history_of_contact":3355724},{"date":"2021-08-02","total_cases":3424974,"history_of_travel":55346,"history_of_contact":3369628},{"date":"2021-08-03","total_cases":3448650,"history_of_travel":55451,"history_of_contact":3393199},{"date":"2021-08-04","total_cases":3471064,"history_of_travel":55565,"history_of_contact":3415499},{"date":"2021-08-05","total_cases":3493104,"history_of_travel":55632,"history_of_contact":3437472},{"date":"2021-08-06","total_cases":3513052,"history_of_travel":55729,"history_of_contact":3457323},{"date":"2021-08-07","total_cases":3533419,"history_of_travel":55815,"history_of_contact":3477604},{"date":"2021-08-08","total_cases":3552026,"history_of_travel":55939,"history_of_contact":3496087},{"date":"2021-08-09","total_cases":3565075,"history_of_travel":56003,"history_of_contact":3509072},{"date":"2021-08-10","total_cases":3586194,"history_of_travel":56043,"history_of_contact":3530151},{"date":"2021-08-11","total_cases":3609694,"history_of_travel":56127,"history_of_contact":3553567},{"date":"2021-08-12","total_cases":3631139,"history_of_travel":56200,"history_of_contact":3574939},{"date":"2021-08-13","total_cases":3651591,"history_of_travel":56263,"history_of_contact":3595328},{"date":"2021-08-14","total_cases":3671042,"history_of_travel":56356,"history_of_contact":3614686},{"date":"2021-08-15","total_cases":3689624,"history_of_travel":56497,"history_of_contact":3633127},{"date":"2021-08-16","total_cases":3701918,"history_of_travel":56565,"history_of_contact":3645353},{"date":"2021-08-17","total_cases":3723531,"history_of_travel":56657,"history_of_contact":3666874},{"date":"2021-08-18","total_cases":3744958,"history_of_travel":56765,"history_of_contact":3688193},{"date":"2021-08-19","total_cases":3766074,"history_of_travel":56867,"history_of_contact":3709207},{"date":"2021-08-20","total_cases":3786298,"history_of_travel":57004,"history_of_contact":3729294},{"date":"2021-08-21","total_cases":3803404,"history_of_travel":57057,"history_of_contact":3746347},{"date":"2021-08-22","total_cases":3813806,"history_of_travel":57161,"history_of_contact":3756645},{"date":"2021-08-23","total_cases":3827189,"history_of_travel":57200,"history_of_contact":3769989},{"date":"2021-08-24","total_cases":3851485,"history_of_travel":57318,"history_of_contact":3794167},{"date":"2021-08-25","total_cases":3882930,"history_of_travel":57456,"history_of_contact":3825474},{"date":"2021-08-26","total_cases":3913007,"history_of_travel":57584,"history_of_contact":3855423},{"date":"2021-08-27","total_cases":3945808,"history_of_travel":57728,"history_of_contact":3888080},{"date":"2021-08-28","total_cases":3977073,"history_of_travel":57848,"history_of_contact":3919225},{"date":"2021-08-29","total_cases":4006909,"history_of_travel":58077,"history_of_contact":3948832},{"date":"2021-08-30","total_cases":4026531,"history_of_travel":58139,"history_of_contact":3968392},{"date":"2021-08-31","total_cases":4056734,"history_of_travel":58286,"history_of_contact":3998448},{"date":"2021-09-01","total_cases":4089537,"history_of_travel":58440,"history_of_contact":4031097},{"date":"2021-09-02","total_cases":4121634,"history_of_travel":58542,"history_of_contact":4063092},{"date":"2021-09-03","total_cases":4150956,"history_of_travel":58621,"history_of_contact":4092335},{"date":"2021-09-05","total_cases":4207339,"history_of_travel":58902,"history_of_contact":4148437},{"date":"2021-09-06","total_cases":4227027,"history_of_travel":59013,"history_of_contact":4168014},{"date":"2021-09-07","total_cases":4252799,"history_of_travel":59146,"history_of_contact":4193653},{"date":"2021-09-08","total_cases":4282995,"history_of_travel":59336,"history_of_contact":4223659},{"date":"2021-09-09","total_cases":4309195,"history_of_travel":59417,"history_of_contact":4249778},{"date":"2021-09-10","total_cases":4334205,"history_of_travel":59519,"history_of_contact":4274686},{"date":"2021-09-11","total_cases":4354692,"history_of_travel":59621,"history_of_contact":4295071},{"date":"2021-09-12","total_cases":4374932,"history_of_travel":59735,"history_of_contact":4315197},{"date":"2021-09-14","total_cases":4405866,"history_of_travel":59828,"history_of_contact":4346038},{"date":"2021-09-15","total_cases":4423547,"history_of_travel":59875,"history_of_contact":4363672},{"date":"2021-09-16","total_cases":4445729,"history_of_travel":59964,"history_of_contact":4385765},{"date":"2021-09-17","total_cases":4468989,"history_of_travel":60123,"history_of_contact":4408866},{"date":"2021-09-18","total_cases":4488314,"history_of_travel":60219,"history_of_contact":4428095},{"date":"2021-09-19","total_cases":4507967,"history_of_travel":60324,"history_of_contact":4447643},{"date":"2021-09-20","total_cases":4523659,"history_of_travel":60390,"history_of_contact":4463269},{"date":"2021-09-21","total_cases":4539427,"history_of_travel":60514,"history_of_contact":4478913},{"date":"2021-09-22","total_cases":4559102,"history_of_travel":60566,"history_of_contact":4498536},{"date":"2021-09-23","total_cases":4578784,"history_of_travel":60619,"history_of_contact":4518165},{"date":"2021-09-24","total_cases":4596767,"history_of_travel":60691,"history_of_contact":4536076},{"date":"2021-09-25","total_cases":4613438,"history_of_travel":60801,"history_of_contact":4552637},{"date":"2021-09-26","total_cases":4629389,"history_of_travel":60871,"history_of_contact":4568518},{"date":"2021-09-27","total_cases":4641088,"history_of_travel":60903,"history_of_contact":4580185},{"date":"2021-09-28","total_cases":4652284,"history_of_travel":60977,"history_of_contact":4591307},{"date":"2021-09-29","total_cases":4664445,"history_of_travel":61041,"history_of_contact":4603404},{"date":"2021-09-30","total_cases":4680359,"history_of_travel":61115,"history_of_contact":4619244},{"date":"2021-10-01","total_cases":4694193,"history_of_travel":61189,"history_of_contact":4633004},{"date":"2021-10-02","total_cases":4707410,"history_of_travel":61240,"history_of_contact":4646170},{"date":"2021-10-03","total_cases":4719707,"history_of_travel":61301,"history_of_contact":4658406},{"date":"2021-10-04","total_cases":4728557,"history_of_travel":61343,"history_of_contact":4667214},{"date":"2021-10-05","total_cases":4738292,"history_of_travel":61379,"history_of_contact":4676913},{"date":"2021-10-06","total_cases":4750908,"history_of_travel":61428,"history_of_contact":4689480},{"date":"2021-10-07","total_cases":4763196,"history_of_travel":61479,"history_of_contact":4701717},{"date":"2021-10-08","total_cases":4774140,"history_of_travel":61522,"history_of_contact":4712618},{"date":"2021-10-09","total_cases":4783610,"history_of_travel":61576,"history_of_contact":4722034},{"date":"2021-10-11","total_cases":4801297,"history_of_travel":61666,"history_of_contact":4739631},{"date":"2021-10-12","total_cases":4809120,"history_of_travel":61701,"history_of_contact":4747419},{"date":"2021-10-13","total_cases":4820199,"history_of_travel":61754,"history_of_contact":4758445},{"date":"2021-10-14","total_cases":4829445,"history_of_travel":61793,"history_of_contact":4767652},{"date":"2021-10-15","total_cases":4838312,"history_of_travel":61825,"history_of_contact":4776487},{"date":"2021-10-16","total_cases":4846267,"history_of_travel":61852,"history_of_contact":4784415},{"date":"2021-10-17","total_cases":4853822,"history_of_travel":61896,"history_of_contact":4791926},{"date":"2021-10-18","total_cases":4860498,"history_of_travel":61930,"history_of_contact":4798568},{"date":"2021-10-19","total_cases":4868141,"history_of_travel":61974,"history_of_contact":4806167},{"date":"2021-10-20","total_cases":4879291,"history_of_travel":62015,"history_of_contact":4817276},{"date":"2021-10-21","total_cases":4888024,"history_of_travel":62046,"history_of_contact":4825978},{"date":"2021-10-22","total_cases":4897385,"history_of_travel":62085,"history_of_contact":4835300},{"date":"2021-10-23","total_cases":4906294,"history_of_travel":62134,"history_of_contact":4844160},{"date":"2021-10-24","total_cases":4914832,"history_of_travel":62166,"history_of_contact":4852666},{"date":"2021-10-25","total_cases":4921496,"history_of_travel":62186,"history_of_contact":4859310},{"date":"2021-10-26","total_cases":4928659,"history_of_travel":62215,"history_of_contact":4866444},{"date":"2021-10-27","total_cases":4938104,"history_of_travel":62243,"history_of_contact":4875861},{"date":"2021-10-28","total_cases":4945842,"history_of_travel":62281,"history_of_contact":4883561},{"date":"2021-10-29","total_cases":4953564,"history_of_travel":62324,"history_of_contact":4891240},{"date":"2021-10-30","total_cases":4960991,"history_of_travel":62379,"history_of_contact":4898612},{"date":"2021-10-31","total_cases":4968158,"history_of_travel":62399,"history_of_contact":4905759},{"date":"2021-11-01","total_cases":4973455,"history_of_travel":62415,"history_of_contact":4911040},{"date":"2021-11-02","total_cases":4979899,"history_of_travel":62463,"history_of_contact":4917436},{"date":"2021-11-03","total_cases":4987211,"history_of_travel":62487,"history_of_contact":4924724},{"date":"2021-11-04","total_cases":4994756,"history_of_travel":62517,"history_of_contact":4932239},{"date":"2021-11-05","total_cases":5001336,"history_of_travel":62539,"history_of_contact":4938797},{"date":"2021-11-06","total_cases":5007882,"history_of_travel":62555,"history_of_contact":4945327},{"date":"2021-11-07","total_cases":5015006,"history_of_travel":62578,"history_of_contact":4952428},{"date":"2021-11-08","total_cases":5020410,"history_of_travel":62597,"history_of_contact":4957813},{"date":"2021-11-09","total_cases":5026819,"history_of_travel":62620,"history_of_contact":4964199},{"date":"2021-11-10","total_cases":5034359,"history_of_travel":62650,"history_of_contact":4971709},{"date":"2021-11-12","total_cases":5048257,"history_of_travel":62694,"history_of_contact":4985563},{"date":"2021-11-13","total_cases":5054725,"history_of_travel":62722,"history_of_contact":4992003},{"date":"2021-11-14","total_cases":5060573,"history_of_travel":62734,"history_of_contact":4997839},{"date":"2021-11-15","total_cases":5065120,"history_of_travel":62746,"history_of_contact":5002374},{"date":"2021-11-16","total_cases":5070636,"history_of_travel":62771,"history_of_contact":5007865},{"date":"2021-11-17","total_cases":5077485,"history_of_travel":62789,"history_of_contact":5014696},{"date":"2021-11-18","total_cases":5083596,"history_of_travel":62811,"history_of_contact":5020785},{"date":"2021-11-19","total_cases":5089350,"history_of_travel":62836,"history_of_contact":5026514},{"date":"2021-11-20","total_cases":5095425,"history_of_travel":62860,"history_of_contact":5032565},{"date":"2021-11-21","total_cases":5100505,"history_of_travel":62888,"history_of_contact":5037617},{"date":"2021-11-22","total_cases":5104203,"history_of_travel":62903,"history_of_contact":5041300},{"date":"2021-11-23","total_cases":5109175,"history_of_travel":62920,"history_of_contact":5046255},{"date":"2021-11-24","total_cases":5113455,"history_of_travel":62947,"history_of_contact":5050508},{"date":"2021-11-25","total_cases":5119442,"history_of_travel":62984,"history_of_contact":5056458},{"date":"2021-11-26","total_cases":5124119,"history_of_travel":63000,"history_of_contact":5061119},{"date":"2021-11-27","total_cases":5128860,"history_of_travel":63008,"history_of_contact":5065852},{"date":"2021-11-29","total_cases":5136592,"history_of_travel":63027,"history_of_contact":5073565},{"date":"2021-11-30","total_cases":5141315,"history_of_travel":63039,"history_of_contact":5078276},{"date":"2021-12-01","total_cases":5146720,"history_of_travel":63053,"history_of_contact":5083667},{"date":"2021-12-02","total_cases":5151420,"history_of_travel":63071,"history_of_contact":5088349},{"date":"2021-12-03","total_cases":5156415,"history_of_travel":63104,"history_of_contact":5093311},{"date":"2021-12-04","total_cases":5160972,"history_of_travel":63113,"history_of_contact":5097859},{"date":"2021-12-05","total_cases":5165422,"history_of_travel":63139,"history_of_contact":5102283},{"date":"2021-12-06","total_cases":5168699,"history_of_travel":63148,"history_of_contact":5105551},{"date":"2021-12-07","total_cases":5173355,"history_of_travel":63164,"history_of_contact":5110191},{"date":"2021-12-08","total_cases":5178393,"history_of_travel":63181,"history_of_contact":5115212},{"date":"2021-12-09","total_cases":5182562,"history_of_travel":63186,"history_of_contact":5119376},{"date":"2021-12-10","total_cases":5186534,"history_of_travel":63196,"history_of_contact":5123338},{"date":"2021-12-11","total_cases":5190329,"history_of_travel":63210,"history_of_contact":5127119},{"date":"2021-12-12","total_cases":5194106,"history_of_travel":63221,"history_of_contact":5130885},{"date":"2021-12-13","total_cases":5196540,"history_of_travel":63227,"history_of_contact":5133313},{"date":"2021-12-14","total_cases":5199917,"history_of_travel":63232,"history_of_contact":5136685},{"date":"2021-12-15","total_cases":5203923,"history_of_travel":63246,"history_of_contact":5140677},{"date":"2021-12-16","total_cases":5207327,"history_of_travel":63254,"history_of_contact":5144073},{"date":"2021-12-17","total_cases":5210798,"history_of_travel":63272,"history_of_contact":5147526},{"date":"2021-12-18","total_cases":5214095,"history_of_travel":63291,"history_of_contact":5150804},{"date":"2021-12-19","total_cases":5217090,"history_of_travel":63298,"history_of_contact":5153792},{"date":"2021-12-20","total_cases":5219320,"history_of_travel":63305,"history_of_contact":5156015},{"date":"2021-12-21","total_cases":5222068,"history_of_travel":63324,"history_of_contact":5158744},{"date":"2021-12-22","total_cases":5225273,"history_of_travel":63334,"history_of_contact":5161939},{"date":"2021-12-23","total_cases":5227787,"history_of_travel":63352,"history_of_contact":5164435},{"date":"2021-12-24","total_cases":5230392,"history_of_travel":63365,"history_of_contact":5167027},{"date":"2021-12-25","total_cases":5232799,"history_of_travel":63386,"history_of_contact":5169413},{"date":"2021-12-26","total_cases":5234623,"history_of_travel":63397,"history_of_contact":5171226},{"date":"2021-12-27","total_cases":5236259,"history_of_travel":63448,"history_of_contact":5172811},{"date":"2021-12-28","total_cases":5238733,"history_of_travel":63472,"history_of_contact":5175261},{"date":"2021-12-29","total_cases":5241579,"history_of_travel":63492,"history_of_contact":5178087},{"date":"2021-12-30","total_cases":5244002,"history_of_travel":63519,"history_of_contact":5180483},{"date":"2021-12-31","total_cases":5246678,"history_of_travel":63561,"history_of_contact":5183117},{"date":"2022-01-01","total_cases":5249113,"history_of_travel":63599,"history_of_contact":5185514},{"date":"2022-01-02","total_cases":5251915,"history_of_travel":63647,"history_of_contact":5188268},{"date":"2022-01-03","total_cases":5254475,"history_of_travel":63695,"history_of_contact":5190780},{"date":"2022-01-04","total_cases":5258115,"history_of_travel":63747,"history_of_contact":5194368},{"date":"2022-01-05","total_cases":5262916,"history_of_travel":63823,"history_of_contact":5199093},{"date":"2022-01-06","total_cases":5267565,"history_of_travel":63906,"history_of_contact":5203659},{"date":"2022-01-07","total_cases":5272861,"history_of_travel":63982,"history_of_contact":5208879},{"date":"2022-01-10","total_cases":5290840,"history_of_travel":64246,"history_of_contact":5226594},{"date":"2022-01-11","total_cases":5299906,"history_of_travel":64373,"history_of_contact":5235533},{"date":"2022-01-12","total_cases":5312648,"history_of_travel":64970,"history_of_contact":5247678},{"date":"2022-01-13","total_cases":5326116,"history_of_travel":64647,"history_of_contact":5261469},{"date":"2022-01-14","total_cases":5342454,"history_of_travel":64782,"history_of_contact":5277672},{"date":"2022-01-15","total_cases":5360209,"history_of_travel":64932,"history_of_contact":5295277},{"date":"2022-01-16","total_cases":5378332,"history_of_travel":65045,"history_of_contact":5313287},{"date":"2022-01-17","total_cases":5401278,"history_of_travel":65226,"history_of_contact":5336052},{"date":"2022-01-18","total_cases":5429759,"history_of_travel":65391,"history_of_contact":5364368},{"date":"2022-01-19","total_cases":5463958,"history_of_travel":65516,"history_of_contact":5398442},{"date":"2022-01-20","total_cases":5510345,"history_of_travel":111903,"history_of_contact":5398442},{"date":"2022-01-21","total_cases":5552013,"history_of_travel":65827,"history_of_contact":5486186},{"date":"2022-01-22","total_cases":5597149,"history_of_travel":65955,"history_of_contact":5531194}]