[{"date":"2020-08-17","international_cumulative":null,"domestic_cumulative":null,"total":739913.0},{"date":"2020-08-18","international_cumulative":null,"domestic_cumulative":null,"total":746048.0},{"date":"2020-08-19","international_cumulative":null,"domestic_cumulative":null,"total":751661.0},{"date":"2020-08-20","international_cumulative":null,"domestic_cumulative":null,"total":757518.0},{"date":"2020-08-21","international_cumulative":null,"domestic_cumulative":null,"total":762853.0},{"date":"2020-08-22","international_cumulative":null,"domestic_cumulative":null,"total":768438.0},{"date":"2020-08-23","international_cumulative":null,"domestic_cumulative":null,"total":775195.0},{"date":"2020-08-24","international_cumulative":null,"domestic_cumulative":null,"total":781490.0},{"date":"2020-08-25","international_cumulative":null,"domestic_cumulative":null,"total":787676.0},{"date":"2020-08-26","international_cumulative":null,"domestic_cumulative":null,"total":793221.0},{"date":"2020-08-27","international_cumulative":null,"domestic_cumulative":null,"total":800261.0},{"date":"2020-08-28","international_cumulative":null,"domestic_cumulative":null,"total":804853.0},{"date":"2020-08-29","international_cumulative":null,"domestic_cumulative":null,"total":812926.0},{"date":"2020-08-30","international_cumulative":null,"domestic_cumulative":null,"total":818273.0},{"date":"2020-08-31","international_cumulative":null,"domestic_cumulative":null,"total":824920.0},{"date":"2020-09-01","international_cumulative":null,"domestic_cumulative":null,"total":831082.0},{"date":"2020-09-02","international_cumulative":null,"domestic_cumulative":null,"total":836293.0},{"date":"2020-09-03","international_cumulative":null,"domestic_cumulative":null,"total":840864.0},{"date":"2020-09-04","international_cumulative":null,"domestic_cumulative":null,"total":847689.0},{"date":"2020-09-05","international_cumulative":null,"domestic_cumulative":null,"total":853364.0},{"date":"2020-09-06","international_cumulative":null,"domestic_cumulative":null,"total":860670.0},{"date":"2020-09-07","international_cumulative":null,"domestic_cumulative":null,"total":867566.0},{"date":"2020-09-08","international_cumulative":null,"domestic_cumulative":null,"total":874727.0},{"date":"2020-09-09","international_cumulative":null,"domestic_cumulative":null,"total":881371.0},{"date":"2020-09-10","international_cumulative":null,"domestic_cumulative":null,"total":888497.0},{"date":"2020-09-11","international_cumulative":null,"domestic_cumulative":null,"total":895809.0},{"date":"2020-09-12","international_cumulative":null,"domestic_cumulative":null,"total":901970.0},{"date":"2020-09-13","international_cumulative":null,"domestic_cumulative":null,"total":908126.0},{"date":"2020-09-14","international_cumulative":null,"domestic_cumulative":null,"total":913877.0},{"date":"2020-09-15","international_cumulative":null,"domestic_cumulative":null,"total":919923.0},{"date":"2020-09-16","international_cumulative":null,"domestic_cumulative":null,"total":926455.0},{"date":"2020-09-17","international_cumulative":null,"domestic_cumulative":null,"total":931992.0},{"date":"2020-09-18","international_cumulative":null,"domestic_cumulative":null,"total":938843.0},{"date":"2020-09-19","international_cumulative":null,"domestic_cumulative":null,"total":944694.0},{"date":"2020-09-20","international_cumulative":null,"domestic_cumulative":null,"total":951296.0},{"date":"2020-09-21","international_cumulative":null,"domestic_cumulative":null,"total":957533.0},{"date":"2020-09-22","international_cumulative":null,"domestic_cumulative":null,"total":964656.0},{"date":"2020-09-23","international_cumulative":null,"domestic_cumulative":null,"total":972416.0},{"date":"2020-09-24","international_cumulative":null,"domestic_cumulative":null,"total":979221.0},{"date":"2020-09-25","international_cumulative":null,"domestic_cumulative":null,"total":986559.0},{"date":"2020-09-26","international_cumulative":null,"domestic_cumulative":null,"total":994811.0},{"date":"2020-09-27","international_cumulative":null,"domestic_cumulative":null,"total":1002351.0},{"date":"2020-09-28","international_cumulative":null,"domestic_cumulative":null,"total":1010640.0},{"date":"2020-09-29","international_cumulative":null,"domestic_cumulative":null,"total":1018173.0},{"date":"2020-09-30","international_cumulative":null,"domestic_cumulative":null,"total":1026374.0},{"date":"2020-10-01","international_cumulative":null,"domestic_cumulative":null,"total":1026374.0},{"date":"2020-10-02","international_cumulative":null,"domestic_cumulative":null,"total":1043115.0},{"date":"2020-10-03","international_cumulative":null,"domestic_cumulative":null,"total":1052916.0},{"date":"2020-10-04","international_cumulative":null,"domestic_cumulative":null,"total":1061735.0},{"date":"2020-10-05","international_cumulative":null,"domestic_cumulative":null,"total":1070026.0},{"date":"2020-10-06","international_cumulative":null,"domestic_cumulative":null,"total":1077855.0},{"date":"2020-10-07","international_cumulative":null,"domestic_cumulative":null,"total":1085871.0},{"date":"2020-10-08","international_cumulative":null,"domestic_cumulative":null,"total":1094779.0},{"date":"2020-10-09","international_cumulative":null,"domestic_cumulative":null,"total":1104500.0},{"date":"2020-10-10","international_cumulative":null,"domestic_cumulative":null,"total":1113619.0},{"date":"2020-10-11","international_cumulative":null,"domestic_cumulative":null,"total":1123083.0},{"date":"2020-10-12","international_cumulative":null,"domestic_cumulative":null,"total":1131579.0},{"date":"2020-10-13","international_cumulative":null,"domestic_cumulative":null,"total":1139207.0},{"date":"2020-10-14","international_cumulative":null,"domestic_cumulative":null,"total":1146709.0},{"date":"2020-10-15","international_cumulative":null,"domestic_cumulative":null,"total":1154901.0},{"date":"2020-10-16","international_cumulative":null,"domestic_cumulative":null,"total":1163959.0},{"date":"2020-10-17","international_cumulative":null,"domestic_cumulative":null,"total":1172920.0},{"date":"2020-10-18","international_cumulative":null,"domestic_cumulative":null,"total":1182557.0},{"date":"2020-10-19","international_cumulative":null,"domestic_cumulative":null,"total":1191862.0},{"date":"2020-10-20","international_cumulative":null,"domestic_cumulative":null,"total":1200884.0},{"date":"2020-10-21","international_cumulative":null,"domestic_cumulative":null,"total":1209321.0},{"date":"2020-10-22","international_cumulative":null,"domestic_cumulative":null,"total":1217829.0},{"date":"2020-10-23","international_cumulative":null,"domestic_cumulative":null,"total":1228195.0},{"date":"2020-10-24","international_cumulative":null,"domestic_cumulative":null,"total":1237624.0},{"date":"2020-10-25","international_cumulative":null,"domestic_cumulative":null,"total":1247204.0},{"date":"2020-10-26","international_cumulative":null,"domestic_cumulative":null,"total":1256072.0},{"date":"2020-10-27","international_cumulative":null,"domestic_cumulative":null,"total":1264833.0},{"date":"2020-10-28","international_cumulative":null,"domestic_cumulative":null,"total":1272692.0},{"date":"2020-10-29","international_cumulative":null,"domestic_cumulative":null,"total":1281945.0},{"date":"2020-10-30","international_cumulative":null,"domestic_cumulative":null,"total":1291602.0},{"date":"2020-10-31","international_cumulative":null,"domestic_cumulative":null,"total":1301612.0},{"date":"2020-11-01","international_cumulative":null,"domestic_cumulative":null,"total":1312307.0},{"date":"2020-11-02","international_cumulative":null,"domestic_cumulative":null,"total":1322691.0},{"date":"2020-11-03","international_cumulative":null,"domestic_cumulative":null,"total":1332220.0},{"date":"2020-11-04","international_cumulative":null,"domestic_cumulative":null,"total":1341530.0},{"date":"2020-11-05","international_cumulative":null,"domestic_cumulative":null,"total":1351665.0},{"date":"2020-11-06","international_cumulative":null,"domestic_cumulative":null,"total":1361624.0},{"date":"2020-11-07","international_cumulative":null,"domestic_cumulative":null,"total":1371695.0},{"date":"2020-11-08","international_cumulative":null,"domestic_cumulative":null,"total":1382430.0},{"date":"2020-11-09","international_cumulative":null,"domestic_cumulative":null,"total":1392155.0},{"date":"2020-11-10","international_cumulative":null,"domestic_cumulative":null,"total":1402447.0},{"date":"2020-11-11","international_cumulative":null,"domestic_cumulative":null,"total":1411801.0},{"date":"2020-11-12","international_cumulative":null,"domestic_cumulative":null,"total":1421488.0},{"date":"2020-11-13","international_cumulative":null,"domestic_cumulative":null,"total":1431898.0},{"date":"2020-11-14","international_cumulative":null,"domestic_cumulative":null,"total":1442304.0},{"date":"2020-11-15","international_cumulative":null,"domestic_cumulative":null,"total":1453482.0},{"date":"2020-11-16","international_cumulative":null,"domestic_cumulative":null,"total":1463937.0},{"date":"2020-11-17","international_cumulative":null,"domestic_cumulative":null,"total":1474449.0},{"date":"2020-11-18","international_cumulative":null,"domestic_cumulative":null,"total":1483186.0},{"date":"2020-11-19","international_cumulative":null,"domestic_cumulative":null,"total":1492541.0},{"date":"2020-11-20","international_cumulative":null,"domestic_cumulative":null,"total":1492541.0},{"date":"2020-11-21","international_cumulative":null,"domestic_cumulative":null,"total":1501877.0},{"date":"2020-11-22","international_cumulative":null,"domestic_cumulative":null,"total":1520518.0},{"date":"2020-11-23","international_cumulative":null,"domestic_cumulative":null,"total":1530139.0},{"date":"2020-11-24","international_cumulative":null,"domestic_cumulative":null,"total":1538946.0},{"date":"2020-11-25","international_cumulative":null,"domestic_cumulative":null,"total":1547847.0},{"date":"2020-11-26","international_cumulative":null,"domestic_cumulative":null,"total":1557745.0},{"date":"2020-11-27","international_cumulative":null,"domestic_cumulative":null,"total":1567500.0},{"date":"2020-11-28","international_cumulative":null,"domestic_cumulative":null,"total":1576671.0},{"date":"2020-11-29","international_cumulative":null,"domestic_cumulative":null,"total":1584177.0},{"date":"2020-11-30","international_cumulative":null,"domestic_cumulative":null,"total":1594526.0},{"date":"2020-12-01","international_cumulative":null,"domestic_cumulative":null,"total":1594526.0},{"date":"2020-12-02","international_cumulative":null,"domestic_cumulative":null,"total":1613765.0},{"date":"2020-12-03","international_cumulative":null,"domestic_cumulative":null,"total":1624104.0},{"date":"2020-12-04","international_cumulative":null,"domestic_cumulative":null,"total":1633647.0},{"date":"2020-12-05","international_cumulative":null,"domestic_cumulative":null,"total":1641722.0},{"date":"2020-12-06","international_cumulative":null,"domestic_cumulative":null,"total":1650151.0},{"date":"2020-12-07","international_cumulative":null,"domestic_cumulative":null,"total":1658325.0},{"date":"2020-12-08","international_cumulative":null,"domestic_cumulative":null,"total":1667333.0},{"date":"2020-12-09","international_cumulative":null,"domestic_cumulative":null,"total":1675523.0},{"date":"2020-12-10","international_cumulative":null,"domestic_cumulative":null,"total":1677456.0},{"date":"2020-12-11","international_cumulative":null,"domestic_cumulative":null,"total":1685828.0},{"date":"2020-12-12","international_cumulative":null,"domestic_cumulative":null,"total":1694694.0},{"date":"2020-12-13","international_cumulative":null,"domestic_cumulative":null,"total":1705124.0},{"date":"2020-12-14","international_cumulative":null,"domestic_cumulative":null,"total":1720926.0},{"date":"2020-12-15","international_cumulative":null,"domestic_cumulative":null,"total":1728897.0},{"date":"2020-12-16","international_cumulative":null,"domestic_cumulative":null,"total":1737434.0},{"date":"2020-12-17","international_cumulative":null,"domestic_cumulative":null,"total":1746186.0},{"date":"2020-12-18","international_cumulative":null,"domestic_cumulative":null,"total":1754757.0},{"date":"2020-12-19","international_cumulative":null,"domestic_cumulative":null,"total":1754757.0},{"date":"2020-12-20","international_cumulative":null,"domestic_cumulative":null,"total":1773312.0},{"date":"2020-12-21","international_cumulative":null,"domestic_cumulative":null,"total":1780431.0},{"date":"2020-12-22","international_cumulative":null,"domestic_cumulative":null,"total":1787645.0},{"date":"2020-12-23","international_cumulative":null,"domestic_cumulative":null,"total":1793688.0},{"date":"2020-12-24","international_cumulative":null,"domestic_cumulative":null,"total":1801329.0},{"date":"2020-12-25","international_cumulative":null,"domestic_cumulative":null,"total":1801329.0},{"date":"2020-12-26","international_cumulative":null,"domestic_cumulative":null,"total":1812240.0},{"date":"2020-12-27","international_cumulative":null,"domestic_cumulative":null,"total":1817619.0},{"date":"2020-12-28","international_cumulative":null,"domestic_cumulative":null,"total":1823558.0},{"date":"2020-12-29","international_cumulative":null,"domestic_cumulative":null,"total":1830549.0},{"date":"2020-12-30","international_cumulative":null,"domestic_cumulative":null,"total":1836216.0},{"date":"2020-12-31","international_cumulative":null,"domestic_cumulative":null,"total":1843788.0},{"date":"2021-01-01","international_cumulative":null,"domestic_cumulative":null,"total":1851044.0},{"date":"2021-01-02","international_cumulative":null,"domestic_cumulative":null,"total":1857566.0},{"date":"2021-01-03","international_cumulative":null,"domestic_cumulative":null,"total":1857566.0},{"date":"2021-01-04","international_cumulative":null,"domestic_cumulative":null,"total":1857566.0},{"date":"2021-01-05","international_cumulative":null,"domestic_cumulative":null,"total":1880281.0},{"date":"2021-01-06","international_cumulative":null,"domestic_cumulative":null,"total":1886779.0},{"date":"2021-01-07","international_cumulative":null,"domestic_cumulative":null,"total":1886779.0},{"date":"2021-01-08","international_cumulative":null,"domestic_cumulative":null,"total":1886779.0},{"date":"2021-01-09","international_cumulative":null,"domestic_cumulative":null,"total":1906170.0},{"date":"2021-01-10","international_cumulative":null,"domestic_cumulative":null,"total":1925180.0},{"date":"2021-01-11","international_cumulative":null,"domestic_cumulative":null,"total":1934675.0},{"date":"2021-01-12","international_cumulative":null,"domestic_cumulative":null,"total":1943349.0},{"date":"2021-01-13","international_cumulative":null,"domestic_cumulative":null,"total":1952195.0},{"date":"2021-01-14","international_cumulative":null,"domestic_cumulative":null,"total":1952195.0},{"date":"2021-01-15","international_cumulative":null,"domestic_cumulative":null,"total":1968654.0},{"date":"2021-01-16","international_cumulative":null,"domestic_cumulative":null,"total":1976189.0},{"date":"2021-01-17","international_cumulative":null,"domestic_cumulative":null,"total":1984878.0},{"date":"2021-01-18","international_cumulative":null,"domestic_cumulative":null,"total":1984878.0},{"date":"2021-01-19","international_cumulative":null,"domestic_cumulative":null,"total":2000368.0},{"date":"2021-01-20","international_cumulative":null,"domestic_cumulative":null,"total":2008158.0},{"date":"2021-01-21","international_cumulative":null,"domestic_cumulative":null,"total":2016755.0},{"date":"2021-01-22","international_cumulative":null,"domestic_cumulative":null,"total":2026968.0},{"date":"2021-01-23","international_cumulative":null,"domestic_cumulative":null,"total":2036468.0},{"date":"2021-01-24","international_cumulative":null,"domestic_cumulative":null,"total":2045841.0},{"date":"2021-01-26","international_cumulative":null,"domestic_cumulative":null,"total":2090871.0},{"date":"2021-01-27","international_cumulative":null,"domestic_cumulative":null,"total":2099752.0},{"date":"2021-01-28","international_cumulative":null,"domestic_cumulative":null,"total":2109247.0},{"date":"2021-01-29","international_cumulative":null,"domestic_cumulative":null,"total":2118192.0},{"date":"2021-01-30","international_cumulative":null,"domestic_cumulative":null,"total":2128190.0},{"date":"2021-01-31","international_cumulative":null,"domestic_cumulative":null,"total":2137799.0},{"date":"2021-02-01","international_cumulative":null,"domestic_cumulative":null,"total":2146824.0},{"date":"2021-02-02","international_cumulative":null,"domestic_cumulative":null,"total":2155478.0},{"date":"2021-02-03","international_cumulative":null,"domestic_cumulative":null,"total":2163397.0},{"date":"2021-02-04","international_cumulative":null,"domestic_cumulative":null,"total":2171962.0},{"date":"2021-02-05","international_cumulative":null,"domestic_cumulative":null,"total":2182250.0},{"date":"2021-02-06","international_cumulative":null,"domestic_cumulative":null,"total":2191358.0},{"date":"2021-02-07","international_cumulative":null,"domestic_cumulative":null,"total":2200428.0},{"date":"2021-02-08","international_cumulative":null,"domestic_cumulative":null,"total":2209604.0},{"date":"2021-02-09","international_cumulative":null,"domestic_cumulative":null,"total":2209604.0},{"date":"2021-02-10","international_cumulative":null,"domestic_cumulative":null,"total":2217735.0},{"date":"2021-02-11","international_cumulative":null,"domestic_cumulative":null,"total":2234133.0},{"date":"2021-02-12","international_cumulative":null,"domestic_cumulative":null,"total":2243825.0},{"date":"2021-02-13","international_cumulative":null,"domestic_cumulative":null,"total":2253003.0},{"date":"2021-02-14","international_cumulative":null,"domestic_cumulative":null,"total":2253003.0},{"date":"2021-02-15","international_cumulative":null,"domestic_cumulative":null,"total":2269189.0},{"date":"2021-02-16","international_cumulative":null,"domestic_cumulative":null,"total":2277761.0},{"date":"2021-02-17","international_cumulative":null,"domestic_cumulative":null,"total":2285530.0},{"date":"2021-02-18","international_cumulative":null,"domestic_cumulative":null,"total":2293741.0},{"date":"2021-02-19","international_cumulative":null,"domestic_cumulative":null,"total":2302412.0},{"date":"2021-02-20","international_cumulative":null,"domestic_cumulative":null,"total":2310730.0},{"date":"2021-02-21","international_cumulative":null,"domestic_cumulative":null,"total":2319438.0},{"date":"2021-02-22","international_cumulative":null,"domestic_cumulative":null,"total":2328864.0},{"date":"2021-02-23","international_cumulative":null,"domestic_cumulative":null,"total":2337234.0},{"date":"2021-02-24","international_cumulative":null,"domestic_cumulative":null,"total":2340699.0},{"date":"2021-02-25","international_cumulative":null,"domestic_cumulative":null,"total":2340699.0},{"date":"2021-02-26","international_cumulative":null,"domestic_cumulative":null,"total":2340699.0},{"date":"2021-02-27","international_cumulative":1053731.0,"domestic_cumulative":675118.0,"total":1728849.0},{"date":"2021-02-28","international_cumulative":1053731.0,"domestic_cumulative":675118.0,"total":1728849.0},{"date":"2021-03-01","international_cumulative":1067414.0,"domestic_cumulative":680006.0,"total":1747420.0},{"date":"2021-03-02","international_cumulative":1073696.0,"domestic_cumulative":682235.0,"total":1755931.0},{"date":"2021-03-03","international_cumulative":1079084.0,"domestic_cumulative":683959.0,"total":1763043.0},{"date":"2021-03-04","international_cumulative":1085531.0,"domestic_cumulative":685892.0,"total":1771423.0},{"date":"2021-03-05","international_cumulative":1092625.0,"domestic_cumulative":687389.0,"total":1780014.0},{"date":"2021-03-06","international_cumulative":1092652.0,"domestic_cumulative":689494.0,"total":1782146.0},{"date":"2021-03-07","international_cumulative":1105960.0,"domestic_cumulative":692089.0,"total":1798049.0},{"date":"2021-03-08","international_cumulative":1111609.0,"domestic_cumulative":694681.0,"total":1806290.0},{"date":"2021-03-09","international_cumulative":1111609.0,"domestic_cumulative":694681.0,"total":1806290.0},{"date":"2021-03-10","international_cumulative":1111609.0,"domestic_cumulative":694681.0,"total":1806290.0},{"date":"2021-03-11","international_cumulative":1111609.0,"domestic_cumulative":694681.0,"total":1806290.0},{"date":"2021-03-12","international_cumulative":1134243.0,"domestic_cumulative":703375.0,"total":1837618.0},{"date":"2021-03-13","international_cumulative":1140848.0,"domestic_cumulative":705339.0,"total":1846187.0},{"date":"2021-03-14","international_cumulative":1146444.0,"domestic_cumulative":708072.0,"total":1854516.0},{"date":"2021-03-15","international_cumulative":1151900.0,"domestic_cumulative":710651.0,"total":1862551.0},{"date":"2021-03-16","international_cumulative":1157383.0,"domestic_cumulative":712949.0,"total":1870332.0},{"date":"2021-03-17","international_cumulative":1163264.0,"domestic_cumulative":714908.0,"total":1878172.0},{"date":"2021-03-18","international_cumulative":1163264.0,"domestic_cumulative":714908.0,"total":1878172.0},{"date":"2021-03-19","international_cumulative":1176140.0,"domestic_cumulative":719597.0,"total":1895737.0},{"date":"2021-03-20","international_cumulative":1182769.0,"domestic_cumulative":721795.0,"total":1904564.0},{"date":"2021-03-21","international_cumulative":1182769.0,"domestic_cumulative":721795.0,"total":1904564.0},{"date":"2021-03-22","international_cumulative":1195718.0,"domestic_cumulative":727490.0,"total":1923208.0},{"date":"2021-03-23","international_cumulative":1195718.0,"domestic_cumulative":727490.0,"total":1923208.0},{"date":"2021-03-24","international_cumulative":1195718.0,"domestic_cumulative":727490.0,"total":1923208.0},{"date":"2021-03-25","international_cumulative":1214037.0,"domestic_cumulative":733836.0,"total":1947873.0},{"date":"2021-03-26","international_cumulative":1214037.0,"domestic_cumulative":736337.0,"total":1950374.0},{"date":"2021-03-27","international_cumulative":1221339.0,"domestic_cumulative":738903.0,"total":1960242.0},{"date":"2021-03-28","international_cumulative":1228168.0,"domestic_cumulative":741787.0,"total":1969955.0},{"date":"2021-03-29","international_cumulative":1234586.0,"domestic_cumulative":744651.0,"total":1979237.0},{"date":"2021-03-30","international_cumulative":1241085.0,"domestic_cumulative":747047.0,"total":1988132.0},{"date":"2021-03-31","international_cumulative":1248789.0,"domestic_cumulative":748744.0,"total":1997533.0},{"date":"2021-04-01","international_cumulative":1248789.0,"domestic_cumulative":748744.0,"total":1997533.0},{"date":"2021-04-02","international_cumulative":1256500.0,"domestic_cumulative":751151.0,"total":2007651.0},{"date":"2021-04-03","international_cumulative":1273548.0,"domestic_cumulative":757283.0,"total":2030831.0},{"date":"2021-04-04","international_cumulative":1273548.0,"domestic_cumulative":757283.0,"total":2030831.0},{"date":"2021-04-05","international_cumulative":1288502.0,"domestic_cumulative":762670.0,"total":2051172.0},{"date":"2021-04-06","international_cumulative":1288502.0,"domestic_cumulative":762670.0,"total":2051172.0},{"date":"2021-04-07","international_cumulative":1294752.0,"domestic_cumulative":765051.0,"total":2059803.0},{"date":"2021-04-08","international_cumulative":1307697.0,"domestic_cumulative":769383.0,"total":2077080.0},{"date":"2021-04-09","international_cumulative":1313639.0,"domestic_cumulative":771505.0,"total":2085144.0},{"date":"2021-04-10","international_cumulative":1321524.0,"domestic_cumulative":773755.0,"total":2095279.0},{"date":"2021-04-11","international_cumulative":1321524.0,"domestic_cumulative":773755.0,"total":2095279.0},{"date":"2021-04-12","international_cumulative":1335398.0,"domestic_cumulative":780373.0,"total":2115771.0},{"date":"2021-04-13","international_cumulative":1340842.0,"domestic_cumulative":782985.0,"total":2123827.0},{"date":"2021-04-14","international_cumulative":1340842.0,"domestic_cumulative":782985.0,"total":2123827.0},{"date":"2021-04-15","international_cumulative":1352423.0,"domestic_cumulative":787484.0,"total":2139907.0},{"date":"2021-04-16","international_cumulative":1357706.0,"domestic_cumulative":789827.0,"total":2147533.0},{"date":"2021-04-17","international_cumulative":1357706.0,"domestic_cumulative":789827.0,"total":2147533.0},{"date":"2021-04-18","international_cumulative":1364481.0,"domestic_cumulative":792156.0,"total":2156637.0},{"date":"2021-04-19","international_cumulative":1375340.0,"domestic_cumulative":797347.0,"total":2172687.0},{"date":"2021-04-20","international_cumulative":1379217.0,"domestic_cumulative":799444.0,"total":2178661.0},{"date":"2021-04-21","international_cumulative":1383576.0,"domestic_cumulative":801268.0,"total":2184844.0},{"date":"2021-04-22","international_cumulative":1388334.0,"domestic_cumulative":803640.0,"total":2191974.0},{"date":"2021-04-23","international_cumulative":1392565.0,"domestic_cumulative":805530.0,"total":2198095.0},{"date":"2021-04-24","international_cumulative":1398555.0,"domestic_cumulative":807720.0,"total":2206275.0},{"date":"2021-04-25","international_cumulative":1404110.0,"domestic_cumulative":810342.0,"total":2214452.0},{"date":"2021-04-26","international_cumulative":1408030.0,"domestic_cumulative":812464.0,"total":2220494.0},{"date":"2021-04-27","international_cumulative":1411491.0,"domestic_cumulative":814116.0,"total":2225607.0},{"date":"2021-04-28","international_cumulative":1415593.0,"domestic_cumulative":815805.0,"total":2231398.0},{"date":"2021-04-29","international_cumulative":1420842.0,"domestic_cumulative":817507.0,"total":2238349.0},{"date":"2021-04-30","international_cumulative":1425397.0,"domestic_cumulative":818945.0,"total":2244342.0},{"date":"2021-05-01","international_cumulative":1431325.0,"domestic_cumulative":820983.0,"total":2252308.0},{"date":"2021-05-02","international_cumulative":1431325.0,"domestic_cumulative":820983.0,"total":2252308.0},{"date":"2021-05-03","international_cumulative":1439299.0,"domestic_cumulative":824708.0,"total":2264007.0},{"date":"2021-05-04","international_cumulative":1439299.0,"domestic_cumulative":824708.0,"total":2264007.0},{"date":"2021-05-05","international_cumulative":1445528.0,"domestic_cumulative":827126.0,"total":2272654.0},{"date":"2021-05-06","international_cumulative":1449431.0,"domestic_cumulative":828190.0,"total":2277621.0},{"date":"2021-05-11","international_cumulative":1465236.0,"domestic_cumulative":833765.0,"total":2299001.0},{"date":"2021-05-12","international_cumulative":1468073.0,"domestic_cumulative":834338.0,"total":2302411.0},{"date":"2021-05-13","international_cumulative":1470656.0,"domestic_cumulative":835182.0,"total":2305838.0},{"date":"2021-05-14","international_cumulative":1472252.0,"domestic_cumulative":835626.0,"total":2307878.0},{"date":"2021-05-15","international_cumulative":1474700.0,"domestic_cumulative":836361.0,"total":2311061.0},{"date":"2021-05-16","international_cumulative":1477011.0,"domestic_cumulative":837046.0,"total":2314057.0},{"date":"2021-05-17","international_cumulative":1479080.0,"domestic_cumulative":837995.0,"total":2317075.0},{"date":"2021-05-18","international_cumulative":1479080.0,"domestic_cumulative":837995.0,"total":2317075.0},{"date":"2021-05-19","international_cumulative":1483495.0,"domestic_cumulative":838910.0,"total":2322405.0},{"date":"2021-05-20","international_cumulative":1486125.0,"domestic_cumulative":839411.0,"total":2325536.0},{"date":"2021-05-21","international_cumulative":1487620.0,"domestic_cumulative":839858.0,"total":2327478.0},{"date":"2021-05-22","international_cumulative":1490972.0,"domestic_cumulative":840494.0,"total":2331466.0},{"date":"2021-05-23","international_cumulative":1493813.0,"domestic_cumulative":841188.0,"total":2335001.0},{"date":"2021-05-24","international_cumulative":1495462.0,"domestic_cumulative":841921.0,"total":2337383.0},{"date":"2021-05-25","international_cumulative":1495462.0,"domestic_cumulative":841921.0,"total":2337383.0},{"date":"2021-05-26","international_cumulative":1499406.0,"domestic_cumulative":842946.0,"total":2339611.0},{"date":"2021-05-27","international_cumulative":1502149.0,"domestic_cumulative":843629.0,"total":2345778.0},{"date":"2021-05-28","international_cumulative":1503677.0,"domestic_cumulative":844311.0,"total":2347988.0},{"date":"2021-05-29","international_cumulative":1503677.0,"domestic_cumulative":844311.0,"total":2347988.0},{"date":"2021-05-30","international_cumulative":1503677.0,"domestic_cumulative":844311.0,"total":2347988.0},{"date":"2021-05-31","international_cumulative":1513013.0,"domestic_cumulative":846396.0,"total":2359409.0},{"date":"2021-06-01","international_cumulative":1515606.0,"domestic_cumulative":847177.0,"total":2362783.0},{"date":"2021-06-02","international_cumulative":1517927.0,"domestic_cumulative":847833.0,"total":2365760.0},{"date":"2021-06-03","international_cumulative":1521307.0,"domestic_cumulative":848708.0,"total":2370015.0},{"date":"2021-06-04","international_cumulative":1523376.0,"domestic_cumulative":849463.0,"total":2372839.0},{"date":"2021-06-05","international_cumulative":1523376.0,"domestic_cumulative":849463.0,"total":2372839.0},{"date":"2021-06-06","international_cumulative":1529658.0,"domestic_cumulative":851552.0,"total":2381210.0},{"date":"2021-06-07","international_cumulative":1529658.0,"domestic_cumulative":851552.0,"total":2381210.0},{"date":"2021-06-08","international_cumulative":1534076.0,"domestic_cumulative":853548.0,"total":2387624.0},{"date":"2021-06-09","international_cumulative":1536804.0,"domestic_cumulative":854244.0,"total":2391048.0},{"date":"2021-06-10","international_cumulative":1539112.0,"domestic_cumulative":854992.0,"total":2394104.0},{"date":"2021-06-11","international_cumulative":1541214.0,"domestic_cumulative":855864.0,"total":2397078.0},{"date":"2021-06-12","international_cumulative":1544977.0,"domestic_cumulative":856990.0,"total":2401967.0},{"date":"2021-06-13","international_cumulative":1547758.0,"domestic_cumulative":858478.0,"total":2406236.0},{"date":"2021-06-14","international_cumulative":1550514.0,"domestic_cumulative":859851.0,"total":2410365.0},{"date":"2021-06-15","international_cumulative":1552613.0,"domestic_cumulative":860931.0,"total":2413544.0},{"date":"2021-06-16","international_cumulative":1555468.0,"domestic_cumulative":861628.0,"total":2417096.0},{"date":"2021-06-17","international_cumulative":1559197.0,"domestic_cumulative":862752.0,"total":2421949.0},{"date":"2021-06-18","international_cumulative":1560899.0,"domestic_cumulative":863824.0,"total":2424723.0},{"date":"2021-06-19","international_cumulative":1564930.0,"domestic_cumulative":864938.0,"total":2429868.0},{"date":"2021-06-20","international_cumulative":1568688.0,"domestic_cumulative":866961.0,"total":2435649.0},{"date":"2021-06-21","international_cumulative":1572025.0,"domestic_cumulative":868577.0,"total":2440602.0},{"date":"2021-06-22","international_cumulative":1574859.0,"domestic_cumulative":869630.0,"total":2444489.0},{"date":"2021-06-23","international_cumulative":1578232.0,"domestic_cumulative":870577.0,"total":2448809.0},{"date":"2021-06-24","international_cumulative":1578232.0,"domestic_cumulative":870577.0,"total":2448809.0},{"date":"2021-06-25","international_cumulative":1584674.0,"domestic_cumulative":873118.0,"total":2457792.0},{"date":"2021-06-26","international_cumulative":1590141.0,"domestic_cumulative":874418.0,"total":2464559.0},{"date":"2021-06-27","international_cumulative":1594429.0,"domestic_cumulative":876116.0,"total":2470545.0},{"date":"2021-06-28","international_cumulative":1597895.0,"domestic_cumulative":877785.0,"total":2475680.0},{"date":"2021-06-29","international_cumulative":1602038.0,"domestic_cumulative":879181.0,"total":2481219.0},{"date":"2021-06-30","international_cumulative":1607391.0,"domestic_cumulative":880342.0,"total":2487733.0},{"date":"2021-07-01","international_cumulative":1612617.0,"domestic_cumulative":882280.0,"total":2494897.0},{"date":"2021-07-02","international_cumulative":1616926.0,"domestic_cumulative":883759.0,"total":2500685.0},{"date":"2021-07-03","international_cumulative":1622631.0,"domestic_cumulative":885604.0,"total":2508235.0},{"date":"2021-07-04","international_cumulative":1627026.0,"domestic_cumulative":887651.0,"total":2514677.0},{"date":"2021-07-05","international_cumulative":1631735.0,"domestic_cumulative":890129.0,"total":2521864.0},{"date":"2021-07-06","international_cumulative":1636614.0,"domestic_cumulative":891989.0,"total":2528603.0},{"date":"2021-07-07","international_cumulative":1641376.0,"domestic_cumulative":893297.0,"total":2534673.0},{"date":"2021-07-08","international_cumulative":1645889.0,"domestic_cumulative":895085.0,"total":2540974.0},{"date":"2021-07-09","international_cumulative":1650425.0,"domestic_cumulative":896724.0,"total":2547149.0},{"date":"2021-07-10","international_cumulative":1656322.0,"domestic_cumulative":898410.0,"total":2554732.0},{"date":"2021-07-11","international_cumulative":1661092.0,"domestic_cumulative":900596.0,"total":2561688.0},{"date":"2021-07-12","international_cumulative":1665415.0,"domestic_cumulative":902843.0,"total":2568258.0},{"date":"2021-07-13","international_cumulative":1670069.0,"domestic_cumulative":904368.0,"total":2574437.0},{"date":"2021-07-14","international_cumulative":1674421.0,"domestic_cumulative":905753.0,"total":2580174.0},{"date":"2021-07-15","international_cumulative":1678805.0,"domestic_cumulative":907342.0,"total":2586147.0},{"date":"2021-07-16","international_cumulative":1683653.0,"domestic_cumulative":908754.0,"total":2592407.0},{"date":"2021-07-17","international_cumulative":1689673.0,"domestic_cumulative":910333.0,"total":2600006.0},{"date":"2021-07-18","international_cumulative":1694476.0,"domestic_cumulative":912296.0,"total":2606772.0},{"date":"2021-07-19","international_cumulative":1699475.0,"domestic_cumulative":914406.0,"total":2613881.0},{"date":"2021-07-20","international_cumulative":1704390.0,"domestic_cumulative":915938.0,"total":2620328.0},{"date":"2021-07-21","international_cumulative":1709241.0,"domestic_cumulative":917371.0,"total":2626612.0},{"date":"2021-07-22","international_cumulative":1713599.0,"domestic_cumulative":919134.0,"total":2632733.0},{"date":"2021-07-23","international_cumulative":1716663.0,"domestic_cumulative":920506.0,"total":2637169.0},{"date":"2021-07-24","international_cumulative":1720667.0,"domestic_cumulative":921551.0,"total":2642218.0},{"date":"2021-07-25","international_cumulative":1724245.0,"domestic_cumulative":923390.0,"total":2647635.0},{"date":"2021-07-26","international_cumulative":1727709.0,"domestic_cumulative":925575.0,"total":2653284.0},{"date":"2021-07-27","international_cumulative":1731367.0,"domestic_cumulative":927316.0,"total":2658683.0},{"date":"2021-07-28","international_cumulative":1735332.0,"domestic_cumulative":928865.0,"total":2664197.0},{"date":"2021-07-29","international_cumulative":1738541.0,"domestic_cumulative":930443.0,"total":2668984.0},{"date":"2021-07-30","international_cumulative":1742189.0,"domestic_cumulative":931972.0,"total":2674161.0},{"date":"2021-07-31","international_cumulative":1747136.0,"domestic_cumulative":933653.0,"total":2680789.0},{"date":"2021-08-01","international_cumulative":1751743.0,"domestic_cumulative":935870.0,"total":2687613.0},{"date":"2021-08-02","international_cumulative":1755363.0,"domestic_cumulative":938348.0,"total":2693711.0},{"date":"2021-08-03","international_cumulative":1759286.0,"domestic_cumulative":941665.0,"total":2700951.0},{"date":"2021-08-04","international_cumulative":1762851.0,"domestic_cumulative":943767.0,"total":2706618.0},{"date":"2021-08-05","international_cumulative":1766996.0,"domestic_cumulative":946065.0,"total":2713061.0},{"date":"2021-08-06","international_cumulative":1770688.0,"domestic_cumulative":947978.0,"total":2718666.0},{"date":"2021-08-07","international_cumulative":1775657.0,"domestic_cumulative":950691.0,"total":2726348.0},{"date":"2021-08-08","international_cumulative":1780435.0,"domestic_cumulative":953899.0,"total":2734334.0},{"date":"2021-08-09","international_cumulative":1785075.0,"domestic_cumulative":956790.0,"total":2741865.0},{"date":"2021-08-10","international_cumulative":1789534.0,"domestic_cumulative":959147.0,"total":2748681.0},{"date":"2021-08-11","international_cumulative":1794524.0,"domestic_cumulative":null,"total":null},{"date":"2021-08-12","international_cumulative":1800327.0,"domestic_cumulative":983605.0,"total":2783932.0},{"date":"2021-08-13","international_cumulative":1805897.0,"domestic_cumulative":966418.0,"total":2772315.0},{"date":"2021-08-14","international_cumulative":1812008.0,"domestic_cumulative":970017.0,"total":2782025.0},{"date":"2021-08-15","international_cumulative":1817253.0,"domestic_cumulative":973170.0,"total":2790423.0},{"date":"2021-08-16","international_cumulative":1822108.0,"domestic_cumulative":976459.0,"total":2798567.0},{"date":"2021-08-17","international_cumulative":1827073.0,"domestic_cumulative":979338.0,"total":2806411.0},{"date":"2021-08-18","international_cumulative":1831747.0,"domestic_cumulative":981216.0,"total":2812963.0},{"date":"2021-08-19","international_cumulative":1837441.0,"domestic_cumulative":983401.0,"total":2820842.0},{"date":"2021-08-20","international_cumulative":1843382.0,"domestic_cumulative":985507.0,"total":2828889.0},{"date":"2021-08-21","international_cumulative":1843382.0,"domestic_cumulative":985507.0,"total":2828889.0},{"date":"2021-08-22","international_cumulative":1855079.0,"domestic_cumulative":988959.0,"total":2844038.0},{"date":"2021-08-23","international_cumulative":1858905.0,"domestic_cumulative":990618.0,"total":2849523.0},{"date":"2021-08-24","international_cumulative":1858905.0,"domestic_cumulative":990618.0,"total":2849523.0},{"date":"2021-08-25","international_cumulative":1866199.0,"domestic_cumulative":994010.0,"total":2860209.0},{"date":"2021-08-26","international_cumulative":1870572.0,"domestic_cumulative":995223.0,"total":2865795.0},{"date":"2021-08-27","international_cumulative":1874908.0,"domestic_cumulative":996657.0,"total":2871565.0},{"date":"2021-08-28","international_cumulative":1881238.0,"domestic_cumulative":998082.0,"total":2879320.0},{"date":"2021-08-29","international_cumulative":1886116.0,"domestic_cumulative":999529.0,"total":2885645.0},{"date":"2021-08-30","international_cumulative":1890159.0,"domestic_cumulative":1001136.0,"total":2891295.0},{"date":"2021-08-31","international_cumulative":1894127.0,"domestic_cumulative":1002764.0,"total":2896891.0},{"date":"2021-09-01","international_cumulative":1899170.0,"domestic_cumulative":1003744.0,"total":2902914.0},{"date":"2021-09-02","international_cumulative":1905310.0,"domestic_cumulative":1005159.0,"total":2910469.0},{"date":"2021-09-03","international_cumulative":1910846.0,"domestic_cumulative":1006556.0,"total":2917402.0},{"date":"2021-09-05","international_cumulative":1925364.0,"domestic_cumulative":1010473.0,"total":2935837.0},{"date":"2021-09-06","international_cumulative":1931485.0,"domestic_cumulative":1012274.0,"total":2943759.0},{"date":"2021-09-07","international_cumulative":1936458.0,"domestic_cumulative":1013524.0,"total":2949982.0},{"date":"2021-09-08","international_cumulative":1941287.0,"domestic_cumulative":1014908.0,"total":2956195.0},{"date":"2021-09-09","international_cumulative":1946565.0,"domestic_cumulative":1016165.0,"total":2962730.0},{"date":"2021-09-10","international_cumulative":1952187.0,"domestic_cumulative":1017678.0,"total":2969865.0},{"date":"2021-09-11","international_cumulative":1960434.0,"domestic_cumulative":1019443.0,"total":2979877.0},{"date":"2021-09-12","international_cumulative":1966115.0,"domestic_cumulative":1020753.0,"total":2986868.0},{"date":"2021-09-14","international_cumulative":1976049.0,"domestic_cumulative":1023674.0,"total":2999723.0},{"date":"2021-09-15","international_cumulative":1976049.0,"domestic_cumulative":1023674.0,"total":2999723.0},{"date":"2021-09-16","international_cumulative":1987260.0,"domestic_cumulative":1026218.0,"total":3013478.0},{"date":"2021-09-17","international_cumulative":1993737.0,"domestic_cumulative":1027515.0,"total":3021252.0},{"date":"2021-09-18","international_cumulative":2001423.0,"domestic_cumulative":1028773.0,"total":3030196.0},{"date":"2021-09-19","international_cumulative":2006815.0,"domestic_cumulative":1030446.0,"total":3037261.0},{"date":"2021-09-20","international_cumulative":2006815.0,"domestic_cumulative":1030446.0,"total":3037261.0},{"date":"2021-09-21","international_cumulative":2016703.0,"domestic_cumulative":1033489.0,"total":3050192.0},{"date":"2021-09-22","international_cumulative":2021137.0,"domestic_cumulative":1035047.0,"total":3056184.0},{"date":"2021-09-23","international_cumulative":2025706.0,"domestic_cumulative":1036396.0,"total":3062102.0},{"date":"2021-09-24","international_cumulative":2030752.0,"domestic_cumulative":1037721.0,"total":3068473.0},{"date":"2021-09-25","international_cumulative":2038130.0,"domestic_cumulative":1039118.0,"total":3077248.0},{"date":"2021-09-26","international_cumulative":2038130.0,"domestic_cumulative":1039118.0,"total":3077248.0},{"date":"2021-09-27","international_cumulative":2048839.0,"domestic_cumulative":1042163.0,"total":3091002.0},{"date":"2021-09-28","international_cumulative":2053286.0,"domestic_cumulative":1043490.0,"total":3096776.0},{"date":"2021-09-29","international_cumulative":2053286.0,"domestic_cumulative":1043490.0,"total":3096776.0},{"date":"2021-09-30","international_cumulative":2064983.0,"domestic_cumulative":1046388.0,"total":3111371.0},{"date":"2021-10-01","international_cumulative":2073373.0,"domestic_cumulative":1047622.0,"total":3120995.0},{"date":"2021-10-02","international_cumulative":2073373.0,"domestic_cumulative":1047622.0,"total":3120995.0},{"date":"2021-10-03","international_cumulative":2082878.0,"domestic_cumulative":1049567.0,"total":3132445.0},{"date":"2021-10-04","international_cumulative":2097040.0,"domestic_cumulative":1053827.0,"total":3150867.0},{"date":"2021-10-05","international_cumulative":2102820.0,"domestic_cumulative":1055404.0,"total":3158224.0},{"date":"2021-10-06","international_cumulative":2109051.0,"domestic_cumulative":1056756.0,"total":3165807.0},{"date":"2021-10-07","international_cumulative":2115780.0,"domestic_cumulative":1058386.0,"total":3174166.0},{"date":"2021-10-08","international_cumulative":2115780.0,"domestic_cumulative":1058386.0,"total":3174166.0},{"date":"2021-10-09","international_cumulative":2132674.0,"domestic_cumulative":1061459.0,"total":3194133.0},{"date":"2021-10-11","international_cumulative":2146018.0,"domestic_cumulative":1065458.0,"total":3211476.0},{"date":"2021-10-12","international_cumulative":2151794.0,"domestic_cumulative":1067738.0,"total":3219532.0},{"date":"2021-10-13","international_cumulative":2157925.0,"domestic_cumulative":1069099.0,"total":3227024.0},{"date":"2021-10-14","international_cumulative":2157925.0,"domestic_cumulative":1069099.0,"total":3227024.0},{"date":"2021-10-15","international_cumulative":2157925.0,"domestic_cumulative":1069099.0,"total":3227024.0},{"date":"2021-10-16","international_cumulative":2171885.0,"domestic_cumulative":1072691.0,"total":3244576.0},{"date":"2021-10-17","international_cumulative":2171885.0,"domestic_cumulative":1072691.0,"total":3244576.0},{"date":"2021-10-18","international_cumulative":2197184.0,"domestic_cumulative":1077233.0,"total":3274417.0},{"date":"2021-10-19","international_cumulative":2197184.0,"domestic_cumulative":1077233.0,"total":3274417.0},{"date":"2021-10-20","international_cumulative":2208701.0,"domestic_cumulative":1081250.0,"total":3289951.0},{"date":"2021-10-21","international_cumulative":2215688.0,"domestic_cumulative":1082532.0,"total":3298220.0},{"date":"2021-10-22","international_cumulative":2224148.0,"domestic_cumulative":1083860.0,"total":3308008.0},{"date":"2021-10-23","international_cumulative":2231926.0,"domestic_cumulative":1084937.0,"total":3316863.0},{"date":"2021-10-24","international_cumulative":2231926.0,"domestic_cumulative":1084937.0,"total":3316863.0},{"date":"2021-10-25","international_cumulative":2237218.0,"domestic_cumulative":1086521.0,"total":3323739.0},{"date":"2021-10-26","international_cumulative":2248909.0,"domestic_cumulative":1087780.0,"total":3336689.0},{"date":"2021-10-27","international_cumulative":2248909.0,"domestic_cumulative":1087780.0,"total":3336689.0},{"date":"2021-10-28","international_cumulative":2261415.0,"domestic_cumulative":1089402.0,"total":3350817.0},{"date":"2021-10-29","international_cumulative":2261415.0,"domestic_cumulative":1089402.0,"total":3350817.0},{"date":"2021-10-30","international_cumulative":2268904.0,"domestic_cumulative":1090166.0,"total":3359070.0},{"date":"2021-10-31","international_cumulative":2278911.0,"domestic_cumulative":1090919.0,"total":3369830.0},{"date":"2021-11-01","international_cumulative":2294698.0,"domestic_cumulative":1091892.0,"total":3386590.0},{"date":"2021-11-02","international_cumulative":2301659.0,"domestic_cumulative":null,"total":2301659.0},{"date":"2021-11-03","international_cumulative":2307880.0,"domestic_cumulative":null,"total":2307880.0},{"date":"2021-11-04","international_cumulative":2307880.0,"domestic_cumulative":null,"total":2307880.0},{"date":"2021-11-05","international_cumulative":2322580.0,"domestic_cumulative":null,"total":2322580.0},{"date":"2021-11-06","international_cumulative":2322580.0,"domestic_cumulative":null,"total":2322580.0},{"date":"2021-11-07","international_cumulative":2322580.0,"domestic_cumulative":null,"total":2322580.0},{"date":"2021-11-08","international_cumulative":2348212.0,"domestic_cumulative":null,"total":2348212.0},{"date":"2021-11-09","international_cumulative":2348212.0,"domestic_cumulative":null,"total":2348212.0},{"date":"2021-11-10","international_cumulative":2348212.0,"domestic_cumulative":null,"total":2348212.0},{"date":"2021-11-12","international_cumulative":2376215.0,"domestic_cumulative":null,"total":2376215.0},{"date":"2021-11-13","international_cumulative":2376215.0,"domestic_cumulative":null,"total":2376215.0},{"date":"2021-11-14","international_cumulative":2393629.0,"domestic_cumulative":null,"total":2393629.0},{"date":"2021-11-15","international_cumulative":2401844.0,"domestic_cumulative":null,"total":2401844.0},{"date":"2021-11-16","international_cumulative":2409029.0,"domestic_cumulative":null,"total":2409029.0},{"date":"2021-11-17","international_cumulative":2416161.0,"domestic_cumulative":null,"total":2416161.0},{"date":"2021-11-18","international_cumulative":2423231.0,"domestic_cumulative":null,"total":2423231.0},{"date":"2021-11-19","international_cumulative":2430996.0,"domestic_cumulative":null,"total":2430996.0},{"date":"2021-11-20","international_cumulative":2440888.0,"domestic_cumulative":null,"total":2440888.0},{"date":"2021-11-21","international_cumulative":2440888.0,"domestic_cumulative":null,"total":2440888.0},{"date":"2021-11-22","international_cumulative":2440888.0,"domestic_cumulative":null,"total":2440888.0},{"date":"2021-11-23","international_cumulative":2464081.0,"domestic_cumulative":null,"total":2464081.0},{"date":"2021-11-24","international_cumulative":2464081.0,"domestic_cumulative":null,"total":2464081.0},{"date":"2021-11-25","international_cumulative":2464081.0,"domestic_cumulative":null,"total":2464081.0},{"date":"2021-11-26","international_cumulative":2464081.0,"domestic_cumulative":null,"total":2464081.0},{"date":"2021-11-27","international_cumulative":2490288.0,"domestic_cumulative":null,"total":2490288.0},{"date":"2021-11-29","international_cumulative":2511489.0,"domestic_cumulative":null,"total":2511489.0},{"date":"2021-11-30","international_cumulative":2511489.0,"domestic_cumulative":null,"total":2511489.0},{"date":"2021-12-01","international_cumulative":2511489.0,"domestic_cumulative":null,"total":2511489.0},{"date":"2021-12-02","international_cumulative":2533931.0,"domestic_cumulative":null,"total":2533931.0},{"date":"2021-12-03","international_cumulative":2544137.0,"domestic_cumulative":null,"total":2544137.0},{"date":"2021-12-04","international_cumulative":2554988.0,"domestic_cumulative":null,"total":2554988.0},{"date":"2021-12-05","international_cumulative":2554988.0,"domestic_cumulative":null,"total":2554988.0},{"date":"2021-12-06","international_cumulative":2574413.0,"domestic_cumulative":null,"total":2574413.0},{"date":"2021-12-07","international_cumulative":2584819.0,"domestic_cumulative":null,"total":2584819.0},{"date":"2021-12-08","international_cumulative":2593897.0,"domestic_cumulative":null,"total":2593897.0},{"date":"2021-12-09","international_cumulative":2593897.0,"domestic_cumulative":null,"total":2593897.0},{"date":"2021-12-10","international_cumulative":2615757.0,"domestic_cumulative":null,"total":2615757.0},{"date":"2021-12-11","international_cumulative":2615757.0,"domestic_cumulative":null,"total":2615757.0},{"date":"2021-12-12","international_cumulative":2615757.0,"domestic_cumulative":null,"total":2615757.0},{"date":"2021-12-13","international_cumulative":2652177.0,"domestic_cumulative":null,"total":2652177.0},{"date":"2021-12-14","international_cumulative":2652177.0,"domestic_cumulative":null,"total":2652177.0},{"date":"2021-12-15","international_cumulative":2662917.0,"domestic_cumulative":null,"total":2662917.0},{"date":"2021-12-16","international_cumulative":2662917.0,"domestic_cumulative":null,"total":2662917.0},{"date":"2021-12-17","international_cumulative":2695650.0,"domestic_cumulative":null,"total":2695650.0},{"date":"2021-12-18","international_cumulative":2708613.0,"domestic_cumulative":null,"total":2708613.0},{"date":"2021-12-19","international_cumulative":2719604.0,"domestic_cumulative":null,"total":2719604.0},{"date":"2021-12-20","international_cumulative":2730893.0,"domestic_cumulative":null,"total":2730893.0},{"date":"2021-12-21","international_cumulative":2741130.0,"domestic_cumulative":null,"total":2741130.0},{"date":"2021-12-22","international_cumulative":2749844.0,"domestic_cumulative":null,"total":2749844.0},{"date":"2021-12-23","international_cumulative":2759400.0,"domestic_cumulative":null,"total":2759400.0},{"date":"2021-12-24","international_cumulative":2769311.0,"domestic_cumulative":null,"total":2769311.0},{"date":"2021-12-25","international_cumulative":2769311.0,"domestic_cumulative":null,"total":2769311.0},{"date":"2021-12-26","international_cumulative":2780066.0,"domestic_cumulative":null,"total":2780066.0},{"date":"2021-12-27","international_cumulative":2788887.0,"domestic_cumulative":null,"total":2788887.0},{"date":"2021-12-28","international_cumulative":2788887.0,"domestic_cumulative":null,"total":2788887.0},{"date":"2021-12-29","international_cumulative":2788887.0,"domestic_cumulative":null,"total":2788887.0},{"date":"2021-12-30","international_cumulative":2820099.0,"domestic_cumulative":null,"total":2820099.0},{"date":"2021-12-31","international_cumulative":2820099.0,"domestic_cumulative":null,"total":2820099.0},{"date":"2022-01-01","international_cumulative":2837631.0,"domestic_cumulative":null,"total":2837631.0},{"date":"2022-01-02","international_cumulative":2837631.0,"domestic_cumulative":null,"total":2837631.0},{"date":"2022-01-03","international_cumulative":2846296.0,"domestic_cumulative":null,"total":2846296.0},{"date":"2022-01-04","international_cumulative":2846296.0,"domestic_cumulative":null,"total":2846296.0},{"date":"2022-01-05","international_cumulative":2846296.0,"domestic_cumulative":null,"total":2846296.0},{"date":"2022-01-06","international_cumulative":2877236.0,"domestic_cumulative":null,"total":2877236.0},{"date":"2022-01-07","international_cumulative":2877236.0,"domestic_cumulative":null,"total":2877236.0},{"date":"2022-01-10","international_cumulative":2902042.0,"domestic_cumulative":null,"total":2902042.0},{"date":"2022-01-11","international_cumulative":2902042.0,"domestic_cumulative":null,"total":2902042.0},{"date":"2022-01-12","international_cumulative":2923546.0,"domestic_cumulative":null,"total":2923546.0},{"date":"2022-01-13","international_cumulative":2930234.0,"domestic_cumulative":null,"total":2930234.0},{"date":"2022-01-14","international_cumulative":2930234.0,"domestic_cumulative":null,"total":2930234.0},{"date":"2022-01-15","international_cumulative":2944877.0,"domestic_cumulative":null,"total":2944877.0},{"date":"2022-01-16","international_cumulative":2944877.0,"domestic_cumulative":null,"total":2944877.0},{"date":"2022-01-17","international_cumulative":2961572.0,"domestic_cumulative":null,"total":2961572.0},{"date":"2022-01-18","international_cumulative":2967436.0,"domestic_cumulative":null,"total":2967436.0},{"date":"2022-01-19","international_cumulative":2967436.0,"domestic_cumulative":null,"total":2967436.0},{"date":"2022-01-20","international_cumulative":2979385.0,"domestic_cumulative":null,"total":2979385.0},{"date":"2022-01-21","international_cumulative":2979385.0,"domestic_cumulative":null,"total":2979385.0},{"date":"2022-01-22","international_cumulative":2979385.0,"domestic_cumulative":null,"total":2979385.0}]