[{"date":"2020-09-23","perc_fatality_covid19":46.13,"perc_fatality_comorbities":null},{"date":"2020-10-06","perc_fatality_covid19":44.96,"perc_fatality_comorbities":null},{"date":"2020-10-07","perc_fatality_covid19":44.96,"perc_fatality_comorbities":null},{"date":"2020-10-08","perc_fatality_covid19":44.96,"perc_fatality_comorbities":null},{"date":"2020-10-09","perc_fatality_covid19":44.96,"perc_fatality_comorbities":null},{"date":"2020-10-10","perc_fatality_covid19":44.96,"perc_fatality_comorbities":null},{"date":"2020-10-11","perc_fatality_covid19":44.96,"perc_fatality_comorbities":null},{"date":"2020-10-12","perc_fatality_covid19":44.96,"perc_fatality_comorbities":null},{"date":"2020-10-13","perc_fatality_covid19":44.96,"perc_fatality_comorbities":null},{"date":"2020-10-15","perc_fatality_covid19":44.96,"perc_fatality_comorbities":null},{"date":"2020-10-16","perc_fatality_covid19":44.96,"perc_fatality_comorbities":null},{"date":"2020-10-17","perc_fatality_covid19":44.96,"perc_fatality_comorbities":null},{"date":"2020-10-19","perc_fatality_covid19":44.96,"perc_fatality_comorbities":null},{"date":"2020-10-21","perc_fatality_covid19":44.96,"perc_fatality_comorbities":null},{"date":"2020-10-22","perc_fatality_covid19":44.96,"perc_fatality_comorbities":null},{"date":"2020-10-23","perc_fatality_covid19":44.96,"perc_fatality_comorbities":null},{"date":"2020-10-24","perc_fatality_covid19":44.96,"perc_fatality_comorbities":null},{"date":"2020-10-25","perc_fatality_covid19":44.96,"perc_fatality_comorbities":null},{"date":"2020-10-26","perc_fatality_covid19":44.96,"perc_fatality_comorbities":null},{"date":"2020-10-27","perc_fatality_covid19":44.96,"perc_fatality_comorbities":null},{"date":"2020-10-28","perc_fatality_covid19":44.96,"perc_fatality_comorbities":null},{"date":"2020-10-29","perc_fatality_covid19":44.96,"perc_fatality_comorbities":null},{"date":"2020-10-30","perc_fatality_covid19":44.96,"perc_fatality_comorbities":null},{"date":"2020-11-01","perc_fatality_covid19":44.96,"perc_fatality_comorbities":null},{"date":"2020-11-02","perc_fatality_covid19":44.96,"perc_fatality_comorbities":null},{"date":"2020-11-03","perc_fatality_covid19":44.96,"perc_fatality_comorbities":null},{"date":"2020-11-04","perc_fatality_covid19":44.96,"perc_fatality_comorbities":null},{"date":"2020-11-05","perc_fatality_covid19":44.96,"perc_fatality_comorbities":null},{"date":"2020-11-06","perc_fatality_covid19":44.96,"perc_fatality_comorbities":null},{"date":"2020-11-07","perc_fatality_covid19":44.96,"perc_fatality_comorbities":null},{"date":"2020-11-08","perc_fatality_covid19":44.96,"perc_fatality_comorbities":null},{"date":"2020-11-09","perc_fatality_covid19":44.96,"perc_fatality_comorbities":null},{"date":"2020-11-10","perc_fatality_covid19":44.96,"perc_fatality_comorbities":null},{"date":"2020-11-11","perc_fatality_covid19":44.96,"perc_fatality_comorbities":null},{"date":"2020-11-12","perc_fatality_covid19":44.96,"perc_fatality_comorbities":null},{"date":"2020-11-13","perc_fatality_covid19":44.96,"perc_fatality_comorbities":null},{"date":"2020-11-14","perc_fatality_covid19":44.96,"perc_fatality_comorbities":null},{"date":"2020-11-15","perc_fatality_covid19":44.96,"perc_fatality_comorbities":null},{"date":"2020-11-16","perc_fatality_covid19":44.96,"perc_fatality_comorbities":null},{"date":"2020-11-17","perc_fatality_covid19":44.96,"perc_fatality_comorbities":null},{"date":"2020-11-18","perc_fatality_covid19":44.96,"perc_fatality_comorbities":null},{"date":"2020-11-19","perc_fatality_covid19":44.96,"perc_fatality_comorbities":null},{"date":"2020-11-20","perc_fatality_covid19":44.96,"perc_fatality_comorbities":null},{"date":"2020-11-21","perc_fatality_covid19":44.96,"perc_fatality_comorbities":null},{"date":"2020-11-22","perc_fatality_covid19":44.96,"perc_fatality_comorbities":null},{"date":"2020-11-23","perc_fatality_covid19":44.96,"perc_fatality_comorbities":null},{"date":"2020-11-24","perc_fatality_covid19":44.96,"perc_fatality_comorbities":null},{"date":"2020-11-25","perc_fatality_covid19":44.96,"perc_fatality_comorbities":null},{"date":"2020-11-26","perc_fatality_covid19":44.96,"perc_fatality_comorbities":null},{"date":"2020-11-27","perc_fatality_covid19":44.96,"perc_fatality_comorbities":null},{"date":"2020-11-28","perc_fatality_covid19":44.96,"perc_fatality_comorbities":null},{"date":"2020-11-29","perc_fatality_covid19":44.96,"perc_fatality_comorbities":null},{"date":"2020-11-30","perc_fatality_covid19":44.96,"perc_fatality_comorbities":null},{"date":"2020-12-10","perc_fatality_covid19":44.96,"perc_fatality_comorbities":null},{"date":"2020-12-11","perc_fatality_covid19":44.96,"perc_fatality_comorbities":null},{"date":"2020-12-12","perc_fatality_covid19":44.96,"perc_fatality_comorbities":null},{"date":"2020-12-13","perc_fatality_covid19":44.96,"perc_fatality_comorbities":null},{"date":"2020-12-14","perc_fatality_covid19":44.96,"perc_fatality_comorbities":null},{"date":"2020-12-15","perc_fatality_covid19":44.96,"perc_fatality_comorbities":null},{"date":"2020-12-16","perc_fatality_covid19":44.96,"perc_fatality_comorbities":null},{"date":"2020-12-17","perc_fatality_covid19":44.96,"perc_fatality_comorbities":null},{"date":"2020-12-18","perc_fatality_covid19":44.96,"perc_fatality_comorbities":null},{"date":"2020-12-19","perc_fatality_covid19":44.96,"perc_fatality_comorbities":null},{"date":"2020-12-20","perc_fatality_covid19":44.96,"perc_fatality_comorbities":null},{"date":"2020-12-21","perc_fatality_covid19":44.96,"perc_fatality_comorbities":null},{"date":"2020-12-22","perc_fatality_covid19":44.96,"perc_fatality_comorbities":null},{"date":"2020-12-23","perc_fatality_covid19":44.96,"perc_fatality_comorbities":null},{"date":"2020-12-24","perc_fatality_covid19":44.96,"perc_fatality_comorbities":null},{"date":"2020-12-25","perc_fatality_covid19":44.96,"perc_fatality_comorbities":null},{"date":"2020-12-26","perc_fatality_covid19":44.96,"perc_fatality_comorbities":null},{"date":"2020-12-27","perc_fatality_covid19":44.96,"perc_fatality_comorbities":null},{"date":"2020-12-28","perc_fatality_covid19":44.96,"perc_fatality_comorbities":null},{"date":"2020-12-29","perc_fatality_covid19":44.96,"perc_fatality_comorbities":null},{"date":"2020-12-30","perc_fatality_covid19":44.96,"perc_fatality_comorbities":null},{"date":"2021-01-01","perc_fatality_covid19":44.96,"perc_fatality_comorbities":null},{"date":"2021-01-02","perc_fatality_covid19":44.96,"perc_fatality_comorbities":null},{"date":"2021-01-03","perc_fatality_covid19":44.96,"perc_fatality_comorbities":null},{"date":"2021-01-04","perc_fatality_covid19":44.96,"perc_fatality_comorbities":null},{"date":"2021-01-05","perc_fatality_covid19":44.96,"perc_fatality_comorbities":null},{"date":"2021-01-06","perc_fatality_covid19":44.96,"perc_fatality_comorbities":null},{"date":"2021-01-07","perc_fatality_covid19":44.96,"perc_fatality_comorbities":null},{"date":"2021-01-08","perc_fatality_covid19":44.96,"perc_fatality_comorbities":null},{"date":"2021-01-09","perc_fatality_covid19":44.96,"perc_fatality_comorbities":null},{"date":"2021-01-10","perc_fatality_covid19":44.96,"perc_fatality_comorbities":null},{"date":"2021-01-11","perc_fatality_covid19":44.96,"perc_fatality_comorbities":null},{"date":"2021-01-12","perc_fatality_covid19":44.96,"perc_fatality_comorbities":null},{"date":"2021-01-13","perc_fatality_covid19":44.96,"perc_fatality_comorbities":null},{"date":"2021-01-14","perc_fatality_covid19":44.96,"perc_fatality_comorbities":null},{"date":"2021-01-15","perc_fatality_covid19":44.96,"perc_fatality_comorbities":null},{"date":"2021-01-16","perc_fatality_covid19":44.96,"perc_fatality_comorbities":null},{"date":"2021-01-17","perc_fatality_covid19":44.96,"perc_fatality_comorbities":null},{"date":"2021-01-18","perc_fatality_covid19":44.96,"perc_fatality_comorbities":null},{"date":"2021-01-19","perc_fatality_covid19":44.96,"perc_fatality_comorbities":null},{"date":"2021-01-20","perc_fatality_covid19":44.96,"perc_fatality_comorbities":null},{"date":"2021-01-21","perc_fatality_covid19":44.96,"perc_fatality_comorbities":null},{"date":"2021-01-22","perc_fatality_covid19":44.96,"perc_fatality_comorbities":null},{"date":"2021-01-23","perc_fatality_covid19":44.96,"perc_fatality_comorbities":null},{"date":"2021-01-24","perc_fatality_covid19":44.96,"perc_fatality_comorbities":null},{"date":"2021-01-25","perc_fatality_covid19":44.96,"perc_fatality_comorbities":null},{"date":"2021-01-26","perc_fatality_covid19":44.96,"perc_fatality_comorbities":null},{"date":"2021-01-27","perc_fatality_covid19":44.96,"perc_fatality_comorbities":null},{"date":"2021-01-28","perc_fatality_covid19":44.96,"perc_fatality_comorbities":null},{"date":"2021-01-29","perc_fatality_covid19":44.96,"perc_fatality_comorbities":null},{"date":"2021-02-01","perc_fatality_covid19":44.96,"perc_fatality_comorbities":null},{"date":"2021-02-02","perc_fatality_covid19":44.96,"perc_fatality_comorbities":null},{"date":"2021-02-03","perc_fatality_covid19":44.96,"perc_fatality_comorbities":null},{"date":"2021-02-04","perc_fatality_covid19":44.96,"perc_fatality_comorbities":null},{"date":"2021-02-05","perc_fatality_covid19":44.96,"perc_fatality_comorbities":null},{"date":"2021-02-06","perc_fatality_covid19":44.96,"perc_fatality_comorbities":null},{"date":"2021-02-07","perc_fatality_covid19":44.96,"perc_fatality_comorbities":null},{"date":"2021-02-08","perc_fatality_covid19":44.96,"perc_fatality_comorbities":null},{"date":"2021-02-09","perc_fatality_covid19":44.96,"perc_fatality_comorbities":null},{"date":"2021-02-10","perc_fatality_covid19":44.96,"perc_fatality_comorbities":null},{"date":"2021-02-11","perc_fatality_covid19":44.96,"perc_fatality_comorbities":null},{"date":"2021-02-12","perc_fatality_covid19":44.96,"perc_fatality_comorbities":null},{"date":"2021-02-13","perc_fatality_covid19":44.96,"perc_fatality_comorbities":null},{"date":"2021-02-14","perc_fatality_covid19":44.96,"perc_fatality_comorbities":null},{"date":"2021-02-15","perc_fatality_covid19":44.96,"perc_fatality_comorbities":null},{"date":"2021-02-16","perc_fatality_covid19":44.96,"perc_fatality_comorbities":null},{"date":"2021-02-17","perc_fatality_covid19":44.96,"perc_fatality_comorbities":null},{"date":"2021-02-18","perc_fatality_covid19":44.96,"perc_fatality_comorbities":null},{"date":"2021-02-19","perc_fatality_covid19":44.96,"perc_fatality_comorbities":null},{"date":"2021-02-26","perc_fatality_covid19":44.96,"perc_fatality_comorbities":null},{"date":"2021-02-27","perc_fatality_covid19":44.96,"perc_fatality_comorbities":null},{"date":"2021-03-01","perc_fatality_covid19":44.96,"perc_fatality_comorbities":null},{"date":"2021-03-02","perc_fatality_covid19":44.96,"perc_fatality_comorbities":null},{"date":"2021-03-03","perc_fatality_covid19":44.96,"perc_fatality_comorbities":null},{"date":"2021-03-04","perc_fatality_covid19":44.96,"perc_fatality_comorbities":null},{"date":"2021-03-05","perc_fatality_covid19":44.96,"perc_fatality_comorbities":null},{"date":"2021-03-06","perc_fatality_covid19":44.96,"perc_fatality_comorbities":null},{"date":"2021-03-07","perc_fatality_covid19":44.96,"perc_fatality_comorbities":null},{"date":"2021-03-08","perc_fatality_covid19":44.96,"perc_fatality_comorbities":null},{"date":"2021-03-09","perc_fatality_covid19":44.96,"perc_fatality_comorbities":null},{"date":"2021-03-10","perc_fatality_covid19":44.96,"perc_fatality_comorbities":null},{"date":"2021-03-11","perc_fatality_covid19":44.96,"perc_fatality_comorbities":null},{"date":"2021-03-12","perc_fatality_covid19":44.96,"perc_fatality_comorbities":null},{"date":"2021-03-13","perc_fatality_covid19":44.96,"perc_fatality_comorbities":null},{"date":"2021-03-14","perc_fatality_covid19":44.96,"perc_fatality_comorbities":null},{"date":"2021-03-15","perc_fatality_covid19":44.96,"perc_fatality_comorbities":null},{"date":"2021-03-16","perc_fatality_covid19":44.96,"perc_fatality_comorbities":null},{"date":"2021-03-17","perc_fatality_covid19":44.96,"perc_fatality_comorbities":null},{"date":"2021-03-18","perc_fatality_covid19":44.96,"perc_fatality_comorbities":null},{"date":"2021-03-19","perc_fatality_covid19":44.96,"perc_fatality_comorbities":null},{"date":"2021-03-20","perc_fatality_covid19":44.96,"perc_fatality_comorbities":null},{"date":"2021-03-21","perc_fatality_covid19":44.96,"perc_fatality_comorbities":null},{"date":"2021-03-22","perc_fatality_covid19":44.96,"perc_fatality_comorbities":null},{"date":"2021-03-23","perc_fatality_covid19":44.96,"perc_fatality_comorbities":null},{"date":"2021-03-24","perc_fatality_covid19":44.96,"perc_fatality_comorbities":null},{"date":"2021-03-25","perc_fatality_covid19":44.96,"perc_fatality_comorbities":null},{"date":"2021-03-26","perc_fatality_covid19":44.96,"perc_fatality_comorbities":null},{"date":"2021-03-27","perc_fatality_covid19":44.96,"perc_fatality_comorbities":null},{"date":"2021-03-28","perc_fatality_covid19":44.96,"perc_fatality_comorbities":null},{"date":"2021-03-29","perc_fatality_covid19":44.96,"perc_fatality_comorbities":null},{"date":"2021-03-30","perc_fatality_covid19":44.96,"perc_fatality_comorbities":null},{"date":"2021-03-31","perc_fatality_covid19":44.96,"perc_fatality_comorbities":null},{"date":"2021-04-01","perc_fatality_covid19":44.96,"perc_fatality_comorbities":null},{"date":"2021-04-02","perc_fatality_covid19":44.96,"perc_fatality_comorbities":null},{"date":"2021-04-03","perc_fatality_covid19":44.96,"perc_fatality_comorbities":null},{"date":"2021-04-04","perc_fatality_covid19":44.31,"perc_fatality_comorbities":null},{"date":"2021-04-05","perc_fatality_covid19":44.31,"perc_fatality_comorbities":null},{"date":"2021-04-06","perc_fatality_covid19":44.31,"perc_fatality_comorbities":null},{"date":"2021-04-07","perc_fatality_covid19":44.31,"perc_fatality_comorbities":null},{"date":"2021-04-08","perc_fatality_covid19":44.31,"perc_fatality_comorbities":null},{"date":"2021-04-09","perc_fatality_covid19":44.31,"perc_fatality_comorbities":null},{"date":"2021-04-10","perc_fatality_covid19":44.31,"perc_fatality_comorbities":null},{"date":"2021-04-11","perc_fatality_covid19":44.31,"perc_fatality_comorbities":null},{"date":"2021-04-12","perc_fatality_covid19":44.31,"perc_fatality_comorbities":null},{"date":"2021-04-13","perc_fatality_covid19":44.31,"perc_fatality_comorbities":null},{"date":"2021-04-14","perc_fatality_covid19":44.31,"perc_fatality_comorbities":null},{"date":"2021-04-15","perc_fatality_covid19":44.31,"perc_fatality_comorbities":null},{"date":"2021-04-16","perc_fatality_covid19":44.31,"perc_fatality_comorbities":null},{"date":"2021-04-17","perc_fatality_covid19":44.31,"perc_fatality_comorbities":null},{"date":"2021-04-18","perc_fatality_covid19":44.31,"perc_fatality_comorbities":null},{"date":"2021-04-19","perc_fatality_covid19":44.31,"perc_fatality_comorbities":null},{"date":"2021-04-20","perc_fatality_covid19":44.31,"perc_fatality_comorbities":null},{"date":"2021-04-21","perc_fatality_covid19":44.31,"perc_fatality_comorbities":null},{"date":"2021-04-22","perc_fatality_covid19":44.31,"perc_fatality_comorbities":null},{"date":"2021-04-23","perc_fatality_covid19":44.31,"perc_fatality_comorbities":null},{"date":"2021-04-24","perc_fatality_covid19":44.31,"perc_fatality_comorbities":null},{"date":"2021-04-25","perc_fatality_covid19":44.31,"perc_fatality_comorbities":null},{"date":"2021-04-26","perc_fatality_covid19":44.31,"perc_fatality_comorbities":null},{"date":"2021-04-27","perc_fatality_covid19":44.31,"perc_fatality_comorbities":null},{"date":"2021-04-28","perc_fatality_covid19":44.31,"perc_fatality_comorbities":null},{"date":"2021-04-29","perc_fatality_covid19":44.31,"perc_fatality_comorbities":null},{"date":"2021-04-30","perc_fatality_covid19":44.31,"perc_fatality_comorbities":null},{"date":"2021-05-02","perc_fatality_covid19":44.31,"perc_fatality_comorbities":null},{"date":"2021-05-03","perc_fatality_covid19":44.31,"perc_fatality_comorbities":null},{"date":"2021-05-04","perc_fatality_covid19":44.31,"perc_fatality_comorbities":null},{"date":"2021-05-05","perc_fatality_covid19":44.31,"perc_fatality_comorbities":null},{"date":"2021-05-06","perc_fatality_covid19":44.31,"perc_fatality_comorbities":null},{"date":"2021-05-07","perc_fatality_covid19":44.31,"perc_fatality_comorbities":null},{"date":"2021-05-08","perc_fatality_covid19":44.31,"perc_fatality_comorbities":null},{"date":"2021-05-09","perc_fatality_covid19":44.31,"perc_fatality_comorbities":null},{"date":"2021-05-10","perc_fatality_covid19":44.31,"perc_fatality_comorbities":null},{"date":"2021-05-11","perc_fatality_covid19":44.31,"perc_fatality_comorbities":null},{"date":"2021-05-12","perc_fatality_covid19":44.31,"perc_fatality_comorbities":null},{"date":"2021-05-13","perc_fatality_covid19":44.31,"perc_fatality_comorbities":null},{"date":"2021-05-14","perc_fatality_covid19":44.31,"perc_fatality_comorbities":null},{"date":"2021-05-15","perc_fatality_covid19":44.31,"perc_fatality_comorbities":null},{"date":"2021-05-16","perc_fatality_covid19":44.31,"perc_fatality_comorbities":null},{"date":"2021-05-17","perc_fatality_covid19":44.31,"perc_fatality_comorbities":null},{"date":"2021-05-18","perc_fatality_covid19":44.31,"perc_fatality_comorbities":null},{"date":"2021-05-19","perc_fatality_covid19":44.31,"perc_fatality_comorbities":null},{"date":"2021-05-20","perc_fatality_covid19":44.31,"perc_fatality_comorbities":null},{"date":"2021-05-21","perc_fatality_covid19":44.31,"perc_fatality_comorbities":null},{"date":"2021-05-22","perc_fatality_covid19":44.31,"perc_fatality_comorbities":null},{"date":"2021-05-23","perc_fatality_covid19":44.31,"perc_fatality_comorbities":null},{"date":"2021-05-24","perc_fatality_covid19":44.31,"perc_fatality_comorbities":null},{"date":"2021-05-25","perc_fatality_covid19":44.31,"perc_fatality_comorbities":null},{"date":"2021-05-26","perc_fatality_covid19":44.31,"perc_fatality_comorbities":null},{"date":"2021-05-27","perc_fatality_covid19":44.31,"perc_fatality_comorbities":null},{"date":"2021-05-28","perc_fatality_covid19":44.31,"perc_fatality_comorbities":null},{"date":"2021-05-29","perc_fatality_covid19":44.31,"perc_fatality_comorbities":null},{"date":"2021-05-30","perc_fatality_covid19":44.31,"perc_fatality_comorbities":null},{"date":"2021-05-31","perc_fatality_covid19":44.31,"perc_fatality_comorbities":null},{"date":"2021-06-01","perc_fatality_covid19":44.31,"perc_fatality_comorbities":null},{"date":"2021-06-02","perc_fatality_covid19":44.31,"perc_fatality_comorbities":null},{"date":"2021-06-03","perc_fatality_covid19":44.31,"perc_fatality_comorbities":null},{"date":"2021-06-04","perc_fatality_covid19":44.31,"perc_fatality_comorbities":null},{"date":"2021-06-05","perc_fatality_covid19":44.31,"perc_fatality_comorbities":null},{"date":"2021-06-06","perc_fatality_covid19":44.31,"perc_fatality_comorbities":null},{"date":"2021-06-07","perc_fatality_covid19":44.31,"perc_fatality_comorbities":null},{"date":"2021-06-08","perc_fatality_covid19":44.31,"perc_fatality_comorbities":null},{"date":"2021-06-09","perc_fatality_covid19":44.31,"perc_fatality_comorbities":null},{"date":"2021-06-10","perc_fatality_covid19":44.31,"perc_fatality_comorbities":null},{"date":"2021-06-11","perc_fatality_covid19":44.31,"perc_fatality_comorbities":null},{"date":"2021-06-12","perc_fatality_covid19":44.31,"perc_fatality_comorbities":null},{"date":"2021-06-13","perc_fatality_covid19":44.31,"perc_fatality_comorbities":null},{"date":"2021-06-14","perc_fatality_covid19":44.31,"perc_fatality_comorbities":null},{"date":"2021-06-15","perc_fatality_covid19":44.31,"perc_fatality_comorbities":null},{"date":"2021-06-16","perc_fatality_covid19":44.31,"perc_fatality_comorbities":null},{"date":"2021-06-17","perc_fatality_covid19":44.31,"perc_fatality_comorbities":null},{"date":"2021-06-18","perc_fatality_covid19":44.31,"perc_fatality_comorbities":null},{"date":"2021-06-19","perc_fatality_covid19":44.31,"perc_fatality_comorbities":null},{"date":"2021-06-20","perc_fatality_covid19":44.31,"perc_fatality_comorbities":null},{"date":"2021-06-21","perc_fatality_covid19":44.31,"perc_fatality_comorbities":null},{"date":"2021-06-22","perc_fatality_covid19":44.31,"perc_fatality_comorbities":null},{"date":"2021-06-23","perc_fatality_covid19":44.31,"perc_fatality_comorbities":null},{"date":"2021-06-24","perc_fatality_covid19":44.31,"perc_fatality_comorbities":null},{"date":"2021-06-25","perc_fatality_covid19":44.31,"perc_fatality_comorbities":null},{"date":"2021-06-26","perc_fatality_covid19":44.31,"perc_fatality_comorbities":null},{"date":"2021-06-27","perc_fatality_covid19":44.31,"perc_fatality_comorbities":null},{"date":"2021-06-28","perc_fatality_covid19":44.31,"perc_fatality_comorbities":null},{"date":"2021-06-29","perc_fatality_covid19":44.31,"perc_fatality_comorbities":null},{"date":"2021-06-30","perc_fatality_covid19":44.31,"perc_fatality_comorbities":null},{"date":"2021-07-01","perc_fatality_covid19":44.31,"perc_fatality_comorbities":null},{"date":"2021-07-02","perc_fatality_covid19":44.31,"perc_fatality_comorbities":null},{"date":"2021-07-03","perc_fatality_covid19":44.31,"perc_fatality_comorbities":null},{"date":"2021-07-04","perc_fatality_covid19":44.31,"perc_fatality_comorbities":null},{"date":"2021-07-05","perc_fatality_covid19":44.31,"perc_fatality_comorbities":null},{"date":"2021-07-06","perc_fatality_covid19":44.31,"perc_fatality_comorbities":null},{"date":"2021-07-07","perc_fatality_covid19":44.31,"perc_fatality_comorbities":null},{"date":"2021-07-08","perc_fatality_covid19":44.31,"perc_fatality_comorbities":null},{"date":"2021-07-09","perc_fatality_covid19":44.31,"perc_fatality_comorbities":null},{"date":"2021-07-10","perc_fatality_covid19":44.31,"perc_fatality_comorbities":null},{"date":"2021-07-11","perc_fatality_covid19":44.31,"perc_fatality_comorbities":null},{"date":"2021-07-12","perc_fatality_covid19":44.31,"perc_fatality_comorbities":null},{"date":"2021-07-13","perc_fatality_covid19":44.31,"perc_fatality_comorbities":null},{"date":"2021-07-14","perc_fatality_covid19":44.31,"perc_fatality_comorbities":null},{"date":"2021-07-15","perc_fatality_covid19":44.31,"perc_fatality_comorbities":null},{"date":"2021-07-16","perc_fatality_covid19":44.31,"perc_fatality_comorbities":null},{"date":"2021-07-17","perc_fatality_covid19":44.31,"perc_fatality_comorbities":null},{"date":"2021-07-18","perc_fatality_covid19":44.31,"perc_fatality_comorbities":null},{"date":"2021-07-19","perc_fatality_covid19":44.31,"perc_fatality_comorbities":null},{"date":"2021-07-20","perc_fatality_covid19":44.31,"perc_fatality_comorbities":null},{"date":"2021-07-21","perc_fatality_covid19":44.31,"perc_fatality_comorbities":null},{"date":"2021-07-22","perc_fatality_covid19":44.31,"perc_fatality_comorbities":null},{"date":"2021-07-23","perc_fatality_covid19":44.31,"perc_fatality_comorbities":null},{"date":"2021-07-24","perc_fatality_covid19":44.31,"perc_fatality_comorbities":null},{"date":"2021-07-25","perc_fatality_covid19":44.31,"perc_fatality_comorbities":null},{"date":"2021-07-26","perc_fatality_covid19":44.31,"perc_fatality_comorbities":null},{"date":"2021-07-27","perc_fatality_covid19":44.31,"perc_fatality_comorbities":null},{"date":"2021-07-28","perc_fatality_covid19":44.31,"perc_fatality_comorbities":null},{"date":"2021-07-29","perc_fatality_covid19":44.31,"perc_fatality_comorbities":null},{"date":"2021-07-30","perc_fatality_covid19":44.31,"perc_fatality_comorbities":null},{"date":"2021-08-01","perc_fatality_covid19":44.31,"perc_fatality_comorbities":null},{"date":"2021-08-02","perc_fatality_covid19":44.31,"perc_fatality_comorbities":null},{"date":"2021-08-03","perc_fatality_covid19":44.31,"perc_fatality_comorbities":null},{"date":"2021-08-04","perc_fatality_covid19":44.31,"perc_fatality_comorbities":null},{"date":"2021-08-08","perc_fatality_covid19":44.31,"perc_fatality_comorbities":null},{"date":"2021-08-09","perc_fatality_covid19":44.31,"perc_fatality_comorbities":null},{"date":"2021-08-10","perc_fatality_covid19":44.31,"perc_fatality_comorbities":null},{"date":"2021-08-11","perc_fatality_covid19":44.31,"perc_fatality_comorbities":null},{"date":"2021-08-12","perc_fatality_covid19":44.31,"perc_fatality_comorbities":null},{"date":"2021-08-13","perc_fatality_covid19":44.31,"perc_fatality_comorbities":null},{"date":"2021-08-14","perc_fatality_covid19":44.31,"perc_fatality_comorbities":null},{"date":"2021-08-15","perc_fatality_covid19":44.31,"perc_fatality_comorbities":null},{"date":"2021-08-16","perc_fatality_covid19":44.31,"perc_fatality_comorbities":null},{"date":"2021-08-17","perc_fatality_covid19":44.31,"perc_fatality_comorbities":null},{"date":"2021-08-18","perc_fatality_covid19":44.31,"perc_fatality_comorbities":null},{"date":"2021-08-19","perc_fatality_covid19":44.31,"perc_fatality_comorbities":null},{"date":"2021-08-20","perc_fatality_covid19":44.31,"perc_fatality_comorbities":null},{"date":"2021-08-21","perc_fatality_covid19":44.31,"perc_fatality_comorbities":null},{"date":"2021-08-22","perc_fatality_covid19":44.31,"perc_fatality_comorbities":null},{"date":"2021-08-23","perc_fatality_covid19":44.31,"perc_fatality_comorbities":null},{"date":"2021-08-24","perc_fatality_covid19":44.31,"perc_fatality_comorbities":null},{"date":"2021-08-25","perc_fatality_covid19":44.31,"perc_fatality_comorbities":null},{"date":"2021-08-26","perc_fatality_covid19":44.31,"perc_fatality_comorbities":null},{"date":"2021-08-27","perc_fatality_covid19":44.31,"perc_fatality_comorbities":null},{"date":"2021-08-28","perc_fatality_covid19":44.31,"perc_fatality_comorbities":null},{"date":"2021-08-29","perc_fatality_covid19":44.31,"perc_fatality_comorbities":null},{"date":"2021-08-30","perc_fatality_covid19":44.31,"perc_fatality_comorbities":null},{"date":"2021-09-01","perc_fatality_covid19":44.31,"perc_fatality_comorbities":null},{"date":"2021-09-02","perc_fatality_covid19":44.31,"perc_fatality_comorbities":null},{"date":"2021-09-03","perc_fatality_covid19":44.31,"perc_fatality_comorbities":null},{"date":"2021-09-04","perc_fatality_covid19":44.31,"perc_fatality_comorbities":null},{"date":"2021-09-05","perc_fatality_covid19":44.31,"perc_fatality_comorbities":null},{"date":"2021-09-06","perc_fatality_covid19":44.31,"perc_fatality_comorbities":null},{"date":"2021-09-07","perc_fatality_covid19":44.31,"perc_fatality_comorbities":null},{"date":"2021-09-08","perc_fatality_covid19":44.31,"perc_fatality_comorbities":null},{"date":"2021-09-09","perc_fatality_covid19":44.31,"perc_fatality_comorbities":null},{"date":"2021-09-10","perc_fatality_covid19":44.31,"perc_fatality_comorbities":null},{"date":"2021-09-11","perc_fatality_covid19":44.31,"perc_fatality_comorbities":null},{"date":"2021-09-12","perc_fatality_covid19":44.31,"perc_fatality_comorbities":null},{"date":"2021-09-13","perc_fatality_covid19":44.31,"perc_fatality_comorbities":null},{"date":"2021-09-14","perc_fatality_covid19":44.31,"perc_fatality_comorbities":null},{"date":"2021-09-15","perc_fatality_covid19":44.31,"perc_fatality_comorbities":null},{"date":"2021-09-16","perc_fatality_covid19":44.31,"perc_fatality_comorbities":null},{"date":"2021-09-17","perc_fatality_covid19":44.31,"perc_fatality_comorbities":null},{"date":"2021-09-18","perc_fatality_covid19":44.31,"perc_fatality_comorbities":null},{"date":"2021-09-19","perc_fatality_covid19":44.31,"perc_fatality_comorbities":null},{"date":"2021-09-20","perc_fatality_covid19":44.31,"perc_fatality_comorbities":null},{"date":"2021-09-21","perc_fatality_covid19":44.31,"perc_fatality_comorbities":null},{"date":"2021-09-22","perc_fatality_covid19":44.31,"perc_fatality_comorbities":null}]