[{"date":"2020-09-01","total_positives":127697,"total_asymptomatic":88111.0,"perc_asymptomatic":69.0,"total_symptomatic":39586.0,"perc_symptomatic":31.0},{"date":"2020-09-02","total_positives":130589,"total_asymptomatic":90106.0,"perc_asymptomatic":69.0,"total_symptomatic":40483.0,"perc_symptomatic":31.0},{"date":"2020-09-03","total_positives":133406,"total_asymptomatic":92050.0,"perc_asymptomatic":69.0,"total_symptomatic":41356.0,"perc_symptomatic":31.0},{"date":"2020-09-04","total_positives":135884,"total_asymptomatic":93760.0,"perc_asymptomatic":69.0,"total_symptomatic":42124.0,"perc_symptomatic":31.0},{"date":"2020-09-05","total_positives":138395,"total_asymptomatic":95493.0,"perc_asymptomatic":69.0,"total_symptomatic":42902.0,"perc_symptomatic":31.0},{"date":"2020-09-06","total_positives":140969,"total_asymptomatic":97269.0,"perc_asymptomatic":69.0,"total_symptomatic":43700.0,"perc_symptomatic":31.0},{"date":"2020-09-08","total_positives":145163,"total_asymptomatic":100162.0,"perc_asymptomatic":69.0,"total_symptomatic":45001.0,"perc_symptomatic":31.0},{"date":"2020-09-09","total_positives":147642,"total_asymptomatic":101873.0,"perc_asymptomatic":69.0,"total_symptomatic":45769.0,"perc_symptomatic":31.0},{"date":"2020-09-10","total_positives":150176,"total_asymptomatic":103621.0,"perc_asymptomatic":69.0,"total_symptomatic":46555.0,"perc_symptomatic":31.0},{"date":"2020-09-11","total_positives":152602,"total_asymptomatic":105295.0,"perc_asymptomatic":69.0,"total_symptomatic":47307.0,"perc_symptomatic":31.0},{"date":"2020-09-12","total_positives":154880,"total_asymptomatic":106867.0,"perc_asymptomatic":69.0,"total_symptomatic":48013.0,"perc_symptomatic":31.0},{"date":"2020-09-13","total_positives":157096,"total_asymptomatic":108396.0,"perc_asymptomatic":69.0,"total_symptomatic":48700.0,"perc_symptomatic":31.0},{"date":"2020-09-14","total_positives":158513,"total_asymptomatic":109374.0,"perc_asymptomatic":69.0,"total_symptomatic":49139.0,"perc_symptomatic":31.0},{"date":"2020-09-15","total_positives":160571,"total_asymptomatic":112400.0,"perc_asymptomatic":70.0,"total_symptomatic":48171.0,"perc_symptomatic":30.0},{"date":"2020-09-16","total_positives":162844,"total_asymptomatic":113991.0,"perc_asymptomatic":70.0,"total_symptomatic":48853.0,"perc_symptomatic":30.0},{"date":"2020-09-17","total_positives":165003,"total_asymptomatic":115502.0,"perc_asymptomatic":70.0,"total_symptomatic":49501.0,"perc_symptomatic":30.0},{"date":"2020-09-18","total_positives":167046,"total_asymptomatic":116932.0,"perc_asymptomatic":70.0,"total_symptomatic":50114.0,"perc_symptomatic":30.0},{"date":"2020-09-19","total_positives":169169,"total_asymptomatic":118418.0,"perc_asymptomatic":70.0,"total_symptomatic":50751.0,"perc_symptomatic":30.0},{"date":"2020-09-20","total_positives":171306,"total_asymptomatic":119914.0,"perc_asymptomatic":70.0,"total_symptomatic":51392.0,"perc_symptomatic":30.0},{"date":"2020-09-21","total_positives":172608,"total_asymptomatic":120826.0,"perc_asymptomatic":70.0,"total_symptomatic":51782.0,"perc_symptomatic":30.0},{"date":"2020-09-22","total_positives":174774,"total_asymptomatic":122342.0,"perc_asymptomatic":70.0,"total_symptomatic":52432.0,"perc_symptomatic":30.0},{"date":"2020-09-23","total_positives":177070,"total_asymptomatic":123949.0,"perc_asymptomatic":70.0,"total_symptomatic":53121.0,"perc_symptomatic":30.0},{"date":"2020-09-24","total_positives":179246,"total_asymptomatic":125472.0,"perc_asymptomatic":70.0,"total_symptomatic":53774.0,"perc_symptomatic":30.0},{"date":"2020-09-25","total_positives":181627,"total_asymptomatic":127139.0,"perc_asymptomatic":70.0,"total_symptomatic":54488.0,"perc_symptomatic":30.0},{"date":"2020-09-26","total_positives":183866,"total_asymptomatic":128706.0,"perc_asymptomatic":70.0,"total_symptomatic":55160.0,"perc_symptomatic":30.0},{"date":"2020-09-27","total_positives":185833,"total_asymptomatic":130083.0,"perc_asymptomatic":70.0,"total_symptomatic":55750.0,"perc_symptomatic":30.0},{"date":"2020-09-28","total_positives":187211,"total_asymptomatic":131048.0,"perc_asymptomatic":70.0,"total_symptomatic":56163.0,"perc_symptomatic":30.0},{"date":"2020-09-29","total_positives":189283,"total_asymptomatic":132498.0,"perc_asymptomatic":70.0,"total_symptomatic":56785.0,"perc_symptomatic":30.0},{"date":"2020-09-30","total_positives":191386,"total_asymptomatic":133970.0,"perc_asymptomatic":70.0,"total_symptomatic":57416.0,"perc_symptomatic":30.0},{"date":"2020-10-01","total_positives":193600,"total_asymptomatic":135520.0,"perc_asymptomatic":70.0,"total_symptomatic":58080.0,"perc_symptomatic":30.0},{"date":"2020-10-02","total_positives":195609,"total_asymptomatic":136926.0,"perc_asymptomatic":70.0,"total_symptomatic":58683.0,"perc_symptomatic":30.0},{"date":"2020-10-03","total_positives":197327,"total_asymptomatic":138129.0,"perc_asymptomatic":70.0,"total_symptomatic":59198.0,"perc_symptomatic":30.0},{"date":"2020-10-04","total_positives":199276,"total_asymptomatic":139493.0,"perc_asymptomatic":70.0,"total_symptomatic":59783.0,"perc_symptomatic":30.0},{"date":"2020-10-05","total_positives":200611,"total_asymptomatic":140428.0,"perc_asymptomatic":70.0,"total_symptomatic":60183.0,"perc_symptomatic":30.0},{"date":"2020-10-06","total_positives":202594,"total_asymptomatic":141816.0,"perc_asymptomatic":70.0,"total_symptomatic":60778.0,"perc_symptomatic":30.0},{"date":"2020-10-07","total_positives":204748,"total_asymptomatic":143324.0,"perc_asymptomatic":70.0,"total_symptomatic":61424.0,"perc_symptomatic":30.0},{"date":"2020-10-08","total_positives":206644,"total_asymptomatic":144651.0,"perc_asymptomatic":70.0,"total_symptomatic":61993.0,"perc_symptomatic":30.0},{"date":"2020-10-09","total_positives":208535,"total_asymptomatic":145974.0,"perc_asymptomatic":70.0,"total_symptomatic":62561.0,"perc_symptomatic":30.0},{"date":"2020-10-10","total_positives":210346,"total_asymptomatic":147242.0,"perc_asymptomatic":70.0,"total_symptomatic":63104.0,"perc_symptomatic":30.0},{"date":"2020-10-11","total_positives":212063,"total_asymptomatic":148444.0,"perc_asymptomatic":70.0,"total_symptomatic":63619.0,"perc_symptomatic":30.0},{"date":"2020-10-12","total_positives":213084,"total_asymptomatic":149159.0,"perc_asymptomatic":70.0,"total_symptomatic":63925.0,"perc_symptomatic":30.0},{"date":"2020-10-13","total_positives":214792,"total_asymptomatic":150354.0,"perc_asymptomatic":70.0,"total_symptomatic":64438.0,"perc_symptomatic":30.0},{"date":"2020-10-14","total_positives":216238,"total_asymptomatic":151367.0,"perc_asymptomatic":70.0,"total_symptomatic":64871.0,"perc_symptomatic":30.0},{"date":"2020-10-15","total_positives":217670,"total_asymptomatic":152369.0,"perc_asymptomatic":70.0,"total_symptomatic":65301.0,"perc_symptomatic":30.0},{"date":"2020-10-16","total_positives":219224,"total_asymptomatic":153457.0,"perc_asymptomatic":70.0,"total_symptomatic":65767.0,"perc_symptomatic":30.0},{"date":"2020-10-17","total_positives":220675,"total_asymptomatic":154472.0,"perc_asymptomatic":70.0,"total_symptomatic":66203.0,"perc_symptomatic":30.0},{"date":"2020-10-18","total_positives":222111,"total_asymptomatic":155478.0,"perc_asymptomatic":70.0,"total_symptomatic":66633.0,"perc_symptomatic":30.0},{"date":"2020-10-19","total_positives":223059,"total_asymptomatic":156141.0,"perc_asymptomatic":70.0,"total_symptomatic":66918.0,"perc_symptomatic":30.0},{"date":"2020-10-20","total_positives":224545,"total_asymptomatic":157181.0,"perc_asymptomatic":70.0,"total_symptomatic":67364.0,"perc_symptomatic":30.0},{"date":"2020-10-21","total_positives":226124,"total_asymptomatic":158287.0,"perc_asymptomatic":70.0,"total_symptomatic":67837.0,"perc_symptomatic":30.0},{"date":"2020-10-22","total_positives":227580,"total_asymptomatic":159306.0,"perc_asymptomatic":70.0,"total_symptomatic":68274.0,"perc_symptomatic":30.0},{"date":"2020-10-23","total_positives":229001,"total_asymptomatic":160301.0,"perc_asymptomatic":70.0,"total_symptomatic":68700.0,"perc_symptomatic":30.0},{"date":"2020-10-24","total_positives":230274,"total_asymptomatic":161192.0,"perc_asymptomatic":70.0,"total_symptomatic":69082.0,"perc_symptomatic":30.0},{"date":"2020-10-25","total_positives":231252,"total_asymptomatic":161876.0,"perc_asymptomatic":70.0,"total_symptomatic":69376.0,"perc_symptomatic":30.0},{"date":"2020-10-26","total_positives":231834,"total_asymptomatic":162284.0,"perc_asymptomatic":70.0,"total_symptomatic":69550.0,"perc_symptomatic":30.0},{"date":"2020-10-27","total_positives":232671,"total_asymptomatic":162870.0,"perc_asymptomatic":70.0,"total_symptomatic":69801.0,"perc_symptomatic":30.0},{"date":"2020-10-28","total_positives":234152,"total_asymptomatic":163906.0,"perc_asymptomatic":70.0,"total_symptomatic":70246.0,"perc_symptomatic":30.0},{"date":"2020-10-29","total_positives":235656,"total_asymptomatic":164959.0,"perc_asymptomatic":70.0,"total_symptomatic":70697.0,"perc_symptomatic":30.0},{"date":"2020-10-30","total_positives":237187,"total_asymptomatic":166031.0,"perc_asymptomatic":70.0,"total_symptomatic":71156.0,"perc_symptomatic":30.0},{"date":"2020-11-01","total_positives":240048,"total_asymptomatic":168034.0,"perc_asymptomatic":70.0,"total_symptomatic":72014.0,"perc_symptomatic":30.0},{"date":"2020-11-02","total_positives":240970,"total_asymptomatic":168679.0,"perc_asymptomatic":70.0,"total_symptomatic":72291.0,"perc_symptomatic":30.0},{"date":"2020-11-03","total_positives":242506,"total_asymptomatic":169754.0,"perc_asymptomatic":70.0,"total_symptomatic":72752.0,"perc_symptomatic":30.0},{"date":"2020-11-04","total_positives":244143,"total_asymptomatic":170900.0,"perc_asymptomatic":70.0,"total_symptomatic":73243.0,"perc_symptomatic":30.0},{"date":"2020-11-05","total_positives":245682,"total_asymptomatic":171977.0,"perc_asymptomatic":70.0,"total_symptomatic":73705.0,"perc_symptomatic":30.0},{"date":"2020-11-06","total_positives":247284,"total_asymptomatic":173099.0,"perc_asymptomatic":70.0,"total_symptomatic":74185.0,"perc_symptomatic":30.0},{"date":"2020-11-07","total_positives":248891,"total_asymptomatic":174224.0,"perc_asymptomatic":70.0,"total_symptomatic":74667.0,"perc_symptomatic":30.0},{"date":"2020-11-08","total_positives":250331,"total_asymptomatic":175232.0,"perc_asymptomatic":70.0,"total_symptomatic":75099.0,"perc_symptomatic":30.0},{"date":"2020-11-09","total_positives":251188,"total_asymptomatic":175832.0,"perc_asymptomatic":70.0,"total_symptomatic":75356.0,"perc_symptomatic":30.0},{"date":"2020-11-10","total_positives":252455,"total_asymptomatic":176719.0,"perc_asymptomatic":70.0,"total_symptomatic":75736.0,"perc_symptomatic":30.0},{"date":"2020-11-11","total_positives":253651,"total_asymptomatic":177556.0,"perc_asymptomatic":70.0,"total_symptomatic":76095.0,"perc_symptomatic":30.0},{"date":"2020-11-12","total_positives":254666,"total_asymptomatic":178267.0,"perc_asymptomatic":70.0,"total_symptomatic":76399.0,"perc_symptomatic":30.0},{"date":"2020-11-13","total_positives":255663,"total_asymptomatic":178964.0,"perc_asymptomatic":70.0,"total_symptomatic":76699.0,"perc_symptomatic":30.0},{"date":"2020-11-14","total_positives":256713,"total_asymptomatic":179699.0,"perc_asymptomatic":70.0,"total_symptomatic":77014.0,"perc_symptomatic":30.0},{"date":"2020-11-15","total_positives":257374,"total_asymptomatic":180162.0,"perc_asymptomatic":70.0,"total_symptomatic":77212.0,"perc_symptomatic":30.0},{"date":"2020-11-16","total_positives":257876,"total_asymptomatic":180513.0,"perc_asymptomatic":70.0,"total_symptomatic":77363.0,"perc_symptomatic":30.0},{"date":"2020-11-17","total_positives":258828,"total_asymptomatic":181179.0,"perc_asymptomatic":70.0,"total_symptomatic":77649.0,"perc_symptomatic":30.0},{"date":"2020-11-18","total_positives":259776,"total_asymptomatic":181843.0,"perc_asymptomatic":70.0,"total_symptomatic":77933.0,"perc_symptomatic":30.0},{"date":"2020-11-19","total_positives":260834,"total_asymptomatic":182584.0,"perc_asymptomatic":70.0,"total_symptomatic":78250.0,"perc_symptomatic":30.0},{"date":"2020-11-20","total_positives":261728,"total_asymptomatic":183210.0,"perc_asymptomatic":70.0,"total_symptomatic":78518.0,"perc_symptomatic":30.0},{"date":"2020-11-21","total_positives":262653,"total_asymptomatic":183857.0,"perc_asymptomatic":70.0,"total_symptomatic":78796.0,"perc_symptomatic":30.0},{"date":"2020-11-22","total_positives":263526,"total_asymptomatic":184468.0,"perc_asymptomatic":70.0,"total_symptomatic":79058.0,"perc_symptomatic":30.0},{"date":"2020-11-23","total_positives":264128,"total_asymptomatic":184890.0,"perc_asymptomatic":70.0,"total_symptomatic":79238.0,"perc_symptomatic":30.0},{"date":"2020-11-24","total_positives":265049,"total_asymptomatic":185534.0,"perc_asymptomatic":70.0,"total_symptomatic":79515.0,"perc_symptomatic":30.0},{"date":"2020-11-25","total_positives":266042,"total_asymptomatic":186229.0,"perc_asymptomatic":70.0,"total_symptomatic":79812.0,"perc_symptomatic":30.0},{"date":"2020-11-26","total_positives":266904,"total_asymptomatic":186833.0,"perc_asymptomatic":70.0,"total_symptomatic":80071.0,"perc_symptomatic":30.0},{"date":"2020-11-27","total_positives":267665,"total_asymptomatic":187366.0,"perc_asymptomatic":70.0,"total_symptomatic":80299.0,"perc_symptomatic":30.0},{"date":"2020-11-28","total_positives":268418,"total_asymptomatic":187893.0,"perc_asymptomatic":70.0,"total_symptomatic":80525.0,"perc_symptomatic":30.0},{"date":"2020-11-29","total_positives":269223,"total_asymptomatic":188456.0,"perc_asymptomatic":70.0,"total_symptomatic":80767.0,"perc_symptomatic":30.0},{"date":"2020-11-30","total_positives":269816,"total_asymptomatic":188871.0,"perc_asymptomatic":70.0,"total_symptomatic":80945.0,"perc_symptomatic":30.0},{"date":"2020-12-10","total_positives":275904,"total_asymptomatic":193132.0,"perc_asymptomatic":70.0,"total_symptomatic":82772.0,"perc_symptomatic":30.0},{"date":"2020-12-11","total_positives":276516,"total_asymptomatic":193561.0,"perc_asymptomatic":70.0,"total_symptomatic":82955.0,"perc_symptomatic":30.0},{"date":"2020-12-12","total_positives":277151,"total_asymptomatic":194006.0,"perc_asymptomatic":70.0,"total_symptomatic":83145.0,"perc_symptomatic":30.0},{"date":"2020-12-13","total_positives":277724,"total_asymptomatic":194407.0,"perc_asymptomatic":70.0,"total_symptomatic":83317.0,"perc_symptomatic":30.0},{"date":"2020-12-14","total_positives":278108,"total_asymptomatic":194676.0,"perc_asymptomatic":70.0,"total_symptomatic":83432.0,"perc_symptomatic":30.0},{"date":"2020-12-15","total_positives":278599,"total_asymptomatic":195019.0,"perc_asymptomatic":70.0,"total_symptomatic":83579.0,"perc_symptomatic":30.0},{"date":"2020-12-16","total_positives":279135,"total_asymptomatic":195394.0,"perc_asymptomatic":70.0,"total_symptomatic":83741.0,"perc_symptomatic":30.0},{"date":"2020-12-17","total_positives":279644,"total_asymptomatic":195751.0,"perc_asymptomatic":70.0,"total_symptomatic":83893.0,"perc_symptomatic":30.0},{"date":"2020-12-18","total_positives":280195,"total_asymptomatic":196136.0,"perc_asymptomatic":70.0,"total_symptomatic":84059.0,"perc_symptomatic":30.0},{"date":"2020-12-19","total_positives":280822,"total_asymptomatic":196575.0,"perc_asymptomatic":70.0,"total_symptomatic":84247.0,"perc_symptomatic":30.0},{"date":"2020-12-20","total_positives":281414,"total_asymptomatic":196990.0,"perc_asymptomatic":70.0,"total_symptomatic":84424.0,"perc_symptomatic":30.0},{"date":"2020-12-21","total_positives":281730,"total_asymptomatic":197211.0,"perc_asymptomatic":70.0,"total_symptomatic":84519.0,"perc_symptomatic":30.0},{"date":"2020-12-22","total_positives":282347,"total_asymptomatic":197643.0,"perc_asymptomatic":70.0,"total_symptomatic":84704.0,"perc_symptomatic":30.0},{"date":"2020-12-23","total_positives":282982,"total_asymptomatic":198087.0,"perc_asymptomatic":70.0,"total_symptomatic":84894.0,"perc_symptomatic":30.0},{"date":"2020-12-24","total_positives":283556,"total_asymptomatic":198489.0,"perc_asymptomatic":70.0,"total_symptomatic":85067.0,"perc_symptomatic":30.0},{"date":"2020-12-25","total_positives":284074,"total_asymptomatic":198851.0,"perc_asymptomatic":70.0,"total_symptomatic":85222.0,"perc_symptomatic":30.0},{"date":"2020-12-26","total_positives":284391,"total_asymptomatic":199074.0,"perc_asymptomatic":70.0,"total_symptomatic":85317.0,"perc_symptomatic":30.0},{"date":"2020-12-27","total_positives":284863,"total_asymptomatic":199404.0,"perc_asymptomatic":70.0,"total_symptomatic":85459.0,"perc_symptomatic":30.0},{"date":"2020-12-28","total_positives":285068,"total_asymptomatic":199547.0,"perc_asymptomatic":70.0,"total_symptomatic":85521.0,"perc_symptomatic":30.0},{"date":"2020-12-29","total_positives":285465,"total_asymptomatic":199826.0,"perc_asymptomatic":70.0,"total_symptomatic":85639.0,"perc_symptomatic":30.0},{"date":"2020-12-30","total_positives":285939,"total_asymptomatic":200158.0,"perc_asymptomatic":70.0,"total_symptomatic":85781.0,"perc_symptomatic":30.0},{"date":"2021-01-01","total_positives":286815,"total_asymptomatic":200771.0,"perc_asymptomatic":70.0,"total_symptomatic":86044.0,"perc_symptomatic":30.0},{"date":"2021-01-02","total_positives":287108,"total_asymptomatic":200976.0,"perc_asymptomatic":70.0,"total_symptomatic":86132.0,"perc_symptomatic":30.0},{"date":"2021-01-03","total_positives":287502,"total_asymptomatic":201251.0,"perc_asymptomatic":70.0,"total_symptomatic":86251.0,"perc_symptomatic":30.0},{"date":"2021-01-04","total_positives":287740,"total_asymptomatic":201418.0,"perc_asymptomatic":70.0,"total_symptomatic":86322.0,"perc_symptomatic":30.0},{"date":"2021-01-05","total_positives":287993,"total_asymptomatic":201595.0,"perc_asymptomatic":70.0,"total_symptomatic":86398.0,"perc_symptomatic":30.0},{"date":"2021-01-06","total_positives":288410,"total_asymptomatic":201887.0,"perc_asymptomatic":70.0,"total_symptomatic":86523.0,"perc_symptomatic":30.0},{"date":"2021-01-07","total_positives":288789,"total_asymptomatic":202152.0,"perc_asymptomatic":70.0,"total_symptomatic":86637.0,"perc_symptomatic":30.0},{"date":"2021-01-08","total_positives":289135,"total_asymptomatic":202394.0,"perc_asymptomatic":70.0,"total_symptomatic":86741.0,"perc_symptomatic":30.0},{"date":"2021-01-09","total_positives":289433,"total_asymptomatic":202603.0,"perc_asymptomatic":70.0,"total_symptomatic":86830.0,"perc_symptomatic":30.0},{"date":"2021-01-10","total_positives":289784,"total_asymptomatic":202848.0,"perc_asymptomatic":70.0,"total_symptomatic":86936.0,"perc_symptomatic":30.0},{"date":"2021-01-11","total_positives":290008,"total_asymptomatic":203006.0,"perc_asymptomatic":70.0,"total_symptomatic":87002.0,"perc_symptomatic":30.0},{"date":"2021-01-12","total_positives":290309,"total_asymptomatic":203216.0,"perc_asymptomatic":70.0,"total_symptomatic":87093.0,"perc_symptomatic":30.0},{"date":"2021-01-13","total_positives":290640,"total_asymptomatic":203448.0,"perc_asymptomatic":70.0,"total_symptomatic":87192.0,"perc_symptomatic":30.0},{"date":"2021-01-14","total_positives":290916,"total_asymptomatic":203641.0,"perc_asymptomatic":70.0,"total_symptomatic":87275.0,"perc_symptomatic":30.0},{"date":"2021-01-15","total_positives":291118,"total_asymptomatic":203782.0,"perc_asymptomatic":70.0,"total_symptomatic":87336.0,"perc_symptomatic":30.0},{"date":"2021-01-16","total_positives":291367,"total_asymptomatic":203957.0,"perc_asymptomatic":70.0,"total_symptomatic":87410.0,"perc_symptomatic":30.0},{"date":"2021-01-17","total_positives":291666,"total_asymptomatic":204166.0,"perc_asymptomatic":70.0,"total_symptomatic":87500.0,"perc_symptomatic":30.0},{"date":"2021-01-18","total_positives":291872,"total_asymptomatic":204310.0,"perc_asymptomatic":70.0,"total_symptomatic":87562.0,"perc_symptomatic":30.0},{"date":"2021-01-19","total_positives":292128,"total_asymptomatic":204489.0,"perc_asymptomatic":70.0,"total_symptomatic":87639.0,"perc_symptomatic":30.0},{"date":"2021-01-20","total_positives":292395,"total_asymptomatic":204677.0,"perc_asymptomatic":70.0,"total_symptomatic":87718.0,"perc_symptomatic":30.0},{"date":"2021-01-21","total_positives":292621,"total_asymptomatic":204835.0,"perc_asymptomatic":70.0,"total_symptomatic":87786.0,"perc_symptomatic":30.0},{"date":"2021-01-22","total_positives":292835,"total_asymptomatic":204984.0,"perc_asymptomatic":70.0,"total_symptomatic":87851.0,"perc_symptomatic":30.0},{"date":"2021-01-23","total_positives":293056,"total_asymptomatic":205139.0,"perc_asymptomatic":70.0,"total_symptomatic":87917.0,"perc_symptomatic":30.0},{"date":"2021-01-24","total_positives":293253,"total_asymptomatic":205277.0,"perc_asymptomatic":70.0,"total_symptomatic":87976.0,"perc_symptomatic":30.0},{"date":"2021-01-25","total_positives":293401,"total_asymptomatic":205381.0,"perc_asymptomatic":70.0,"total_symptomatic":88020.0,"perc_symptomatic":30.0},{"date":"2021-01-26","total_positives":293590,"total_asymptomatic":205513.0,"perc_asymptomatic":70.0,"total_symptomatic":88077.0,"perc_symptomatic":30.0},{"date":"2021-01-27","total_positives":293737,"total_asymptomatic":205616.0,"perc_asymptomatic":70.0,"total_symptomatic":88121.0,"perc_symptomatic":30.0},{"date":"2021-01-28","total_positives":293923,"total_asymptomatic":205746.0,"perc_asymptomatic":70.0,"total_symptomatic":88177.0,"perc_symptomatic":30.0},{"date":"2021-01-29","total_positives":294120,"total_asymptomatic":205884.0,"perc_asymptomatic":70.0,"total_symptomatic":88236.0,"perc_symptomatic":30.0},{"date":"2021-02-01","total_positives":294587,"total_asymptomatic":206211.0,"perc_asymptomatic":70.0,"total_symptomatic":88376.0,"perc_symptomatic":30.0},{"date":"2021-02-02","total_positives":294739,"total_asymptomatic":206317.0,"perc_asymptomatic":70.0,"total_symptomatic":88422.0,"perc_symptomatic":30.0},{"date":"2021-02-03","total_positives":294924,"total_asymptomatic":206447.0,"perc_asymptomatic":70.0,"total_symptomatic":88477.0,"perc_symptomatic":30.0},{"date":"2021-02-04","total_positives":295101,"total_asymptomatic":206571.0,"perc_asymptomatic":70.0,"total_symptomatic":88530.0,"perc_symptomatic":30.0},{"date":"2021-02-05","total_positives":295270,"total_asymptomatic":206689.0,"perc_asymptomatic":70.0,"total_symptomatic":88581.0,"perc_symptomatic":30.0},{"date":"2021-02-06","total_positives":295431,"total_asymptomatic":206802.0,"perc_asymptomatic":70.0,"total_symptomatic":88629.0,"perc_symptomatic":30.0},{"date":"2021-02-07","total_positives":295581,"total_asymptomatic":206907.0,"perc_asymptomatic":70.0,"total_symptomatic":88674.0,"perc_symptomatic":30.0},{"date":"2021-02-08","total_positives":295682,"total_asymptomatic":206977.0,"perc_asymptomatic":70.0,"total_symptomatic":88705.0,"perc_symptomatic":30.0},{"date":"2021-02-09","total_positives":295831,"total_asymptomatic":207081.0,"perc_asymptomatic":70.0,"total_symptomatic":88750.0,"perc_symptomatic":30.0},{"date":"2021-02-10","total_positives":295988,"total_asymptomatic":207191.0,"perc_asymptomatic":70.0,"total_symptomatic":88797.0,"perc_symptomatic":30.0},{"date":"2021-02-11","total_positives":296134,"total_asymptomatic":207294.0,"perc_asymptomatic":70.0,"total_symptomatic":88840.0,"perc_symptomatic":30.0},{"date":"2021-02-12","total_positives":296277,"total_asymptomatic":207394.0,"perc_asymptomatic":70.0,"total_symptomatic":88883.0,"perc_symptomatic":30.0},{"date":"2021-02-13","total_positives":296428,"total_asymptomatic":207499.0,"perc_asymptomatic":70.0,"total_symptomatic":88929.0,"perc_symptomatic":30.0},{"date":"2021-02-14","total_positives":296574,"total_asymptomatic":207602.0,"perc_asymptomatic":70.0,"total_symptomatic":88972.0,"perc_symptomatic":30.0},{"date":"2021-02-15","total_positives":296673,"total_asymptomatic":207671.0,"perc_asymptomatic":70.0,"total_symptomatic":89002.0,"perc_symptomatic":30.0},{"date":"2021-02-16","total_positives":296802,"total_asymptomatic":207762.0,"perc_asymptomatic":70.0,"total_symptomatic":89040.0,"perc_symptomatic":30.0},{"date":"2021-02-17","total_positives":296950,"total_asymptomatic":207865.0,"perc_asymptomatic":70.0,"total_symptomatic":89085.0,"perc_symptomatic":30.0},{"date":"2021-02-18","total_positives":297113,"total_asymptomatic":207979.0,"perc_asymptomatic":70.0,"total_symptomatic":89134.0,"perc_symptomatic":30.0},{"date":"2021-02-19","total_positives":297278,"total_asymptomatic":208095.0,"perc_asymptomatic":70.0,"total_symptomatic":89183.0,"perc_symptomatic":30.0},{"date":"2021-02-20","total_positives":297435,"total_asymptomatic":208204.0,"perc_asymptomatic":70.0,"total_symptomatic":89231.0,"perc_symptomatic":30.0},{"date":"2021-02-21","total_positives":297598,"total_asymptomatic":208319.0,"perc_asymptomatic":70.0,"total_symptomatic":89279.0,"perc_symptomatic":30.0},{"date":"2021-02-22","total_positives":297712,"total_asymptomatic":208398.0,"perc_asymptomatic":70.0,"total_symptomatic":89314.0,"perc_symptomatic":30.0},{"date":"2021-02-23","total_positives":297861,"total_asymptomatic":208502.0,"perc_asymptomatic":70.0,"total_symptomatic":89359.0,"perc_symptomatic":30.0},{"date":"2021-02-24","total_positives":298057,"total_asymptomatic":208640.0,"perc_asymptomatic":70.0,"total_symptomatic":89417.0,"perc_symptomatic":30.0},{"date":"2021-02-25","total_positives":298264,"total_asymptomatic":208785.0,"perc_asymptomatic":70.0,"total_symptomatic":89479.0,"perc_symptomatic":30.0},{"date":"2021-02-26","total_positives":298453,"total_asymptomatic":208917.0,"perc_asymptomatic":70.0,"total_symptomatic":89536.0,"perc_symptomatic":30.0},{"date":"2021-02-27","total_positives":298631,"total_asymptomatic":209042.0,"perc_asymptomatic":70.0,"total_symptomatic":89589.0,"perc_symptomatic":30.0},{"date":"2021-03-01","total_positives":298923,"total_asymptomatic":209246.0,"perc_asymptomatic":70.0,"total_symptomatic":89677.0,"perc_symptomatic":30.0},{"date":"2021-03-02","total_positives":299086,"total_asymptomatic":209360.0,"perc_asymptomatic":70.0,"total_symptomatic":89726.0,"perc_symptomatic":30.0},{"date":"2021-03-03","total_positives":299254,"total_asymptomatic":209478.0,"perc_asymptomatic":70.0,"total_symptomatic":89776.0,"perc_symptomatic":30.0},{"date":"2021-03-04","total_positives":299406,"total_asymptomatic":209584.0,"perc_asymptomatic":70.0,"total_symptomatic":89822.0,"perc_symptomatic":30.0},{"date":"2021-03-05","total_positives":299572,"total_asymptomatic":209700.0,"perc_asymptomatic":70.0,"total_symptomatic":89872.0,"perc_symptomatic":30.0},{"date":"2021-03-06","total_positives":299742,"total_asymptomatic":209819.0,"perc_asymptomatic":70.0,"total_symptomatic":89923.0,"perc_symptomatic":30.0},{"date":"2021-03-07","total_positives":299900,"total_asymptomatic":209930.0,"perc_asymptomatic":70.0,"total_symptomatic":89970.0,"perc_symptomatic":30.0},{"date":"2021-03-08","total_positives":300011,"total_asymptomatic":210007.0,"perc_asymptomatic":70.0,"total_symptomatic":90004.0,"perc_symptomatic":30.0},{"date":"2021-03-09","total_positives":300153,"total_asymptomatic":210107.0,"perc_asymptomatic":70.0,"total_symptomatic":90046.0,"perc_symptomatic":30.0},{"date":"2021-03-10","total_positives":300342,"total_asymptomatic":210239.0,"perc_asymptomatic":70.0,"total_symptomatic":90103.0,"perc_symptomatic":30.0},{"date":"2021-03-11","total_positives":300536,"total_asymptomatic":210375.0,"perc_asymptomatic":70.0,"total_symptomatic":90161.0,"perc_symptomatic":30.0},{"date":"2021-03-12","total_positives":300717,"total_asymptomatic":210502.0,"perc_asymptomatic":70.0,"total_symptomatic":90215.0,"perc_symptomatic":30.0},{"date":"2021-03-13","total_positives":300933,"total_asymptomatic":210653.0,"perc_asymptomatic":70.0,"total_symptomatic":90280.0,"perc_symptomatic":30.0},{"date":"2021-03-14","total_positives":301161,"total_asymptomatic":210812.0,"perc_asymptomatic":70.0,"total_symptomatic":90349.0,"perc_symptomatic":30.0},{"date":"2021-03-15","total_positives":301318,"total_asymptomatic":210923.0,"perc_asymptomatic":70.0,"total_symptomatic":90395.0,"perc_symptomatic":30.0},{"date":"2021-03-16","total_positives":301522,"total_asymptomatic":211065.0,"perc_asymptomatic":70.0,"total_symptomatic":90457.0,"perc_symptomatic":30.0},{"date":"2021-03-17","total_positives":301769,"total_asymptomatic":211238.0,"perc_asymptomatic":70.0,"total_symptomatic":90531.0,"perc_symptomatic":30.0},{"date":"2021-03-18","total_positives":302047,"total_asymptomatic":211433.0,"perc_asymptomatic":70.0,"total_symptomatic":90614.0,"perc_symptomatic":30.0},{"date":"2021-03-19","total_positives":302360,"total_asymptomatic":211652.0,"perc_asymptomatic":70.0,"total_symptomatic":90708.0,"perc_symptomatic":30.0},{"date":"2021-03-20","total_positives":302724,"total_asymptomatic":211907.0,"perc_asymptomatic":70.0,"total_symptomatic":90817.0,"perc_symptomatic":30.0},{"date":"2021-03-21","total_positives":303118,"total_asymptomatic":212183.0,"perc_asymptomatic":70.0,"total_symptomatic":90935.0,"perc_symptomatic":30.0},{"date":"2021-03-22","total_positives":303455,"total_asymptomatic":212419.0,"perc_asymptomatic":70.0,"total_symptomatic":91036.0,"perc_symptomatic":30.0},{"date":"2021-03-23","total_positives":303867,"total_asymptomatic":212707.0,"perc_asymptomatic":70.0,"total_symptomatic":91160.0,"perc_symptomatic":30.0},{"date":"2021-03-24","total_positives":304298,"total_asymptomatic":213009.0,"perc_asymptomatic":70.0,"total_symptomatic":91289.0,"perc_symptomatic":30.0},{"date":"2021-03-25","total_positives":304791,"total_asymptomatic":213354.0,"perc_asymptomatic":70.0,"total_symptomatic":91437.0,"perc_symptomatic":30.0},{"date":"2021-03-26","total_positives":305309,"total_asymptomatic":213716.0,"perc_asymptomatic":70.0,"total_symptomatic":91593.0,"perc_symptomatic":30.0},{"date":"2021-03-27","total_positives":305804,"total_asymptomatic":214063.0,"perc_asymptomatic":70.0,"total_symptomatic":91741.0,"perc_symptomatic":30.0},{"date":"2021-03-28","total_positives":306339,"total_asymptomatic":214437.0,"perc_asymptomatic":70.0,"total_symptomatic":91902.0,"perc_symptomatic":30.0},{"date":"2021-03-29","total_positives":306742,"total_asymptomatic":214719.0,"perc_asymptomatic":70.0,"total_symptomatic":92023.0,"perc_symptomatic":30.0},{"date":"2021-03-30","total_positives":307205,"total_asymptomatic":null,"perc_asymptomatic":80.0,"total_symptomatic":null,"perc_symptomatic":20.0},{"date":"2021-03-31","total_positives":307889,"total_asymptomatic":null,"perc_asymptomatic":79.1,"total_symptomatic":null,"perc_symptomatic":20.9},{"date":"2021-04-01","total_positives":308776,"total_asymptomatic":null,"perc_asymptomatic":79.9,"total_symptomatic":null,"perc_symptomatic":20.1},{"date":"2021-04-02","total_positives":309741,"total_asymptomatic":null,"perc_asymptomatic":78.1,"total_symptomatic":null,"perc_symptomatic":21.9},{"date":"2021-04-03","total_positives":310819,"total_asymptomatic":null,"perc_asymptomatic":79.5,"total_symptomatic":null,"perc_symptomatic":20.5},{"date":"2021-04-04","total_positives":312140,"total_asymptomatic":null,"perc_asymptomatic":78.5,"total_symptomatic":null,"perc_symptomatic":21.5},{"date":"2021-04-05","total_positives":313237,"total_asymptomatic":null,"perc_asymptomatic":79.8,"total_symptomatic":null,"perc_symptomatic":20.2},{"date":"2021-04-06","total_positives":314735,"total_asymptomatic":null,"perc_asymptomatic":80.1,"total_symptomatic":null,"perc_symptomatic":19.9},{"date":"2021-04-07","total_positives":316649,"total_asymptomatic":null,"perc_asymptomatic":78.9,"total_symptomatic":null,"perc_symptomatic":21.1},{"date":"2021-04-08","total_positives":318704,"total_asymptomatic":null,"perc_asymptomatic":79.2,"total_symptomatic":null,"perc_symptomatic":20.8},{"date":"2021-04-09","total_positives":321182,"total_asymptomatic":null,"perc_asymptomatic":80.2,"total_symptomatic":null,"perc_symptomatic":19.8},{"date":"2021-04-10","total_positives":324091,"total_asymptomatic":null,"perc_asymptomatic":79.5,"total_symptomatic":null,"perc_symptomatic":20.5},{"date":"2021-04-11","total_positives":327278,"total_asymptomatic":null,"perc_asymptomatic":80.1,"total_symptomatic":null,"perc_symptomatic":19.9},{"date":"2021-04-12","total_positives":329529,"total_asymptomatic":null,"perc_asymptomatic":79.8,"total_symptomatic":null,"perc_symptomatic":20.2},{"date":"2021-04-13","total_positives":332581,"total_asymptomatic":null,"perc_asymptomatic":80.8,"total_symptomatic":null,"perc_symptomatic":19.2},{"date":"2021-04-14","total_positives":334738,"total_asymptomatic":null,"perc_asymptomatic":79.8,"total_symptomatic":null,"perc_symptomatic":20.2},{"date":"2021-04-15","total_positives":338045,"total_asymptomatic":null,"perc_asymptomatic":80.8,"total_symptomatic":null,"perc_symptomatic":19.2},{"date":"2021-04-16","total_positives":341885,"total_asymptomatic":null,"perc_asymptomatic":80.5,"total_symptomatic":null,"perc_symptomatic":19.5},{"date":"2021-04-17","total_positives":346331,"total_asymptomatic":null,"perc_asymptomatic":80.9,"total_symptomatic":null,"perc_symptomatic":19.1},{"date":"2021-04-18","total_positives":351424,"total_asymptomatic":null,"perc_asymptomatic":80.5,"total_symptomatic":null,"perc_symptomatic":19.8},{"date":"2021-04-19","total_positives":355433,"total_asymptomatic":null,"perc_asymptomatic":80.9,"total_symptomatic":null,"perc_symptomatic":19.1},{"date":"2021-04-20","total_positives":361359,"total_asymptomatic":null,"perc_asymptomatic":81.1,"total_symptomatic":null,"perc_symptomatic":18.9},{"date":"2021-04-21","total_positives":367901,"total_asymptomatic":null,"perc_asymptomatic":80.1,"total_symptomatic":null,"perc_symptomatic":19.9},{"date":"2021-04-22","total_positives":373468,"total_asymptomatic":null,"perc_asymptomatic":79.5,"total_symptomatic":null,"perc_symptomatic":20.5},{"date":"2021-04-23","total_positives":379494,"total_asymptomatic":null,"perc_asymptomatic":80.5,"total_symptomatic":null,"perc_symptomatic":19.5},{"date":"2021-04-24","total_positives":387106,"total_asymptomatic":null,"perc_asymptomatic":80.1,"total_symptomatic":null,"perc_symptomatic":19.9},{"date":"2021-04-25","total_positives":395232,"total_asymptomatic":null,"perc_asymptomatic":79.5,"total_symptomatic":null,"perc_symptomatic":20.5},{"date":"2021-04-26","total_positives":401783,"total_asymptomatic":null,"perc_asymptomatic":79.9,"total_symptomatic":null,"perc_symptomatic":20.1},{"date":"2021-04-27","total_positives":411905,"total_asymptomatic":null,"perc_asymptomatic":79.5,"total_symptomatic":null,"perc_symptomatic":20.5},{"date":"2021-04-28","total_positives":419966,"total_asymptomatic":null,"perc_asymptomatic":80.1,"total_symptomatic":null,"perc_symptomatic":19.9},{"date":"2021-04-29","total_positives":427960,"total_asymptomatic":null,"perc_asymptomatic":80.3,"total_symptomatic":null,"perc_symptomatic":19.7},{"date":"2021-04-30","total_positives":435606,"total_asymptomatic":null,"perc_asymptomatic":79.8,"total_symptomatic":null,"perc_symptomatic":20.2},{"date":"2021-05-02","total_positives":450790,"total_asymptomatic":null,"perc_asymptomatic":79.8,"total_symptomatic":null,"perc_symptomatic":20.2},{"date":"2021-05-03","total_positives":456485,"total_asymptomatic":null,"perc_asymptomatic":79.5,"total_symptomatic":null,"perc_symptomatic":20.5},{"date":"2021-05-04","total_positives":463361,"total_asymptomatic":null,"perc_asymptomatic":79.8,"total_symptomatic":null,"perc_symptomatic":20.2},{"date":"2021-05-05","total_positives":469722,"total_asymptomatic":null,"perc_asymptomatic":80.1,"total_symptomatic":null,"perc_symptomatic":19.9},{"date":"2021-05-06","total_positives":475748,"total_asymptomatic":null,"perc_asymptomatic":80.0,"total_symptomatic":null,"perc_symptomatic":20.0},{"date":"2021-05-07","total_positives":481640,"total_asymptomatic":null,"perc_asymptomatic":79.8,"total_symptomatic":null,"perc_symptomatic":20.2},{"date":"2021-05-08","total_positives":492385,"total_asymptomatic":null,"perc_asymptomatic":79.8,"total_symptomatic":null,"perc_symptomatic":20.2},{"date":"2021-05-09","total_positives":497361,"total_asymptomatic":null,"perc_asymptomatic":79.9,"total_symptomatic":null,"perc_symptomatic":20.1},{"date":"2021-05-10","total_positives":502187,"total_asymptomatic":null,"perc_asymptomatic":79.5,"total_symptomatic":null,"perc_symptomatic":20.5},{"date":"2021-05-11","total_positives":506988,"total_asymptomatic":null,"perc_asymptomatic":79.9,"total_symptomatic":null,"perc_symptomatic":20.1},{"date":"2021-05-12","total_positives":511711,"total_asymptomatic":null,"perc_asymptomatic":79.5,"total_symptomatic":null,"perc_symptomatic":20.5},{"date":"2021-05-13","total_positives":516404,"total_asymptomatic":null,"perc_asymptomatic":79.8,"total_symptomatic":null,"perc_symptomatic":20.2},{"date":"2021-05-14","total_positives":520709,"total_asymptomatic":null,"perc_asymptomatic":79.9,"total_symptomatic":null,"perc_symptomatic":20.1},{"date":"2021-05-15","total_positives":525007,"total_asymptomatic":null,"perc_asymptomatic":79.9,"total_symptomatic":null,"perc_symptomatic":20.1},{"date":"2021-05-16","total_positives":528823,"total_asymptomatic":null,"perc_asymptomatic":79.8,"total_symptomatic":null,"perc_symptomatic":20.2},{"date":"2021-05-17","total_positives":532784,"total_asymptomatic":null,"perc_asymptomatic":79.9,"total_symptomatic":null,"perc_symptomatic":20.1},{"date":"2021-05-18","total_positives":536766,"total_asymptomatic":null,"perc_asymptomatic":79.8,"total_symptomatic":null,"perc_symptomatic":20.2},{"date":"2021-05-19","total_positives":540603,"total_asymptomatic":null,"perc_asymptomatic":79.7,"total_symptomatic":null,"perc_symptomatic":20.3},{"date":"2021-05-20","total_positives":544263,"total_asymptomatic":null,"perc_asymptomatic":79.8,"total_symptomatic":null,"perc_symptomatic":20.2},{"date":"2021-05-21","total_positives":547727,"total_asymptomatic":null,"perc_asymptomatic":79.9,"total_symptomatic":null,"perc_symptomatic":20.1},{"date":"2021-05-22","total_positives":551035,"total_asymptomatic":null,"perc_asymptomatic":79.8,"total_symptomatic":null,"perc_symptomatic":20.2},{"date":"2021-05-23","total_positives":553277,"total_asymptomatic":null,"perc_asymptomatic":79.9,"total_symptomatic":null,"perc_symptomatic":20.1},{"date":"2021-05-24","total_positives":556320,"total_asymptomatic":null,"perc_asymptomatic":79.9,"total_symptomatic":null,"perc_symptomatic":20.1},{"date":"2021-05-25","total_positives":560141,"total_asymptomatic":null,"perc_asymptomatic":79.8,"total_symptomatic":null,"perc_symptomatic":20.2},{"date":"2021-05-26","total_positives":563903,"total_asymptomatic":null,"perc_asymptomatic":79.9,"total_symptomatic":null,"perc_symptomatic":20.1},{"date":"2021-05-27","total_positives":567517,"total_asymptomatic":null,"perc_asymptomatic":79.8,"total_symptomatic":null,"perc_symptomatic":20.2},{"date":"2021-05-28","total_positives":571044,"total_asymptomatic":null,"perc_asymptomatic":79.9,"total_symptomatic":null,"perc_symptomatic":20.1},{"date":"2021-05-29","total_positives":574026,"total_asymptomatic":null,"perc_asymptomatic":79.9,"total_symptomatic":null,"perc_symptomatic":20.1},{"date":"2021-05-30","total_positives":575827,"total_asymptomatic":null,"perc_asymptomatic":79.9,"total_symptomatic":null,"perc_symptomatic":20.1},{"date":"2021-05-31","total_positives":578351,"total_asymptomatic":null,"perc_asymptomatic":79.7,"total_symptomatic":null,"perc_symptomatic":20.3},{"date":"2021-06-01","total_positives":580844,"total_asymptomatic":null,"perc_asymptomatic":79.8,"total_symptomatic":null,"perc_symptomatic":20.2},{"date":"2021-06-02","total_positives":583228,"total_asymptomatic":null,"perc_asymptomatic":79.9,"total_symptomatic":null,"perc_symptomatic":20.1},{"date":"2021-06-03","total_positives":585489,"total_asymptomatic":null,"perc_asymptomatic":79.8,"total_symptomatic":null,"perc_symptomatic":20.2},{"date":"2021-06-04","total_positives":587664,"total_asymptomatic":null,"perc_asymptomatic":79.7,"total_symptomatic":null,"perc_symptomatic":20.3},{"date":"2021-06-05","total_positives":589734,"total_asymptomatic":null,"perc_asymptomatic":79.8,"total_symptomatic":null,"perc_symptomatic":null},{"date":"2021-06-06","total_positives":591170,"total_asymptomatic":null,"perc_asymptomatic":79.9,"total_symptomatic":null,"perc_symptomatic":20.1},{"date":"2021-06-07","total_positives":593103,"total_asymptomatic":null,"perc_asymptomatic":79.8,"total_symptomatic":null,"perc_symptomatic":20.2},{"date":"2021-06-08","total_positives":595000,"total_asymptomatic":null,"perc_asymptomatic":79.9,"total_symptomatic":null,"perc_symptomatic":20.1},{"date":"2021-06-09","total_positives":596813,"total_asymptomatic":null,"perc_asymptomatic":79.8,"total_symptomatic":null,"perc_symptomatic":20.2},{"date":"2021-06-10","total_positives":598611,"total_asymptomatic":null,"perc_asymptomatic":79.7,"total_symptomatic":null,"perc_symptomatic":20.3},{"date":"2021-06-11","total_positives":600318,"total_asymptomatic":null,"perc_asymptomatic":79.9,"total_symptomatic":null,"perc_symptomatic":20.1},{"date":"2021-06-12","total_positives":602089,"total_asymptomatic":null,"perc_asymptomatic":79.8,"total_symptomatic":null,"perc_symptomatic":20.2},{"date":"2021-06-13","total_positives":603369,"total_asymptomatic":null,"perc_asymptomatic":79.9,"total_symptomatic":null,"perc_symptomatic":20.1},{"date":"2021-06-14","total_positives":604880,"total_asymptomatic":null,"perc_asymptomatic":79.8,"total_symptomatic":null,"perc_symptomatic":20.2},{"date":"2021-06-15","total_positives":606436,"total_asymptomatic":null,"perc_asymptomatic":79.9,"total_symptomatic":null,"perc_symptomatic":20.1},{"date":"2021-06-16","total_positives":607925,"total_asymptomatic":null,"perc_asymptomatic":79.8,"total_symptomatic":null,"perc_symptomatic":20.2},{"date":"2021-06-17","total_positives":609417,"total_asymptomatic":null,"perc_asymptomatic":79.9,"total_symptomatic":null,"perc_symptomatic":20.1},{"date":"2021-06-18","total_positives":610834,"total_asymptomatic":null,"perc_asymptomatic":79.8,"total_symptomatic":null,"perc_symptomatic":20.2},{"date":"2021-06-19","total_positives":612196,"total_asymptomatic":null,"perc_asymptomatic":79.9,"total_symptomatic":null,"perc_symptomatic":20.1},{"date":"2021-06-20","total_positives":613202,"total_asymptomatic":null,"perc_asymptomatic":79.7,"total_symptomatic":null,"perc_symptomatic":20.3},{"date":"2021-06-21","total_positives":614399,"total_asymptomatic":null,"perc_asymptomatic":79.8,"total_symptomatic":null,"perc_symptomatic":20.2},{"date":"2021-06-22","total_positives":615574,"total_asymptomatic":null,"perc_asymptomatic":79.9,"total_symptomatic":null,"perc_symptomatic":20.1},{"date":"2021-06-23","total_positives":616688,"total_asymptomatic":null,"perc_asymptomatic":79.8,"total_symptomatic":null,"perc_symptomatic":20.2},{"date":"2021-06-24","total_positives":617776,"total_asymptomatic":null,"perc_asymptomatic":79.9,"total_symptomatic":null,"perc_symptomatic":20.1},{"date":"2021-06-25","total_positives":618837,"total_asymptomatic":null,"perc_asymptomatic":79.8,"total_symptomatic":null,"perc_symptomatic":20.2},{"date":"2021-06-26","total_positives":619865,"total_asymptomatic":null,"perc_asymptomatic":79.9,"total_symptomatic":null,"perc_symptomatic":20.1},{"date":"2021-06-27","total_positives":620613,"total_asymptomatic":null,"perc_asymptomatic":79.9,"total_symptomatic":null,"perc_symptomatic":20.1},{"date":"2021-06-28","total_positives":112982,"total_asymptomatic":null,"perc_asymptomatic":79.8,"total_symptomatic":null,"perc_symptomatic":20.2},{"date":"2021-06-29","total_positives":622593,"total_asymptomatic":null,"perc_asymptomatic":79.8,"total_symptomatic":null,"perc_symptomatic":20.2},{"date":"2021-06-30","total_positives":623510,"total_asymptomatic":null,"perc_asymptomatic":79.9,"total_symptomatic":null,"perc_symptomatic":20.1},{"date":"2021-07-01","total_positives":624379,"total_asymptomatic":null,"perc_asymptomatic":79.9,"total_symptomatic":null,"perc_symptomatic":20.1},{"date":"2021-07-02","total_positives":625237,"total_asymptomatic":null,"perc_asymptomatic":79.9,"total_symptomatic":null,"perc_symptomatic":20.1},{"date":"2021-07-03","total_positives":626085,"total_asymptomatic":null,"perc_asymptomatic":79.8,"total_symptomatic":null,"perc_symptomatic":20.2},{"date":"2021-07-04","total_positives":626690,"total_asymptomatic":null,"perc_asymptomatic":79.9,"total_symptomatic":null,"perc_symptomatic":20.1},{"date":"2021-07-05","total_positives":627498,"total_asymptomatic":null,"perc_asymptomatic":79.8,"total_symptomatic":null,"perc_symptomatic":20.2},{"date":"2021-07-06","total_positives":628282,"total_asymptomatic":null,"perc_asymptomatic":79.8,"total_symptomatic":null,"perc_symptomatic":20.2},{"date":"2021-07-07","total_positives":629054,"total_asymptomatic":null,"perc_asymptomatic":79.8,"total_symptomatic":null,"perc_symptomatic":20.2},{"date":"2021-07-08","total_positives":629785,"total_asymptomatic":null,"perc_asymptomatic":79.8,"total_symptomatic":null,"perc_symptomatic":20.2},{"date":"2021-07-09","total_positives":630514,"total_asymptomatic":null,"perc_asymptomatic":79.8,"total_symptomatic":null,"perc_symptomatic":20.2},{"date":"2021-07-10","total_positives":631218,"total_asymptomatic":null,"perc_asymptomatic":79.8,"total_symptomatic":null,"perc_symptomatic":20.2},{"date":"2021-07-11","total_positives":631683,"total_asymptomatic":null,"perc_asymptomatic":79.9,"total_symptomatic":null,"perc_symptomatic":20.1},{"date":"2021-07-12","total_positives":632379,"total_asymptomatic":null,"perc_asymptomatic":79.8,"total_symptomatic":null,"perc_symptomatic":20.2},{"date":"2021-07-13","total_positives":633146,"total_asymptomatic":null,"perc_asymptomatic":79.9,"total_symptomatic":null,"perc_symptomatic":20.1},{"date":"2021-07-14","total_positives":633895,"total_asymptomatic":null,"perc_asymptomatic":79.9,"total_symptomatic":null,"perc_symptomatic":20.1},{"date":"2021-07-15","total_positives":634605,"total_asymptomatic":null,"perc_asymptomatic":79.8,"total_symptomatic":null,"perc_symptomatic":20.2},{"date":"2021-07-16","total_positives":635320,"total_asymptomatic":null,"perc_asymptomatic":79.9,"total_symptomatic":null,"perc_symptomatic":20.1},{"date":"2021-07-17","total_positives":636049,"total_asymptomatic":null,"perc_asymptomatic":79.8,"total_symptomatic":null,"perc_symptomatic":20.2},{"date":"2021-07-18","total_positives":636627,"total_asymptomatic":null,"perc_asymptomatic":79.9,"total_symptomatic":null,"perc_symptomatic":20.1},{"date":"2021-07-19","total_positives":637373,"total_asymptomatic":null,"perc_asymptomatic":79.8,"total_symptomatic":null,"perc_symptomatic":20.2},{"date":"2021-07-20","total_positives":638030,"total_asymptomatic":null,"perc_asymptomatic":79.9,"total_symptomatic":null,"perc_symptomatic":20.1},{"date":"2021-07-21","total_positives":638721,"total_asymptomatic":null,"perc_asymptomatic":79.9,"total_symptomatic":null,"perc_symptomatic":20.1},{"date":"2021-07-22","total_positives":639369,"total_asymptomatic":null,"perc_asymptomatic":79.8,"total_symptomatic":null,"perc_symptomatic":20.2},{"date":"2021-07-23","total_positives":640012,"total_asymptomatic":null,"perc_asymptomatic":79.7,"total_symptomatic":null,"perc_symptomatic":null},{"date":"2021-07-24","total_positives":640659,"total_asymptomatic":null,"perc_asymptomatic":79.8,"total_symptomatic":null,"perc_symptomatic":20.2},{"date":"2021-07-25","total_positives":641153,"total_asymptomatic":null,"perc_asymptomatic":79.9,"total_symptomatic":null,"perc_symptomatic":20.1},{"date":"2021-07-26","total_positives":641791,"total_asymptomatic":null,"perc_asymptomatic":79.8,"total_symptomatic":null,"perc_symptomatic":20.2},{"date":"2021-07-27","total_positives":642436,"total_asymptomatic":null,"perc_asymptomatic":79.9,"total_symptomatic":null,"perc_symptomatic":20.1},{"date":"2021-07-28","total_positives":643093,"total_asymptomatic":null,"perc_asymptomatic":79.8,"total_symptomatic":null,"perc_symptomatic":20.2},{"date":"2021-07-29","total_positives":643716,"total_asymptomatic":null,"perc_asymptomatic":79.9,"total_symptomatic":null,"perc_symptomatic":20.1},{"date":"2021-07-30","total_positives":644330,"total_asymptomatic":null,"perc_asymptomatic":79.8,"total_symptomatic":null,"perc_symptomatic":20.2},{"date":"2021-08-01","total_positives":645406,"total_asymptomatic":null,"perc_asymptomatic":79.8,"total_symptomatic":null,"perc_symptomatic":20.2},{"date":"2021-08-02","total_positives":645997,"total_asymptomatic":null,"perc_asymptomatic":79.9,"total_symptomatic":null,"perc_symptomatic":20.1},{"date":"2021-08-03","total_positives":646606,"total_asymptomatic":null,"perc_asymptomatic":79.8,"total_symptomatic":null,"perc_symptomatic":20.2},{"date":"2021-08-04","total_positives":647229,"total_asymptomatic":null,"perc_asymptomatic":79.9,"total_symptomatic":null,"perc_symptomatic":20.1},{"date":"2021-08-08","total_positives":649406,"total_asymptomatic":null,"perc_asymptomatic":79.7,"total_symptomatic":null,"perc_symptomatic":20.3},{"date":"2021-08-09","total_positives":649859,"total_asymptomatic":null,"perc_asymptomatic":79.9,"total_symptomatic":null,"perc_symptomatic":20.1},{"date":"2021-08-10","total_positives":650353,"total_asymptomatic":null,"perc_asymptomatic":79.8,"total_symptomatic":null,"perc_symptomatic":20.2},{"date":"2021-08-11","total_positives":650835,"total_asymptomatic":null,"perc_asymptomatic":79.8,"total_symptomatic":null,"perc_symptomatic":20.2},{"date":"2021-08-12","total_positives":651288,"total_asymptomatic":null,"perc_asymptomatic":79.9,"total_symptomatic":null,"perc_symptomatic":20.1},{"date":"2021-08-13","total_positives":651715,"total_asymptomatic":null,"perc_asymptomatic":79.8,"total_symptomatic":null,"perc_symptomatic":20.2},{"date":"2021-08-14","total_positives":652135,"total_asymptomatic":null,"perc_asymptomatic":79.8,"total_symptomatic":null,"perc_symptomatic":20.2},{"date":"2021-08-15","total_positives":652380,"total_asymptomatic":null,"perc_asymptomatic":79.9,"total_symptomatic":null,"perc_symptomatic":20.1},{"date":"2021-08-16","total_positives":652785,"total_asymptomatic":null,"perc_asymptomatic":79.8,"total_symptomatic":null,"perc_symptomatic":20.2},{"date":"2021-08-17","total_positives":653202,"total_asymptomatic":null,"perc_asymptomatic":79.9,"total_symptomatic":null,"perc_symptomatic":20.1},{"date":"2021-08-18","total_positives":653626,"total_asymptomatic":null,"perc_asymptomatic":79.8,"total_symptomatic":null,"perc_symptomatic":20.2},{"date":"2021-08-19","total_positives":654035,"total_asymptomatic":null,"perc_asymptomatic":79.9,"total_symptomatic":null,"perc_symptomatic":20.1},{"date":"2021-08-20","total_positives":654394,"total_asymptomatic":null,"perc_asymptomatic":79.8,"total_symptomatic":null,"perc_symptomatic":20.2},{"date":"2021-08-21","total_positives":654758,"total_asymptomatic":null,"perc_asymptomatic":79.9,"total_symptomatic":null,"perc_symptomatic":20.1},{"date":"2021-08-22","total_positives":654989,"total_asymptomatic":null,"perc_asymptomatic":79.8,"total_symptomatic":null,"perc_symptomatic":20.2},{"date":"2021-08-23","total_positives":655343,"total_asymptomatic":null,"perc_asymptomatic":79.9,"total_symptomatic":null,"perc_symptomatic":20.1},{"date":"2021-08-24","total_positives":655732,"total_asymptomatic":null,"perc_asymptomatic":79.9,"total_symptomatic":null,"perc_symptomatic":20.1},{"date":"2021-08-25","total_positives":656098,"total_asymptomatic":null,"perc_asymptomatic":79.8,"total_symptomatic":null,"perc_symptomatic":20.2},{"date":"2021-08-26","total_positives":656455,"total_asymptomatic":null,"perc_asymptomatic":79.9,"total_symptomatic":null,"perc_symptomatic":20.1},{"date":"2021-08-27","total_positives":656794,"total_asymptomatic":null,"perc_asymptomatic":79.8,"total_symptomatic":null,"perc_symptomatic":20.2},{"date":"2021-08-28","total_positives":657119,"total_asymptomatic":null,"perc_asymptomatic":79.8,"total_symptomatic":null,"perc_symptomatic":20.2},{"date":"2021-08-29","total_positives":657376,"total_asymptomatic":null,"perc_asymptomatic":79.9,"total_symptomatic":null,"perc_symptomatic":20.1},{"date":"2021-08-30","total_positives":657716,"total_asymptomatic":null,"perc_asymptomatic":79.8,"total_symptomatic":null,"perc_symptomatic":20.2},{"date":"2021-09-01","total_positives":658376,"total_asymptomatic":null,"perc_asymptomatic":79.8,"total_symptomatic":null,"perc_symptomatic":20.2},{"date":"2021-09-02","total_positives":658689,"total_asymptomatic":null,"perc_asymptomatic":79.9,"total_symptomatic":null,"perc_symptomatic":20.1},{"date":"2021-09-03","total_positives":659007,"total_asymptomatic":null,"perc_asymptomatic":79.8,"total_symptomatic":null,"perc_symptomatic":20.2},{"date":"2021-09-04","total_positives":659313,"total_asymptomatic":null,"perc_asymptomatic":79.8,"total_symptomatic":null,"perc_symptomatic":20.2},{"date":"2021-09-05","total_positives":659543,"total_asymptomatic":null,"perc_asymptomatic":79.9,"total_symptomatic":null,"perc_symptomatic":20.1},{"date":"2021-09-06","total_positives":659844,"total_asymptomatic":null,"perc_asymptomatic":79.8,"total_symptomatic":null,"perc_symptomatic":20.2},{"date":"2021-09-07","total_positives":660142,"total_asymptomatic":null,"perc_asymptomatic":79.9,"total_symptomatic":null,"perc_symptomatic":20.1},{"date":"2021-09-08","total_positives":660471,"total_asymptomatic":null,"perc_asymptomatic":79.8,"total_symptomatic":null,"perc_symptomatic":20.2},{"date":"2021-09-09","total_positives":660786,"total_asymptomatic":null,"perc_asymptomatic":79.9,"total_symptomatic":null,"perc_symptomatic":20.1},{"date":"2021-09-10","total_positives":661006,"total_asymptomatic":null,"perc_asymptomatic":79.8,"total_symptomatic":null,"perc_symptomatic":20.2},{"date":"2021-09-11","total_positives":661302,"total_asymptomatic":null,"perc_asymptomatic":79.9,"total_symptomatic":null,"perc_symptomatic":20.1},{"date":"2021-09-12","total_positives":661551,"total_asymptomatic":null,"perc_asymptomatic":79.8,"total_symptomatic":null,"perc_symptomatic":20.2},{"date":"2021-09-13","total_positives":661866,"total_asymptomatic":null,"perc_asymptomatic":79.9,"total_symptomatic":null,"perc_symptomatic":20.1},{"date":"2021-09-14","total_positives":662202,"total_asymptomatic":null,"perc_asymptomatic":79.8,"total_symptomatic":null,"perc_symptomatic":20.2},{"date":"2021-09-15","total_positives":662526,"total_asymptomatic":null,"perc_asymptomatic":79.9,"total_symptomatic":null,"perc_symptomatic":20.1},{"date":"2021-09-16","total_positives":662785,"total_asymptomatic":null,"perc_asymptomatic":79.8,"total_symptomatic":null,"perc_symptomatic":20.2},{"date":"2021-09-17","total_positives":662785,"total_asymptomatic":null,"perc_asymptomatic":79.8,"total_symptomatic":null,"perc_symptomatic":20.2},{"date":"2021-09-18","total_positives":663281,"total_asymptomatic":null,"perc_asymptomatic":79.8,"total_symptomatic":null,"perc_symptomatic":20.2},{"date":"2021-09-19","total_positives":663454,"total_asymptomatic":null,"perc_asymptomatic":79.9,"total_symptomatic":null,"perc_symptomatic":20.1},{"date":"2021-09-20","total_positives":663662,"total_asymptomatic":null,"perc_asymptomatic":79.8,"total_symptomatic":null,"perc_symptomatic":20.2},{"date":"2021-09-21","total_positives":663906,"total_asymptomatic":null,"perc_asymptomatic":79.9,"total_symptomatic":null,"perc_symptomatic":20.1},{"date":"2021-09-22","total_positives":664164,"total_asymptomatic":null,"perc_asymptomatic":79.9,"total_symptomatic":null,"perc_symptomatic":20.1},{"date":"2021-09-24","total_positives":664650,"total_asymptomatic":null,"perc_asymptomatic":79.9,"total_symptomatic":null,"perc_symptomatic":20.1},{"date":"2021-09-25","total_positives":664898,"total_asymptomatic":null,"perc_asymptomatic":79.9,"total_symptomatic":null,"perc_symptomatic":20.1},{"date":"2021-09-27","total_positives":665284,"total_asymptomatic":null,"perc_asymptomatic":79.8,"total_symptomatic":null,"perc_symptomatic":20.2},{"date":"2021-09-28","total_positives":665504,"total_asymptomatic":null,"perc_asymptomatic":79.9,"total_symptomatic":null,"perc_symptomatic":20.1},{"date":"2021-09-29","total_positives":665749,"total_asymptomatic":null,"perc_asymptomatic":79.9,"total_symptomatic":null,"perc_symptomatic":20.1},{"date":"2021-09-30","total_positives":665963,"total_asymptomatic":null,"perc_asymptomatic":79.9,"total_symptomatic":null,"perc_symptomatic":20.1},{"date":"2021-10-01","total_positives":666183,"total_asymptomatic":null,"perc_asymptomatic":79.8,"total_symptomatic":null,"perc_symptomatic":20.2},{"date":"2021-10-02","total_positives":666384,"total_asymptomatic":null,"perc_asymptomatic":79.8,"total_symptomatic":null,"perc_symptomatic":20.2},{"date":"2021-10-03","total_positives":666546,"total_asymptomatic":null,"perc_asymptomatic":79.9,"total_symptomatic":null,"perc_symptomatic":20.1},{"date":"2021-10-04","total_positives":666753,"total_asymptomatic":null,"perc_asymptomatic":79.8,"total_symptomatic":null,"perc_symptomatic":20.2},{"date":"2021-10-05","total_positives":666971,"total_asymptomatic":null,"perc_asymptomatic":79.9,"total_symptomatic":null,"perc_symptomatic":20.1},{"date":"2021-10-06","total_positives":667158,"total_asymptomatic":null,"perc_asymptomatic":79.9,"total_symptomatic":null,"perc_symptomatic":20.1},{"date":"2021-10-07","total_positives":667334,"total_asymptomatic":null,"perc_asymptomatic":79.8,"total_symptomatic":null,"perc_symptomatic":20.2},{"date":"2021-10-08","total_positives":667535,"total_asymptomatic":null,"perc_asymptomatic":79.9,"total_symptomatic":null,"perc_symptomatic":20.1},{"date":"2021-10-09","total_positives":667725,"total_asymptomatic":null,"perc_asymptomatic":79.8,"total_symptomatic":null,"perc_symptomatic":20.2},{"date":"2021-10-10","total_positives":667887,"total_asymptomatic":null,"perc_asymptomatic":79.9,"total_symptomatic":null,"perc_symptomatic":20.1},{"date":"2021-10-11","total_positives":668070,"total_asymptomatic":null,"perc_asymptomatic":79.9,"total_symptomatic":null,"perc_symptomatic":20.1},{"date":"2021-10-12","total_positives":668266,"total_asymptomatic":null,"perc_asymptomatic":79.8,"total_symptomatic":null,"perc_symptomatic":20.2},{"date":"2021-10-13","total_positives":668450,"total_asymptomatic":null,"perc_asymptomatic":79.7,"total_symptomatic":null,"perc_symptomatic":20.3},{"date":"2021-10-14","total_positives":668618,"total_asymptomatic":null,"perc_asymptomatic":79.8,"total_symptomatic":null,"perc_symptomatic":20.2},{"date":"2021-10-15","total_positives":668722,"total_asymptomatic":null,"perc_asymptomatic":79.9,"total_symptomatic":null,"perc_symptomatic":20.1},{"date":"2021-10-16","total_positives":668833,"total_asymptomatic":null,"perc_asymptomatic":79.9,"total_symptomatic":null,"perc_symptomatic":20.1},{"date":"2021-10-17","total_positives":668955,"total_asymptomatic":null,"perc_asymptomatic":79.9,"total_symptomatic":null,"perc_symptomatic":20.1},{"date":"2021-10-19","total_positives":669365,"total_asymptomatic":null,"perc_asymptomatic":79.9,"total_symptomatic":null,"perc_symptomatic":20.1},{"date":"2021-10-20","total_positives":669556,"total_asymptomatic":null,"perc_asymptomatic":79.8,"total_symptomatic":null,"perc_symptomatic":20.2},{"date":"2021-10-21","total_positives":669739,"total_asymptomatic":null,"perc_asymptomatic":79.8,"total_symptomatic":null,"perc_symptomatic":20.2},{"date":"2021-10-22","total_positives":669932,"total_asymptomatic":null,"perc_asymptomatic":79.9,"total_symptomatic":null,"perc_symptomatic":20.1},{"date":"2021-10-23","total_positives":670139,"total_asymptomatic":null,"perc_asymptomatic":79.8,"total_symptomatic":null,"perc_symptomatic":20.2},{"date":"2021-10-25","total_positives":670453,"total_asymptomatic":null,"perc_asymptomatic":79.9,"total_symptomatic":null,"perc_symptomatic":20.1},{"date":"2021-10-26","total_positives":670643,"total_asymptomatic":null,"perc_asymptomatic":79.9,"total_symptomatic":null,"perc_symptomatic":20.1},{"date":"2021-10-27","total_positives":670829,"total_asymptomatic":null,"perc_asymptomatic":79.8,"total_symptomatic":null,"perc_symptomatic":20.2},{"date":"2021-10-28","total_positives":671000,"total_asymptomatic":null,"perc_asymptomatic":79.9,"total_symptomatic":null,"perc_symptomatic":20.1},{"date":"2021-11-13","total_positives":673469,"total_asymptomatic":null,"perc_asymptomatic":79.8,"total_symptomatic":null,"perc_symptomatic":20.2},{"date":"2021-11-14","total_positives":673574,"total_asymptomatic":null,"perc_asymptomatic":79.8,"total_symptomatic":null,"perc_symptomatic":20.2},{"date":"2021-11-15","total_positives":673722,"total_asymptomatic":null,"perc_asymptomatic":79.8,"total_symptomatic":null,"perc_symptomatic":20.2},{"date":"2021-11-16","total_positives":673889,"total_asymptomatic":null,"perc_asymptomatic":79.8,"total_symptomatic":null,"perc_symptomatic":20.2},{"date":"2021-11-18","total_positives":674181,"total_asymptomatic":null,"perc_asymptomatic":79.7,"total_symptomatic":null,"perc_symptomatic":20.3},{"date":"2021-11-19","total_positives":674318,"total_asymptomatic":null,"perc_asymptomatic":79.8,"total_symptomatic":null,"perc_symptomatic":20.2},{"date":"2021-11-20","total_positives":674452,"total_asymptomatic":null,"perc_asymptomatic":79.9,"total_symptomatic":null,"perc_symptomatic":20.1},{"date":"2021-11-21","total_positives":674555,"total_asymptomatic":null,"perc_asymptomatic":79.8,"total_symptomatic":null,"perc_symptomatic":20.2},{"date":"2021-11-22","total_positives":674692,"total_asymptomatic":null,"perc_asymptomatic":79.9,"total_symptomatic":null,"perc_symptomatic":20.1},{"date":"2021-11-23","total_positives":674845,"total_asymptomatic":null,"perc_asymptomatic":79.8,"total_symptomatic":null,"perc_symptomatic":20.2},{"date":"2021-11-24","total_positives":675001,"total_asymptomatic":null,"perc_asymptomatic":79.7,"total_symptomatic":null,"perc_symptomatic":20.3},{"date":"2021-11-25","total_positives":675148,"total_asymptomatic":null,"perc_asymptomatic":79.7,"total_symptomatic":null,"perc_symptomatic":20.3},{"date":"2021-11-26","total_positives":675319,"total_asymptomatic":null,"perc_asymptomatic":79.8,"total_symptomatic":null,"perc_symptomatic":20.2},{"date":"2021-11-27","total_positives":675479,"total_asymptomatic":null,"perc_asymptomatic":79.8,"total_symptomatic":null,"perc_symptomatic":20.2},{"date":"2021-11-28","total_positives":675614,"total_asymptomatic":null,"perc_asymptomatic":79.8,"total_symptomatic":null,"perc_symptomatic":20.2},{"date":"2021-11-29","total_positives":675798,"total_asymptomatic":null,"perc_asymptomatic":79.9,"total_symptomatic":null,"perc_symptomatic":20.1},{"date":"2021-12-01","total_positives":676187,"total_asymptomatic":null,"perc_asymptomatic":79.9,"total_symptomatic":null,"perc_symptomatic":20.1},{"date":"2021-12-02","total_positives":676376,"total_asymptomatic":null,"perc_asymptomatic":79.9,"total_symptomatic":null,"perc_symptomatic":20.1}]