[{"date":"2020-07-07","district":"gurdaspur","containment":"ward no.10 dera baba nanak","population_contained":2607},{"date":"2020-07-07","district":"jalandhar","containment":"bhargo camp","population_contained":1240},{"date":"2020-07-07","district":"jalandhar","containment":"fatehpuri","population_contained":130},{"date":"2020-07-07","district":"ludhiana","containment":"ashok nagar","population_contained":775},{"date":"2020-07-07","district":"ludhiana","containment":"habibganj sehnsi mohalla","population_contained":10233},{"date":"2020-07-07","district":"mohali","containment":"fedral behra derrabassi","population_contained":450},{"date":"2020-07-07","district":"sangrur","containment":"malerkotla","population_contained":2708},{"date":"2020-07-08","district":"gurdaspur","containment":"ward no.10 dera baba nanak","population_contained":2607},{"date":"2020-07-08","district":"jalandhar","containment":"bhargo camp","population_contained":1240},{"date":"2020-07-08","district":"jalandhar","containment":"fatehpuri","population_contained":130},{"date":"2020-07-08","district":"ludhiana","containment":"ashok nagar","population_contained":775},{"date":"2020-07-08","district":"ludhiana","containment":"habibganj sehnsi mohalla","population_contained":10233},{"date":"2020-07-08","district":"mohali","containment":"fedral behra derrabassi","population_contained":450},{"date":"2020-07-08","district":"sangrur","containment":"malerkotla","population_contained":2708},{"date":"2020-07-09","district":"gurdaspur","containment":"fedral behra derrabassi","population_contained":450},{"date":"2020-07-09","district":"gurdaspur","containment":"ward no.10 dera baba nanak","population_contained":2607},{"date":"2020-07-09","district":"jalandhar","containment":"bhargo camp","population_contained":1240},{"date":"2020-07-09","district":"jalandhar","containment":"fatehpuri","population_contained":176},{"date":"2020-07-09","district":"jalandhar","containment":"makhdoompura","population_contained":348},{"date":"2020-07-09","district":"ludhiana","containment":"ashok nagar","population_contained":775},{"date":"2020-07-09","district":"ludhiana","containment":"habibganj sehnsi mohalla","population_contained":10233},{"date":"2020-07-09","district":"sangrur","containment":"malerkotla","population_contained":2708},{"date":"2020-07-10","district":"gurdaspur","containment":"dera baba nanak","population_contained":2607},{"date":"2020-07-10","district":"gurdaspur","containment":"fedral behra derrabassi","population_contained":3200},{"date":"2020-07-10","district":"jalandhar","containment":"bhargo camp","population_contained":1240},{"date":"2020-07-10","district":"jalandhar","containment":"fatehpuri","population_contained":176},{"date":"2020-07-10","district":"jalandhar","containment":"makhdoompura","population_contained":348},{"date":"2020-07-10","district":"ludhiana","containment":"ashok nagar","population_contained":775},{"date":"2020-07-10","district":"ludhiana","containment":"habibganj sehnsi mohalla","population_contained":10233},{"date":"2020-07-10","district":"sangrur","containment":"malerkotla","population_contained":2708},{"date":"2020-07-11","district":"gurdaspur","containment":"dera baba nanak","population_contained":2607},{"date":"2020-07-11","district":"jalandhar","containment":"bhargo camp","population_contained":1240},{"date":"2020-07-11","district":"jalandhar","containment":"fatehpuri","population_contained":325},{"date":"2020-07-11","district":"jalandhar","containment":"makhdoompura","population_contained":360},{"date":"2020-07-11","district":"ludhiana","containment":"ashok nagar","population_contained":775},{"date":"2020-07-11","district":"ludhiana","containment":"habibganj sehnsi mohalla","population_contained":10233},{"date":"2020-07-11","district":"mohali","containment":"fedral behra derrabassi","population_contained":3200},{"date":"2020-07-11","district":"sbs nagar","containment":"jain street, rahon","population_contained":108},{"date":"2020-07-12","district":"gurdaspur","containment":"dera baba nanak, ward no6.9.10.11","population_contained":2607},{"date":"2020-07-12","district":"jalandhar","containment":"bhargo camp","population_contained":1240},{"date":"2020-07-12","district":"jalandhar","containment":"fatehpuri","population_contained":325},{"date":"2020-07-12","district":"jalandhar","containment":"makhdoompura","population_contained":360},{"date":"2020-07-12","district":"ludhiana","containment":"ashok nagar","population_contained":775},{"date":"2020-07-12","district":"mohali","containment":"fedral behra derrabassi","population_contained":3200},{"date":"2020-07-12","district":"sbs nagar","containment":"jain street, rahon","population_contained":108},{"date":"2020-07-13","district":"gurdaspur","containment":"dera baba nanak, ward no6.9.10.11","population_contained":2607},{"date":"2020-07-13","district":"jalandhar","containment":"bhargo camp","population_contained":1240},{"date":"2020-07-13","district":"jalandhar","containment":"fatehpuri","population_contained":325},{"date":"2020-07-13","district":"jalandhar","containment":"makhdoompura","population_contained":360},{"date":"2020-07-13","district":"ludhiana","containment":"ashok nagar","population_contained":775},{"date":"2020-07-13","district":"mohali","containment":"fedral behra derrabassi","population_contained":3200},{"date":"2020-07-13","district":"patiala","containment":"top khana mod patiala","population_contained":2824},{"date":"2020-07-13","district":"sbs nagar","containment":"jain street, rahon","population_contained":108},{"date":"2020-07-14","district":"gurdaspur","containment":"dera baba nanak, ward no6.9.10.11","population_contained":2607},{"date":"2020-07-14","district":"jalandhar","containment":"fatehpuri","population_contained":325},{"date":"2020-07-14","district":"jalandhar","containment":"makhdoompura","population_contained":376},{"date":"2020-07-14","district":"ludhiana","containment":"ashok nagar","population_contained":3030},{"date":"2020-07-14","district":"mohali","containment":"fedral behra derrabassi","population_contained":3200},{"date":"2020-07-14","district":"patiala","containment":"top khana mod patiala","population_contained":2824},{"date":"2020-07-14","district":"sbs nagar","containment":"jain street, rahon","population_contained":108},{"date":"2020-07-15","district":"gurdaspur","containment":"dera baba nanak, ward no6.9.10.11","population_contained":2607},{"date":"2020-07-15","district":"jalandhar","containment":"fatehpuri","population_contained":325},{"date":"2020-07-15","district":"jalandhar","containment":"makhdoompura","population_contained":376},{"date":"2020-07-15","district":"ludhiana","containment":"ashok nagar, salem tabri 95","population_contained":3030},{"date":"2020-07-15","district":"mohali","containment":"fedral behra derrabassi","population_contained":3200},{"date":"2020-07-15","district":"patiala","containment":"top khana mod patiala","population_contained":2824},{"date":"2020-07-15","district":"sbs nagar","containment":"jain street, rahon","population_contained":108},{"date":"2020-07-16","district":"gurdaspur","containment":"dera baba nanak, ward no6.9.10.11","population_contained":2607},{"date":"2020-07-16","district":"jalandhar","containment":"fatehpur","population_contained":325},{"date":"2020-07-16","district":"jalandhar","containment":"makhdoompura","population_contained":572},{"date":"2020-07-16","district":"ludhiana","containment":"ashok nagar, salem tabri 95","population_contained":3030},{"date":"2020-07-16","district":"mohali","containment":"fedral behra derrabassi","population_contained":3200},{"date":"2020-07-16","district":"patiala","containment":"top khana mod patiala","population_contained":2824},{"date":"2020-07-16","district":"sbs nagar","containment":"jain street, rahon","population_contained":108},{"date":"2020-07-17","district":"ferozepur","containment":"talwandi bhai","population_contained":11305},{"date":"2020-07-17","district":"gurdaspur","containment":"dera baba nanak, ward no6.9.10.11","population_contained":2607},{"date":"2020-07-17","district":"jalandhar","containment":"fatehpur","population_contained":325},{"date":"2020-07-17","district":"jalandhar","containment":"makhdoompura","population_contained":572},{"date":"2020-07-17","district":"ludhiana","containment":"ashok nagar, salem tabri 95","population_contained":3030},{"date":"2020-07-17","district":"patiala","containment":"top khana mod patiala","population_contained":2824},{"date":"2020-07-17","district":"sbs nagar","containment":"jain street, rahon","population_contained":108},{"date":"2020-07-18","district":"ferozepur","containment":"talwandi bhai","population_contained":11305},{"date":"2020-07-18","district":"gurdaspur","containment":"dera baba nanak, ward no6.9.10.11","population_contained":2607},{"date":"2020-07-18","district":"hoshiarpur","containment":"bsf camp kharkan block harta badla","population_contained":1755},{"date":"2020-07-18","district":"jalandhar","containment":"bhoor mandi","population_contained":280},{"date":"2020-07-18","district":"jalandhar","containment":"fatehpur","population_contained":325},{"date":"2020-07-18","district":"jalandhar","containment":"makhdoompura","population_contained":572},{"date":"2020-07-18","district":"ludhiana","containment":"ashok nagar, salem tabri 95","population_contained":3030},{"date":"2020-07-18","district":"patiala","containment":"top khana mod patiala","population_contained":2824},{"date":"2020-07-18","district":"sbs nagar","containment":"jain street, rahon","population_contained":108},{"date":"2020-07-19","district":"ferozepur","containment":"talwandi bhai","population_contained":11305},{"date":"2020-07-19","district":"gurdaspur","containment":"dera baba nanak, ward no6.9.10.11","population_contained":2607},{"date":"2020-07-19","district":"hoshiarpur","containment":"bsf camp kharkan block harta badla","population_contained":1755},{"date":"2020-07-19","district":"jalandhar","containment":"bhoor mandi","population_contained":280},{"date":"2020-07-19","district":"jalandhar","containment":"fatehpur","population_contained":325},{"date":"2020-07-19","district":"jalandhar","containment":"makhdoompura","population_contained":572},{"date":"2020-07-19","district":"ludhiana","containment":"ashok nagar, salem tabri 95","population_contained":3030},{"date":"2020-07-19","district":"patiala","containment":"top khana mod patiala","population_contained":2824},{"date":"2020-07-19","district":"sbs nagar","containment":"jain street, rahon","population_contained":108},{"date":"2020-07-20","district":"ferozepur","containment":"talwandi bhai","population_contained":11305},{"date":"2020-07-20","district":"gurdaspur","containment":"dera baba nanak, ward no6.9.10.11","population_contained":2607},{"date":"2020-07-20","district":"hoshiarpur","containment":"bsf camp kharkan block harta badla","population_contained":1755},{"date":"2020-07-20","district":"jalandhar","containment":"bhoor mandi","population_contained":280},{"date":"2020-07-20","district":"jalandhar","containment":"makhdoompura","population_contained":572},{"date":"2020-07-20","district":"patiala","containment":"top khana mod patiala","population_contained":2824},{"date":"2020-07-20","district":"sbs nagar","containment":"jain street, rahon","population_contained":108},{"date":"2020-07-21","district":"ferozepur","containment":"talwandi bhai","population_contained":11305},{"date":"2020-07-21","district":"hoshiarpur","containment":"bsf camp kharkan block harta badla","population_contained":1755},{"date":"2020-07-21","district":"jalandhar","containment":"bhoor mandi","population_contained":280},{"date":"2020-07-21","district":"jalandhar","containment":"makhdoompura","population_contained":572},{"date":"2020-07-21","district":"patiala","containment":"top khana mod patiala","population_contained":2824},{"date":"2020-07-21","district":"sbs nagar","containment":"jain street, rahon","population_contained":108},{"date":"2020-07-22","district":"ferozepur","containment":"talwandi bhai","population_contained":11305},{"date":"2020-07-22","district":"hoshiarpur","containment":"bsf camp kharkan block harta badla","population_contained":1755},{"date":"2020-07-22","district":"jalandhar","containment":"bhoor mandi","population_contained":280},{"date":"2020-07-22","district":"jalandhar","containment":"makhdoompura","population_contained":572},{"date":"2020-07-22","district":"mohali","containment":"sgsh sohana","population_contained":99},{"date":"2020-07-22","district":"patiala","containment":"top khana mod patiala","population_contained":2824},{"date":"2020-07-22","district":"sbs nagar","containment":"jain street, rahon","population_contained":108},{"date":"2020-07-23","district":"ferozepur","containment":"talwandi bhai","population_contained":11305},{"date":"2020-07-23","district":"hoshiarpur","containment":"bsf camp kharkan block harta badla","population_contained":1755},{"date":"2020-07-23","district":"jalandhar","containment":"bhoor mandi","population_contained":280},{"date":"2020-07-23","district":"jalandhar","containment":"makhdoompura","population_contained":572},{"date":"2020-07-23","district":"mohali","containment":"sgsh sohana","population_contained":99},{"date":"2020-07-23","district":"patiala","containment":"top khana mod patiala","population_contained":2824},{"date":"2020-07-23","district":"sbs nagar","containment":"jain street, rahon","population_contained":108},{"date":"2020-07-24","district":"ferozepur","containment":"talwandi bhai","population_contained":11305},{"date":"2020-07-24","district":"hoshiarpur","containment":"bsf camp kharkan block harta badla","population_contained":1755},{"date":"2020-07-24","district":"jalandhar","containment":"bhoor mandi","population_contained":280},{"date":"2020-07-24","district":"jalandhar","containment":"makhdoompura","population_contained":572},{"date":"2020-07-24","district":"mohali","containment":"sgsh sohana","population_contained":90},{"date":"2020-07-24","district":"patiala","containment":"top khana mod patiala","population_contained":2824},{"date":"2020-07-24","district":"sbs nagar","containment":"jain street, rahon","population_contained":108},{"date":"2020-07-25","district":"hoshiarpur","containment":"bsf camp kharkan block harta badla","population_contained":1755},{"date":"2020-07-25","district":"jalandhar","containment":"bhoor mandi","population_contained":280},{"date":"2020-07-25","district":"jalandhar","containment":"makhdoompura","population_contained":572},{"date":"2020-07-25","district":"mohali","containment":"sgsh sohana","population_contained":90},{"date":"2020-07-25","district":"sbs nagar","containment":"jain street, rahon","population_contained":108},{"date":"2020-07-26","district":"hoshiarpur","containment":"bsf camp kharkan block harta badla","population_contained":1755},{"date":"2020-07-26","district":"jalandhar","containment":"bhoor mandi","population_contained":280},{"date":"2020-07-26","district":"jalandhar","containment":"makhdoompura","population_contained":572},{"date":"2020-07-26","district":"mohali","containment":"sgsh sohana","population_contained":90},{"date":"2020-07-26","district":"sbs nagar","containment":"jain street, rahon","population_contained":108},{"date":"2020-07-30","district":"bathinda","containment":"nathana","population_contained":3817},{"date":"2020-07-30","district":"hoshiarpur","containment":"bsf camp kharkan block harta badla","population_contained":1018},{"date":"2020-07-30","district":"jalandhar","containment":"bhoor mandi","population_contained":280},{"date":"2020-07-30","district":"pathankot","containment":"sundernagar ptk","population_contained":581},{"date":"2020-07-31","district":"bathinda","containment":"nathana","population_contained":3817},{"date":"2020-07-31","district":"hoshiarpur","containment":"bsf camp kharkan block harta badla","population_contained":1018},{"date":"2020-07-31","district":"jalandhar","containment":"bhoor mandi","population_contained":280},{"date":"2020-07-31","district":"pathankot","containment":"sundernagar ptk","population_contained":581},{"date":"2020-08-01","district":"bathinda","containment":"nathana","population_contained":3817},{"date":"2020-08-01","district":"hoshiarpur","containment":"bsf camp kharkan block harta badla","population_contained":1018},{"date":"2020-08-01","district":"jalandhar","containment":"bhoor mandi","population_contained":280},{"date":"2020-08-01","district":"pathankot","containment":"sundernagar ptk","population_contained":581},{"date":"2020-08-02","district":"bathinda","containment":"nathana","population_contained":3817},{"date":"2020-08-02","district":"hoshiarpur","containment":"bsf camp kharkan block harta badla","population_contained":1018},{"date":"2020-08-02","district":"jalandhar","containment":"bhoor mandi","population_contained":280},{"date":"2020-08-02","district":"pathankot","containment":"sundernagar ptk","population_contained":581},{"date":"2020-08-03","district":"bathinda","containment":"nathana","population_contained":3817},{"date":"2020-08-03","district":"hoshiarpur","containment":"bsf camp kharkan block harta badla","population_contained":1018},{"date":"2020-08-03","district":"jalandhar","containment":"bhoor mandi","population_contained":280},{"date":"2020-08-03","district":"jalandhar","containment":"new hargobind","population_contained":527},{"date":"2020-08-03","district":"pathankot","containment":"sundernagar ptk","population_contained":581},{"date":"2020-08-04","district":"bathinda","containment":"nathana","population_contained":3817},{"date":"2020-08-04","district":"hoshiarpur","containment":"bsf camp kharkan block harta badla","population_contained":1018},{"date":"2020-08-04","district":"jalandhar","containment":"bhoor mandi","population_contained":280},{"date":"2020-08-04","district":"jalandhar","containment":"new hargobind","population_contained":527},{"date":"2020-08-04","district":"pathankot","containment":"prem nagar","population_contained":300},{"date":"2020-08-04","district":"pathankot","containment":"sundernagar ptk","population_contained":581},{"date":"2020-08-05","district":"bathinda","containment":"nathana","population_contained":3817},{"date":"2020-08-05","district":"hoshiarpur","containment":"bsf camp kharkan block harta badla","population_contained":1018},{"date":"2020-08-05","district":"jalandhar","containment":"bhoor mandi","population_contained":280},{"date":"2020-08-05","district":"jalandhar","containment":"new hargobind","population_contained":527},{"date":"2020-08-05","district":"pathankot","containment":"prem nagar","population_contained":300},{"date":"2020-08-05","district":"pathankot","containment":"sundernagar ptk","population_contained":581},{"date":"2020-08-06","district":"bathinda","containment":"nathana","population_contained":3817},{"date":"2020-08-06","district":"hoshiarpur","containment":"bsf camp kharkan block harta badla","population_contained":1018},{"date":"2020-08-06","district":"jalandhar","containment":"bhoor mandi","population_contained":312},{"date":"2020-08-06","district":"jalandhar","containment":"new hargobind","population_contained":527},{"date":"2020-08-06","district":"jalandhar","containment":"shakti nagar","population_contained":541},{"date":"2020-08-06","district":"pathankot","containment":"prem nagar","population_contained":300},{"date":"2020-08-06","district":"pathankot","containment":"sundernagar ptk","population_contained":581},{"date":"2020-08-07","district":"bathinda","containment":"nathana","population_contained":3817},{"date":"2020-08-07","district":"hoshiarpur","containment":"bsf camp kharkan block harta badla","population_contained":1018},{"date":"2020-08-07","district":"jalandhar","containment":"shakti nagar","population_contained":541},{"date":"2020-08-07","district":"pathankot","containment":"prem nagar","population_contained":300},{"date":"2020-08-08","district":"bathinda","containment":"nathana","population_contained":3817},{"date":"2020-08-08","district":"hoshiarpur","containment":"bsf camp kharkan block harta badla","population_contained":1018},{"date":"2020-08-08","district":"jalandhar","containment":"shakti nagar","population_contained":541},{"date":"2020-08-08","district":"pathankot","containment":"prem nagar","population_contained":300},{"date":"2020-08-09","district":"amritsar","containment":"sharifpura","population_contained":6502},{"date":"2020-08-09","district":"bathinda","containment":"nathana","population_contained":3817},{"date":"2020-08-09","district":"hoshiarpur","containment":"bsf camp kharkan block harta badla","population_contained":1018},{"date":"2020-08-09","district":"jalandhar","containment":"shakti nagar","population_contained":541},{"date":"2020-08-09","district":"pathankot","containment":"prem nagar","population_contained":300},{"date":"2020-08-09","district":"pathankot","containment":"shiv nagar","population_contained":220},{"date":"2020-08-10","district":"amritsar","containment":"sharifpura","population_contained":6502},{"date":"2020-08-10","district":"hoshiarpur","containment":"bsf camp kharkan block harta badla","population_contained":1018},{"date":"2020-08-10","district":"jalandhar","containment":"shakti nagar","population_contained":541},{"date":"2020-08-10","district":"pathankot","containment":"prem nagar","population_contained":300},{"date":"2020-08-10","district":"pathankot","containment":"shiv nagar","population_contained":220},{"date":"2020-08-11","district":"amritsar","containment":"bsf khasa","population_contained":2500},{"date":"2020-08-11","district":"amritsar","containment":"sharifpura","population_contained":6502},{"date":"2020-08-11","district":"ferozepur","containment":"alle ke & pioneer colony","population_contained":1328},{"date":"2020-08-11","district":"hoshiarpur","containment":"bsf camp kharkan block harta badla","population_contained":1018},{"date":"2020-08-11","district":"jalandhar","containment":"shakti nagar","population_contained":541},{"date":"2020-08-11","district":"pathankot","containment":"preet nagar","population_contained":122},{"date":"2020-08-11","district":"pathankot","containment":"prem nagar","population_contained":300},{"date":"2020-08-11","district":"pathankot","containment":"shiv nagar","population_contained":220},{"date":"2020-08-11","district":"patiala","containment":"peeli sarhak, ragho majra","population_contained":118},{"date":"2020-08-12","district":"amritsar","containment":"bsf khasa","population_contained":2500},{"date":"2020-08-12","district":"amritsar","containment":"sharifpura","population_contained":6502},{"date":"2020-08-12","district":"ferozepur","containment":"alle ke & pioneer colony","population_contained":1328},{"date":"2020-08-12","district":"hoshiarpur","containment":"bsf camp kharkan block harta badla","population_contained":1018},{"date":"2020-08-12","district":"jalandhar","containment":"shakti nagar","population_contained":541},{"date":"2020-08-12","district":"pathankot","containment":"preet nagar","population_contained":122},{"date":"2020-08-12","district":"pathankot","containment":"prem nagar","population_contained":300},{"date":"2020-08-12","district":"pathankot","containment":"shiv nagar","population_contained":220},{"date":"2020-08-12","district":"patiala","containment":"peeli sarhak, ragho majra","population_contained":118},{"date":"2020-08-13","district":"amritsar","containment":"bsf khasa","population_contained":2500},{"date":"2020-08-13","district":"amritsar","containment":"sharifpura","population_contained":6502},{"date":"2020-08-13","district":"fatehgarh sahib","containment":"surjit nagar mgg","population_contained":457},{"date":"2020-08-13","district":"fatehgarh sahib","containment":"tewana feed rurki","population_contained":55},{"date":"2020-08-13","district":"ferozepur","containment":"alle ke & pioneer colony","population_contained":1328},{"date":"2020-08-13","district":"jalandhar","containment":"shakti nagar","population_contained":541},{"date":"2020-08-13","district":"jalandhar","containment":"tel wali gali","population_contained":235},{"date":"2020-08-13","district":"pathankot","containment":"prem nagar","population_contained":300},{"date":"2020-08-13","district":"patiala","containment":"peeli sarhak, ragho majra","population_contained":476},{"date":"2020-08-14","district":"amritsar","containment":"bsf khasa","population_contained":2500},{"date":"2020-08-14","district":"amritsar","containment":"sharifpura","population_contained":6502},{"date":"2020-08-14","district":"fatehgarh sahib","containment":"surjit nagar mgg","population_contained":457},{"date":"2020-08-14","district":"fatehgarh sahib","containment":"tewana feed rurki","population_contained":55},{"date":"2020-08-14","district":"ferozepur","containment":"alle ke & pioneer colony","population_contained":1328},{"date":"2020-08-14","district":"jalandhar","containment":"shakti nagar","population_contained":541},{"date":"2020-08-14","district":"jalandhar","containment":"tel wali gali","population_contained":235},{"date":"2020-08-14","district":"pathankot","containment":"prem nagar","population_contained":300},{"date":"2020-08-14","district":"pathankot","containment":"sarif chack","population_contained":210},{"date":"2020-08-14","district":"patiala","containment":"peeli sarhak, ragho majra","population_contained":476},{"date":"2020-08-15","district":"amritsar","containment":"bsf khasa","population_contained":2500},{"date":"2020-08-15","district":"amritsar","containment":"sharifpura","population_contained":6502},{"date":"2020-08-15","district":"fatehgarh sahib","containment":"surjit nagar mgg","population_contained":457},{"date":"2020-08-15","district":"fatehgarh sahib","containment":"tewana feed rurki","population_contained":55},{"date":"2020-08-15","district":"ferozepur","containment":"alle ke & pioneer colony","population_contained":1328},{"date":"2020-08-15","district":"jalandhar","containment":"shakti nagar","population_contained":541},{"date":"2020-08-15","district":"jalandhar","containment":"tel wali gali","population_contained":235},{"date":"2020-08-15","district":"pathankot","containment":"prem nagar","population_contained":300},{"date":"2020-08-15","district":"pathankot","containment":"sarif chack","population_contained":210},{"date":"2020-08-15","district":"patiala","containment":"peeli sarhak, ragho majra","population_contained":476},{"date":"2020-08-16","district":"amritsar","containment":"bsf khasa","population_contained":2500},{"date":"2020-08-16","district":"amritsar","containment":"sharifpura","population_contained":6502},{"date":"2020-08-16","district":"fatehgarh sahib","containment":"surjit nagar mgg","population_contained":457},{"date":"2020-08-16","district":"fatehgarh sahib","containment":"tewana feed rurki","population_contained":55},{"date":"2020-08-16","district":"ferozepur","containment":"alle ke & pioneer colony","population_contained":1328},{"date":"2020-08-16","district":"jalandhar","containment":"shakti nagar","population_contained":541},{"date":"2020-08-16","district":"jalandhar","containment":"tel wali gali","population_contained":235},{"date":"2020-08-16","district":"pathankot","containment":"kartholi nagar","population_contained":250},{"date":"2020-08-16","district":"pathankot","containment":"sarif chack","population_contained":210},{"date":"2020-08-16","district":"patiala","containment":"peeli sarhak, ragho majra","population_contained":476},{"date":"2020-08-17","district":"amritsar","containment":"bsf khasa","population_contained":2500},{"date":"2020-08-17","district":"amritsar","containment":"sharifpura","population_contained":6502},{"date":"2020-08-17","district":"fatehgarh sahib","containment":"surjit nagar mgg","population_contained":457},{"date":"2020-08-17","district":"fatehgarh sahib","containment":"tewana feed rurki","population_contained":55},{"date":"2020-08-17","district":"ferozepur","containment":"alle ke & pioneer colony","population_contained":1328},{"date":"2020-08-17","district":"jalandhar","containment":"shakti nagar","population_contained":541},{"date":"2020-08-17","district":"jalandhar","containment":"tel wali gali","population_contained":235},{"date":"2020-08-17","district":"ludhiana","containment":"heavenly palace doraha","population_contained":582},{"date":"2020-08-17","district":"ludhiana","containment":"salempura","population_contained":820},{"date":"2020-08-17","district":"pathankot","containment":"kartholi nagar","population_contained":250},{"date":"2020-08-17","district":"pathankot","containment":"sarif chack","population_contained":210},{"date":"2020-08-17","district":"patiala","containment":"peeli sarhak, ragho majra","population_contained":476},{"date":"2020-08-18","district":"amritsar","containment":"bsf khasa","population_contained":2500},{"date":"2020-08-18","district":"amritsar","containment":"sharifpura","population_contained":6502},{"date":"2020-08-18","district":"fatehgarh sahib","containment":"surjit nagar mgg","population_contained":457},{"date":"2020-08-18","district":"fatehgarh sahib","containment":"tewana feed rurki","population_contained":55},{"date":"2020-08-18","district":"gurdaspur","containment":"ward no8 fatehgarh churian","population_contained":1356},{"date":"2020-08-18","district":"jalandhar","containment":"adarsh nagar","population_contained":104},{"date":"2020-08-18","district":"jalandhar","containment":"santoshi nagar","population_contained":152},{"date":"2020-08-18","district":"jalandhar","containment":"shekha bazaar","population_contained":80},{"date":"2020-08-18","district":"jalandhar","containment":"tel wali gali","population_contained":235},{"date":"2020-08-18","district":"jalandhar","containment":"village - sarin, nakodar","population_contained":903},{"date":"2020-08-18","district":"ludhiana","containment":"heavenly palace doraha","population_contained":582},{"date":"2020-08-18","district":"ludhiana","containment":"salempura","population_contained":820},{"date":"2020-08-18","district":"pathankot","containment":"kartholi nagar","population_contained":250},{"date":"2020-08-18","district":"pathankot","containment":"sarif chack","population_contained":210},{"date":"2020-08-18","district":"patiala","containment":"peeli sarhak, ragho majra","population_contained":476},{"date":"2020-08-19","district":"amritsar","containment":"bsf khasa","population_contained":2500},{"date":"2020-08-19","district":"amritsar","containment":"sharifpura","population_contained":6502},{"date":"2020-08-19","district":"fatehgarh sahib","containment":"surjit nagar mgg","population_contained":457},{"date":"2020-08-19","district":"fatehgarh sahib","containment":"tewana feed rurki","population_contained":55},{"date":"2020-08-19","district":"gurdaspur","containment":"ward no8 fatehgarh churian","population_contained":1356},{"date":"2020-08-19","district":"jalandhar","containment":"adarsh nagar","population_contained":104},{"date":"2020-08-19","district":"jalandhar","containment":"santoshi nagar","population_contained":152},{"date":"2020-08-19","district":"jalandhar","containment":"shekha bazaar","population_contained":80},{"date":"2020-08-19","district":"jalandhar","containment":"tel wali gali","population_contained":235},{"date":"2020-08-19","district":"jalandhar","containment":"village - sarin, nakodar","population_contained":903},{"date":"2020-08-19","district":"ludhiana","containment":"heavenly palace doraha","population_contained":582},{"date":"2020-08-19","district":"ludhiana","containment":"salempura","population_contained":820},{"date":"2020-08-19","district":"pathankot","containment":"kartholi nagar","population_contained":250},{"date":"2020-08-19","district":"pathankot","containment":"sarif chack","population_contained":210},{"date":"2020-08-19","district":"patiala","containment":"peeli sarhak, ragho majra","population_contained":476},{"date":"2020-08-20","district":"amritsar","containment":"bsf khasa","population_contained":2500},{"date":"2020-08-20","district":"amritsar","containment":"sharifpura","population_contained":6502},{"date":"2020-08-20","district":"fatehgarh sahib","containment":"surjit nagar mgg","population_contained":457},{"date":"2020-08-20","district":"fatehgarh sahib","containment":"tewana feed rurki","population_contained":55},{"date":"2020-08-20","district":"gurdaspur","containment":"ward no8 fatehgarh churian","population_contained":1356},{"date":"2020-08-20","district":"jalandhar","containment":"adarsh nagar","population_contained":104},{"date":"2020-08-20","district":"jalandhar","containment":"santoshi nagar","population_contained":152},{"date":"2020-08-20","district":"jalandhar","containment":"shekha bazaar","population_contained":80},{"date":"2020-08-20","district":"jalandhar","containment":"tel wali gali","population_contained":235},{"date":"2020-08-20","district":"jalandhar","containment":"village - sarin, nakodar","population_contained":903},{"date":"2020-08-20","district":"ludhiana","containment":"heavenly palace doraha","population_contained":582},{"date":"2020-08-20","district":"ludhiana","containment":"salempura","population_contained":820},{"date":"2020-08-20","district":"pathankot","containment":"kartholi nagar","population_contained":250},{"date":"2020-08-20","district":"pathankot","containment":"sarif chack","population_contained":210},{"date":"2020-08-20","district":"patiala","containment":"peeli sarhak, ragho majra","population_contained":476},{"date":"2020-08-21","district":1,"containment":"bsf khasa","population_contained":2500},{"date":"2020-08-21","district":1,"containment":"sharifpura","population_contained":6502},{"date":"2020-08-22","district":1,"containment":"bsf khasa","population_contained":2500},{"date":"2020-08-22","district":1,"containment":"sharifpura","population_contained":6502},{"date":"2020-08-23","district":"amritsar","containment":"bsf khasa","population_contained":2500},{"date":"2020-08-23","district":"amritsar","containment":"sharifpura","population_contained":6502},{"date":"2020-08-24","district":"amritsar","containment":"bsf khasa","population_contained":2500},{"date":"2020-08-24","district":"amritsar","containment":"sharifpura","population_contained":6502},{"date":"2020-08-25","district":"amritsar","containment":"bsf khasa","population_contained":2500},{"date":"2020-08-25","district":"amritsar","containment":"sharifpura","population_contained":6502},{"date":"2020-08-26","district":"amritsar","containment":"bsf khasa","population_contained":2500},{"date":"2020-08-26","district":"amritsar","containment":"sharifpura","population_contained":6502},{"date":"2020-08-27","district":"amritsar","containment":"bsf khasa","population_contained":2500},{"date":"2020-08-27","district":"amritsar","containment":"sharifpura","population_contained":6502},{"date":"2020-08-28","district":"amritsar","containment":"bsf khasa","population_contained":2500},{"date":"2020-08-28","district":"amritsar","containment":"sharifpura","population_contained":6502},{"date":"2020-08-29","district":"amritsar","containment":"bsf khasa","population_contained":2500},{"date":"2020-08-29","district":"amritsar","containment":"sharifpura","population_contained":6502},{"date":"2020-08-30","district":"amritsar","containment":"bsf khasa","population_contained":2500},{"date":"2020-08-30","district":"amritsar","containment":"sharifpura","population_contained":6502},{"date":"2020-08-31","district":"amritsar","containment":"bsf khasa","population_contained":2500},{"date":"2020-08-31","district":"amritsar","containment":"sharifpura","population_contained":6502},{"date":"2020-09-01","district":"amritsar","containment":"bsf khasa","population_contained":2500},{"date":"2020-09-01","district":"amritsar","containment":"sharifpura","population_contained":6502},{"date":"2020-09-02","district":"amritsar","containment":"bsf khasa","population_contained":2500},{"date":"2020-09-02","district":"amritsar","containment":"sharifpura","population_contained":6502},{"date":"2020-09-03","district":"amritsar","containment":"bsf khasa","population_contained":2500},{"date":"2020-09-03","district":"amritsar","containment":"sharifpura","population_contained":6502},{"date":"2020-09-04","district":"amritsar","containment":"bsf khasa","population_contained":2500},{"date":"2020-09-04","district":"amritsar","containment":"sharifpura","population_contained":6502},{"date":"2020-09-05","district":"amritsar","containment":"bsf khasa","population_contained":2500},{"date":"2020-09-05","district":"amritsar","containment":"sharifpura","population_contained":6502},{"date":"2020-09-07","district":"amritsar","containment":"sharifpura","population_contained":6502},{"date":"2020-09-09","district":"amritsar","containment":"sharifpura","population_contained":6502},{"date":"2020-09-10","district":"amritsar","containment":"sharifpura","population_contained":6502},{"date":"2020-09-11","district":"amritsar","containment":"sharifpura","population_contained":6502},{"date":"2020-09-12","district":"amritsar","containment":"sharifpura","population_contained":6502},{"date":"2020-09-13","district":"amritsar","containment":"sharifpura","population_contained":6502},{"date":"2020-09-14","district":"amritsar","containment":"sharifpura","population_contained":6502},{"date":"2020-09-15","district":"amritsar","containment":"sharifpura","population_contained":6502},{"date":"2020-09-16","district":"amritsar","containment":"sharifpura","population_contained":6502},{"date":"2020-09-17","district":"amritsar","containment":"sharifpura","population_contained":6502},{"date":"2020-09-18","district":"amritsar","containment":"sharifpura","population_contained":6502},{"date":"2020-09-19","district":"amritsar","containment":"sharifpura","population_contained":6502},{"date":"2020-09-20","district":"amritsar","containment":"sharifpura","population_contained":6502},{"date":"2020-09-21","district":"","containment":"kusht asharam backside bus stand khanna","population_contained":0},{"date":"2020-09-21","district":"","containment":"new durga puri haibowal","population_contained":3640},{"date":"2020-09-22","district":"","containment":"kusht asharam backside bus stand khanna","population_contained":0},{"date":"2020-09-22","district":"","containment":"new durga puri haibowal","population_contained":3640},{"date":"2020-09-23","district":"ludhiana","containment":"new durga puri haibowal","population_contained":968},{"date":"2020-09-24","district":"ludhiana","containment":"new durga puri haibowal","population_contained":968},{"date":"2020-09-25","district":"ludhiana","containment":"new durga puri haibowal","population_contained":3640},{"date":"2020-09-26","district":"ludhiana","containment":"new durga puri haibowal","population_contained":3640},{"date":"2020-09-27","district":"ludhiana","containment":"new durga puri haibowal","population_contained":3640},{"date":"2020-09-28","district":"ludhiana","containment":"new durga puri haibowal","population_contained":3640},{"date":"2020-09-29","district":"ludhiana","containment":"new durga puri haibowal","population_contained":3640},{"date":"2020-09-30","district":"amritsar","containment":"beas hospital and colony","population_contained":1200},{"date":"2020-10-01","district":"amritsar","containment":"beas hospital and colony","population_contained":1200},{"date":"2020-10-03","district":"ludhiana","containment":"new durgapurihaibowal","population_contained":3640},{"date":"2020-10-08","district":"amritsar","containment":"beas hospital and colony","population_contained":1200},{"date":"2020-10-09","district":"amritsar","containment":"beas hospital and colony","population_contained":1200},{"date":"2020-10-10","district":"amritsar","containment":"beas hospital and colony","population_contained":1200},{"date":"2020-10-11","district":"amritsar","containment":"beas hospital and colony","population_contained":1200},{"date":"2020-10-12","district":"ludhiana","containment":"new durga puri haibowal","population_contained":3640},{"date":"2020-10-13","district":"ludhiana","containment":"new durga puri haibowal","population_contained":3640},{"date":"2020-10-14","district":"ludhiana","containment":"new durga puri haibowal","population_contained":3640},{"date":"2020-10-15","district":"ludhiana","containment":"new durgapurihaibowal","population_contained":3640},{"date":"2020-10-16","district":"ludhiana","containment":"new durgapurihaibowal","population_contained":3640},{"date":"2020-10-17","district":"fazilika","containment":"bsf fallianwala","population_contained":250},{"date":"2020-10-17","district":"fazilika","containment":"naiabadiabohar","population_contained":3539},{"date":"2020-10-18","district":"fazilika","containment":"bsf fallianwala","population_contained":250},{"date":"2020-10-18","district":"fazilika","containment":"naiabadiabohar","population_contained":3539},{"date":"2020-10-19","district":"fazilika","containment":"bsf fallianwala","population_contained":250},{"date":"2020-10-19","district":"fazilika","containment":"naiabadiabohar","population_contained":3539},{"date":"2020-10-20","district":"fazilika","containment":"bsf fallianwala","population_contained":250},{"date":"2020-10-20","district":"fazilika","containment":"naiabadiabohar","population_contained":3539},{"date":"2020-10-21","district":"fazilika","containment":"nai abadi abohar","population_contained":3539},{"date":"2020-10-22","district":"fazilika","containment":"nai abadi abohar","population_contained":3539},{"date":"2020-10-23","district":"fazilika","containment":"nai abadi abohar","population_contained":3539},{"date":"2020-10-24","district":"fazilika","containment":"nai abadi abohar","population_contained":3539},{"date":"2020-10-25","district":"fazilika","containment":"naiabadiabohar","population_contained":3539},{"date":"2020-10-27","district":"fazilika","containment":"nai abadi abohar","population_contained":3539},{"date":"2020-10-28","district":"fazilika","containment":"nai abadi abohar","population_contained":3539},{"date":"2020-10-29","district":"muktsar sahib","containment":"district jail, sri muktsar sahib","population_contained":800},{"date":"2020-10-30","district":"muktsar sahib","containment":"district jail, sri muktsar sahib","population_contained":800},{"date":"2020-10-31","district":"muktsar sahib","containment":"district jail, sri muktsar sahib","population_contained":800},{"date":"2020-11-01","district":"muktsar sahib","containment":"district jail, sri muktsar sahib","population_contained":800},{"date":"2020-11-02","district":"muktsar sahib","containment":"district jail, sri muktsar sahib","population_contained":800},{"date":"2020-11-03","district":"muktsar sahib","containment":"district jail, sri muktsar sahib","population_contained":800},{"date":"2020-11-04","district":"muktsar sahib","containment":"district jail, sri muktsar sahib","population_contained":800},{"date":"2020-11-05","district":"muktsar sahib","containment":"district jail, sri muktsar sahib","population_contained":800},{"date":"2020-11-06","district":"muktsar sahib","containment":"district jail, sri muktsar sahib","population_contained":800},{"date":"2020-11-07","district":"muktsar sahib","containment":"district jail, sri muktsar sahib","population_contained":800},{"date":"2020-11-08","district":"muktsar sahib","containment":"district jail, sri muktsar sahib","population_contained":800},{"date":"2020-11-09","district":"barnala","containment":"bhadaur","population_contained":850},{"date":"2020-11-10","district":"barnala","containment":"bhadaur","population_contained":850},{"date":"2020-11-11","district":"barnala","containment":"bhadaur","population_contained":850},{"date":"2020-11-12","district":"barnala","containment":"bhadaur","population_contained":850},{"date":"2020-11-13","district":"barnala","containment":"bhadaur","population_contained":850},{"date":"2020-11-16","district":"barnala","containment":"bhadaur","population_contained":850},{"date":"2020-11-17","district":"barnala","containment":"bhadaur","population_contained":850},{"date":"2020-12-07","district":"ropar","containment":"ncc camp ropar","population_contained":35},{"date":"2020-12-08","district":"ropar","containment":"ncc camp ropar","population_contained":35},{"date":"2021-03-17","district":"patiala","containment":"thapar university hostel \u2013 b & m","population_contained":1257},{"date":"2021-03-17","district":"sbs nagar","containment":"sidh mohalla, banga","population_contained":123},{"date":"2021-03-18","district":"gurdaspur","containment":"sohal","population_contained":5725},{"date":"2021-03-18","district":"ludhiana","containment":"lehndipatti, villbhundri, block sidhwan bet","population_contained":1672},{"date":"2021-03-18","district":"patiala","containment":"thapar university hostel \u2013 b & m","population_contained":1257},{"date":"2021-03-18","district":"sbs nagar","containment":"sidhmohalla, banga","population_contained":123},{"date":"2021-03-20","district":"gurdaspur","containment":"sohal","population_contained":5725},{"date":"2021-03-20","district":"ludhiana","containment":"lehndipatti, villbhundri, block sidhwan bet","population_contained":1672},{"date":"2021-03-20","district":"patiala","containment":"thapar university hostel \u2013 b & m","population_contained":1257},{"date":"2021-03-20","district":"sbs nagar","containment":"sidhmohalla, banga","population_contained":123},{"date":"2021-03-21","district":"gurdaspur","containment":"sohal","population_contained":5725},{"date":"2021-03-21","district":"ludhiana","containment":"lehndipatti, villbhundri, block sidhwan bet","population_contained":1672},{"date":"2021-03-21","district":"patiala","containment":"thapar university hostel \u2013 b & m","population_contained":1257},{"date":"2021-03-21","district":"sbs nagar","containment":"sidhmohalla, banga","population_contained":123},{"date":"2021-03-22","district":"gurdaspur","containment":"sohal","population_contained":5725},{"date":"2021-03-22","district":"ludhiana","containment":"lehndi patti, vill bhundri, block sidhwan bet","population_contained":1672},{"date":"2021-03-22","district":"patiala","containment":"thapar university hostel \u2013 b & m","population_contained":1257},{"date":"2021-03-22","district":"sbs nagar","containment":"sidh mohalla, banga","population_contained":472},{"date":"2021-03-23","district":"gurdaspur","containment":"sohal","population_contained":5725},{"date":"2021-03-23","district":"jalandhar","containment":"choudhary mohalla","population_contained":72},{"date":"2021-03-23","district":"jalandhar","containment":"ravidaspura, phillor","population_contained":104},{"date":"2021-03-23","district":"ludhiana","containment":"lehndipatti, villbhundri, block sidhwan bet","population_contained":1672},{"date":"2021-03-23","district":"patiala","containment":"thapar university hostel \u2013 b & m","population_contained":1257},{"date":"2021-03-23","district":"sbs nagar","containment":"sidhmohalla, banga","population_contained":472},{"date":"2021-03-24","district":"gurdaspur","containment":"sohal","population_contained":5725},{"date":"2021-03-24","district":"jalandhar","containment":"choudhary mohalla","population_contained":72},{"date":"2021-03-24","district":"jalandhar","containment":"ravidaspura, phillor","population_contained":104},{"date":"2021-03-24","district":"ludhiana","containment":"lehndipatti, villbhundri, block sidhwan bet","population_contained":1672},{"date":"2021-03-24","district":"patiala","containment":"thapar university hostel \u2013 b & m","population_contained":1257},{"date":"2021-03-24","district":"sbs nagar","containment":"sidhmohalla, banga","population_contained":472},{"date":"2021-03-25","district":"gurdaspur","containment":"sohal","population_contained":5725},{"date":"2021-03-25","district":"jalandhar","containment":"choudhary mohalla","population_contained":72},{"date":"2021-03-25","district":"jalandhar","containment":"ravidaspura, phillor","population_contained":104},{"date":"2021-03-25","district":"ludhiana","containment":"lehndipatti, villbhundri, block sidhwan bet","population_contained":1672},{"date":"2021-03-25","district":"patiala","containment":"thapar university hostel \u2013 b & m","population_contained":1257},{"date":"2021-03-25","district":"sbs nagar","containment":"sidhmohalla, banga","population_contained":472},{"date":"2021-03-30","district":"barnala","containment":"jnv (school) dhilwan","population_contained":190},{"date":"2021-03-30","district":"fazilika","containment":"nursing hostal jalalabad","population_contained":60},{"date":"2021-03-30","district":"hoshiarpur","containment":"talwara sec. 3","population_contained":552},{"date":"2021-03-30","district":"jalandhar","containment":"choudhary mohalla","population_contained":144},{"date":"2021-03-30","district":"jalandhar","containment":"ravidasspura","population_contained":72},{"date":"2021-03-30","district":"ludhiana","containment":"lehndi patti, vill bhundri, block sidhwan bet","population_contained":1672},{"date":"2021-03-30","district":"patiala","containment":"thapar university hostel \u2013 b & m","population_contained":1257},{"date":"2021-03-30","district":"ropar","containment":"barwa and chehar majara","population_contained":2879},{"date":"2021-04-19","district":"amritsar","containment":"new amritsar, a block and b block","population_contained":3800},{"date":"2021-04-19","district":"faridkot","containment":"dugri phase 1","population_contained":0},{"date":"2021-04-19","district":"faridkot","containment":"dugri phase 2","population_contained":0},{"date":"2021-04-19","district":"faridkot","containment":"machaki kalan","population_contained":3561},{"date":"2021-04-19","district":"faridkot","containment":"quila nau","population_contained":4856},{"date":"2021-04-19","district":"gurdaspur","containment":"babehali","population_contained":5287},{"date":"2021-04-19","district":"gurdaspur","containment":"prem nagr hardochanni road gsp","population_contained":1380},{"date":"2021-04-19","district":"hoshiarpur","containment":"kharkan","population_contained":2285},{"date":"2021-04-19","district":"jalandhar","containment":"mota singh nagar, garha urban","population_contained":99},{"date":"2021-04-19","district":"pathankot","containment":"jawahar novodya vidayala,gharota","population_contained":120},{"date":"2021-04-19","district":"patiala","containment":"netaji subash national institute of sports, patiala.","population_contained":150},{"date":"2021-04-19","district":"ropar","containment":"barwa and chehar majara","population_contained":2879},{"date":"2021-04-19","district":"ropar","containment":"mojowal and mojowal basti (urban)","population_contained":905},{"date":"2021-06-14","district":"amritsar","containment":"construction unit no 8 gmc","population_contained":3700},{"date":"2021-06-14","district":"amritsar","containment":"green avenue","population_contained":4000},{"date":"2021-06-14","district":"amritsar","containment":"kashmir avenuue(gopalnagar)","population_contained":800},{"date":"2021-06-14","district":"amritsar","containment":"new amritsar, a block and b block","population_contained":3800},{"date":"2021-06-14","district":"fatehgarh sahib","containment":"vill jassra chanarthal kalan","population_contained":290},{"date":"2021-06-14","district":"fazilika","containment":"naiabadiabohar","population_contained":1477},{"date":"2021-06-14","district":"fazilika","containment":"vill. kular","population_contained":334},{"date":"2021-06-14","district":"fazilika","containment":"vill.churiwaladhana","population_contained":652},{"date":"2021-06-14","district":"ferozepur","containment":"adarsh nagar guruharsahai","population_contained":105},{"date":"2021-06-14","district":"ferozepur","containment":"panjeke uttar ghs","population_contained":155},{"date":"2021-06-14","district":"ferozepur","containment":"vikasviharfzr city","population_contained":130},{"date":"2021-06-14","district":"gurdaspur","containment":"jhapkara, behrampur","population_contained":342},{"date":"2021-06-14","district":"jalandhar","containment":"patti kamalpur, phcbarapind","population_contained":576},{"date":"2021-06-14","district":"mansa","containment":"kulrian","population_contained":10300},{"date":"2021-06-14","district":"mansa","containment":"mojo khurd","population_contained":9010},{"date":"2021-06-14","district":"mansa","containment":"nangal kalan village,phc khialakalan","population_contained":8463},{"date":"2021-06-14","district":"mansa","containment":"village joga, block khiala kalan","population_contained":4848},{"date":"2021-06-14","district":"mohali","containment":"village kuradi","population_contained":2000},{"date":"2021-06-14","district":"muktsar","containment":"distt. jail","population_contained":900},{"date":"2021-06-14","district":"muktsar","containment":"near guruduara sahib and karyana store midda","population_contained":550},{"date":"2021-06-14","district":"pathankot","containment":"kalesar","population_contained":126},{"date":"2021-06-14","district":"pathankot","containment":"magiyal","population_contained":97},{"date":"2021-06-14","district":"patiala","containment":"village kansuhakallan, block bhadson, patiala.","population_contained":150},{"date":"2021-06-15","district":"amritsar","containment":"construction unit no 8 gmc","population_contained":60},{"date":"2021-06-15","district":"amritsar","containment":"green avenue","population_contained":4000},{"date":"2021-06-15","district":"amritsar","containment":"kashmir avenuue(gopalnagar)","population_contained":800},{"date":"2021-06-15","district":"amritsar","containment":"new amritsar, a block and b block","population_contained":3800},{"date":"2021-06-15","district":"fatehgarh sahib","containment":"vill jassra chanarthal kalan","population_contained":290},{"date":"2021-06-15","district":"fazilika","containment":"naiabadiabohar","population_contained":1477},{"date":"2021-06-15","district":"ferozepur","containment":"adarsh nagar guruharsahai","population_contained":105},{"date":"2021-06-15","district":"ferozepur","containment":"panjeke uttar ghs","population_contained":155},{"date":"2021-06-15","district":"ferozepur","containment":"vikasviharfzr city","population_contained":130},{"date":"2021-06-15","district":"gurdaspur","containment":"jhapkara, behrampur","population_contained":342},{"date":"2021-06-15","district":"jalandhar","containment":"patti kamalpur, phcbarapind","population_contained":576},{"date":"2021-06-15","district":"mansa","containment":"kulrian","population_contained":10300},{"date":"2021-06-15","district":"mansa","containment":"mojo khurd","population_contained":9010},{"date":"2021-06-15","district":"mansa","containment":"nangal kalan village,phc khialakalan","population_contained":8463},{"date":"2021-06-15","district":"mansa","containment":"village joga, block khiala kalan","population_contained":4848},{"date":"2021-06-15","district":"mohali","containment":"village kuradi","population_contained":2000},{"date":"2021-06-15","district":"muktsar","containment":"distt. jail","population_contained":900},{"date":"2021-06-15","district":"pathankot","containment":"kalesar","population_contained":126},{"date":"2021-06-15","district":"pathankot","containment":"magiyal","population_contained":97},{"date":"2021-06-15","district":"patiala","containment":"village kansuha kallan, block bhadson, patiala.","population_contained":150},{"date":"2021-06-16","district":"amritsar","containment":"construction unit no 8 gmc","population_contained":4000},{"date":"2021-06-16","district":"amritsar","containment":"green avenue","population_contained":4000},{"date":"2021-06-16","district":"amritsar","containment":"new amritsar, a block and b block","population_contained":3800},{"date":"2021-06-16","district":"fatehgarh sahib","containment":"vill jassra chanarthal kalan","population_contained":290},{"date":"2021-06-16","district":"fazilika","containment":"naiabadiabohar","population_contained":1477},{"date":"2021-06-16","district":"ferozepur","containment":"panjeke uttar ghs","population_contained":155},{"date":"2021-06-16","district":"gurdaspur","containment":"jhapkara, behrampur","population_contained":342},{"date":"2021-06-16","district":"jalandhar","containment":"patti kamalpur, phcbarapind","population_contained":576},{"date":"2021-06-16","district":"mansa","containment":"kulrian","population_contained":9010},{"date":"2021-06-16","district":"mansa","containment":"mojo khurd","population_contained":1590},{"date":"2021-06-16","district":"mansa","containment":"nangal kalan village,phc khialakalan","population_contained":8463},{"date":"2021-06-16","district":"mansa","containment":"village joga, block khiala kalan","population_contained":10300},{"date":"2021-06-16","district":"mohali","containment":"village kuradi","population_contained":2000},{"date":"2021-06-16","district":"muktsar","containment":"distt. jail","population_contained":900},{"date":"2021-06-16","district":"pathankot","containment":"kalesar","population_contained":126},{"date":"2021-06-16","district":"pathankot","containment":"magiyal","population_contained":97},{"date":"2021-06-16","district":"patiala","containment":"village kansuhakallan, block bhadson, patiala.","population_contained":150},{"date":"2021-06-17","district":"amritsar","containment":"construction unit no 8 gmc","population_contained":60},{"date":"2021-06-17","district":"amritsar","containment":"new amritsar, a block and b block","population_contained":3800},{"date":"2021-06-17","district":"fatehgarh sahib","containment":"vill jassra chanarthal kalan","population_contained":290},{"date":"2021-06-17","district":"fazilika","containment":"naiabadiabohar","population_contained":1494},{"date":"2021-06-17","district":"ferozepur","containment":"panjeke uttar ghs","population_contained":155},{"date":"2021-06-17","district":"gurdaspur","containment":"jhapkara, behrampur","population_contained":342},{"date":"2021-06-17","district":"jalandhar","containment":"patti kamalpur, phcbarapind","population_contained":576},{"date":"2021-06-17","district":"mansa","containment":"kulrian","population_contained":9010},{"date":"2021-06-17","district":"mansa","containment":"village joga, block khiala kalan","population_contained":10300},{"date":"2021-06-17","district":"mohali","containment":"village kuradi","population_contained":2000},{"date":"2021-06-17","district":"muktsar","containment":"distt. jail","population_contained":900},{"date":"2021-06-17","district":"pathankot","containment":"kalesar","population_contained":126},{"date":"2021-06-17","district":"pathankot","containment":"magiyal","population_contained":97},{"date":"2021-06-17","district":"patiala","containment":"village kansuhakallan, block bhadson, patiala.","population_contained":150},{"date":"2021-06-18","district":"amritsar","containment":"construction unit no 8 gmc","population_contained":60},{"date":"2021-06-18","district":"amritsar","containment":"new amritsar, a block and b block","population_contained":3800},{"date":"2021-06-18","district":"fatehgarh sahib","containment":"vill jassra chanarthal kalan","population_contained":220},{"date":"2021-06-18","district":"fazilika","containment":"nai abadi abohar","population_contained":1494},{"date":"2021-06-18","district":"ferozepur","containment":"panje ke uttar ghs","population_contained":155},{"date":"2021-06-18","district":"gurdaspur","containment":"awankha chhamb bhathha, behrampur","population_contained":200},{"date":"2021-06-18","district":"mansa","containment":"kulrian","population_contained":9010},{"date":"2021-06-18","district":"mansa","containment":"village joga, block khiala kalan","population_contained":10300},{"date":"2021-06-18","district":"mohali","containment":"village kuradi","population_contained":2000},{"date":"2021-06-18","district":"muktsar","containment":"distt. jail","population_contained":723},{"date":"2021-06-18","district":"pathankot","containment":"kalesar","population_contained":126},{"date":"2021-06-18","district":"pathankot","containment":"magiyal","population_contained":97},{"date":"2021-06-18","district":"patiala","containment":"around house no. 1206 sukhdaspura mohalla ,patiala.","population_contained":150},{"date":"2021-06-19","district":"amritsar","containment":"construction unit no 8 gmc","population_contained":60},{"date":"2021-06-19","district":"amritsar","containment":"new amritsar, a block and b block","population_contained":3800},{"date":"2021-06-19","district":"fatehgarh sahib","containment":"vill jassra chanarthal kalan","population_contained":220},{"date":"2021-06-19","district":"fazilika","containment":"nai abadi abohar","population_contained":1494},{"date":"2021-06-19","district":"ferozepur","containment":"panje ke uttar ghs","population_contained":155},{"date":"2021-06-19","district":"gurdaspur","containment":"awankha chhamb bhathha, behrampur","population_contained":200},{"date":"2021-06-19","district":"mansa","containment":"kulrian","population_contained":9010},{"date":"2021-06-19","district":"mansa","containment":"village joga, block khiala kalan","population_contained":10300},{"date":"2021-06-19","district":"mohali","containment":"village kuradi","population_contained":2000},{"date":"2021-06-19","district":"muktsar","containment":"distt. jail","population_contained":723},{"date":"2021-06-19","district":"pathankot","containment":"kalesar","population_contained":126},{"date":"2021-06-19","district":"pathankot","containment":"magiyal","population_contained":97},{"date":"2021-06-19","district":"patiala","containment":"around house no. 1206 sukhdaspura mohalla ,patiala.","population_contained":150},{"date":"2021-06-20","district":"amritsar","containment":"construction unit no 8 gmc","population_contained":60},{"date":"2021-06-20","district":"amritsar","containment":"new amritsar, a block and b block","population_contained":3800},{"date":"2021-06-20","district":"fatehgarh sahib","containment":"vill jassra chanarthal kalan","population_contained":220},{"date":"2021-06-20","district":"fazilika","containment":"nai abadi abohar","population_contained":1494},{"date":"2021-06-20","district":"ferozepur","containment":"panje ke uttar ghs","population_contained":155},{"date":"2021-06-20","district":"gurdaspur","containment":"awankha chhamb bhathha, behrampur","population_contained":200},{"date":"2021-06-20","district":"mansa","containment":"kulrian","population_contained":9010},{"date":"2021-06-20","district":"mansa","containment":"village joga, block khiala kalan","population_contained":10300},{"date":"2021-06-20","district":"mohali","containment":"village kuradi","population_contained":2000},{"date":"2021-06-20","district":"muktsar","containment":"distt. jail","population_contained":723},{"date":"2021-06-20","district":"pathankot","containment":"kalesar","population_contained":126},{"date":"2021-06-20","district":"pathankot","containment":"magiyal","population_contained":97},{"date":"2021-06-20","district":"patiala","containment":"around house no. 1206 sukhdaspura mohalla ,patiala.","population_contained":150},{"date":"2021-06-21","district":"amritsar","containment":"construction unit no 8 gmc","population_contained":60},{"date":"2021-06-21","district":"fatehgarh sahib","containment":"vill jassra chanarthal kalan","population_contained":220},{"date":"2021-06-21","district":"fazilika","containment":"naiabadiabohar","population_contained":1494},{"date":"2021-06-21","district":"ferozepur","containment":"panjeke uttar ghs","population_contained":155},{"date":"2021-06-21","district":"gurdaspur","containment":"awankhachhambbhathha, behrampur","population_contained":200},{"date":"2021-06-21","district":"mansa","containment":"village joga, block khiala kalan","population_contained":10300},{"date":"2021-06-21","district":"mohali","containment":"village kuradi","population_contained":2000},{"date":"2021-06-21","district":"muktsar","containment":"distt. jail","population_contained":723},{"date":"2021-06-21","district":"pathankot","containment":"kalesar","population_contained":126},{"date":"2021-06-21","district":"pathankot","containment":"magiyal","population_contained":97},{"date":"2021-06-22","district":"amritsar","containment":"construction unit no 8 gmc","population_contained":60},{"date":"2021-06-22","district":"ferozepur","containment":"panje ke uttar ghs","population_contained":155},{"date":"2021-06-22","district":"gurdaspur","containment":"awankha chhamb bhathha, behrampur","population_contained":200},{"date":"2021-06-22","district":"mansa","containment":"village joga, block khiala kalan","population_contained":10300},{"date":"2021-06-22","district":"muktsar","containment":"distt. jail","population_contained":723},{"date":"2021-06-23","district":"amritsar","containment":"construction unit no 8 gmc","population_contained":60},{"date":"2021-06-23","district":"ferozepur","containment":"panjeke uttar ghs","population_contained":155},{"date":"2021-06-23","district":"gurdaspur","containment":"awankhachhambbhathha, behrampur","population_contained":200},{"date":"2021-06-23","district":"mansa","containment":"village joga, block khiala kalan","population_contained":10300},{"date":"2021-06-23","district":"muktsar","containment":"distt. jail","population_contained":723},{"date":"2021-06-24","district":"amritsar","containment":"construction unit no 8 gmc","population_contained":60},{"date":"2021-06-24","district":"ferozepur","containment":"panje ke uttar ghs","population_contained":155},{"date":"2021-06-24","district":"gurdaspur","containment":"awankha chhamb bhathha, behrampur","population_contained":200},{"date":"2021-06-24","district":"mansa","containment":"village joga, block khiala kalan","population_contained":10300},{"date":"2021-06-24","district":"muktsar","containment":"distt. jail","population_contained":750},{"date":"2021-06-25","district":"amritsar","containment":"construction unit no 8 gmc","population_contained":60},{"date":"2021-06-25","district":"ferozepur","containment":"panje ke uttar ghs","population_contained":155},{"date":"2021-06-25","district":"gurdaspur","containment":"awankha chhamb bhathha, behrampur","population_contained":200},{"date":"2021-06-25","district":"mansa","containment":"village joga, block khiala kalan","population_contained":10300},{"date":"2021-06-25","district":"muktsar","containment":"distt. jail","population_contained":750},{"date":"2021-06-26","district":"amritsar","containment":"construction unit no 8 gmc","population_contained":60},{"date":"2021-06-26","district":"ferozepur","containment":"panjeke uttar ghs","population_contained":155},{"date":"2021-06-26","district":"gurdaspur","containment":"awankhachhambbhathha, behrampur","population_contained":200},{"date":"2021-06-26","district":"mansa","containment":"village joga, block khiala kalan","population_contained":10300},{"date":"2021-06-26","district":"muktsar","containment":"distt. jail","population_contained":750},{"date":"2021-06-27","district":"ferozepur","containment":"panje ke uttar ghs","population_contained":155},{"date":"2021-06-27","district":"muktsar","containment":"distt. jail","population_contained":750},{"date":"2021-06-28","district":"ferozepur","containment":"panje ke uttar ghs","population_contained":155},{"date":"2021-06-28","district":"muktsar","containment":"distt. jail","population_contained":750},{"date":"2021-06-29","district":"ferozepur","containment":"panjeke uttar ghs","population_contained":155},{"date":"2021-06-29","district":"muktsar","containment":"distt. jail","population_contained":750},{"date":"2021-06-30","district":"muktsar","containment":"distt. jail","population_contained":750},{"date":"2021-07-01","district":"muktsar","containment":"distt. jail","population_contained":750},{"date":"2021-07-02","district":"muktsar","containment":"distt. jail","population_contained":750},{"date":"2021-07-03","district":"muktsar","containment":"distt. jail","population_contained":750},{"date":"2021-07-04","district":"muktsar","containment":"distt. jail","population_contained":750},{"date":"2021-07-22","district":"ferozepur","containment":"village saido ke guruharsahai","population_contained":140},{"date":"2021-07-23","district":"ferozepur","containment":"village saido ke guruharsahai","population_contained":140},{"date":"2021-07-24","district":"ferozepur","containment":"village saido ke guruharsahai","population_contained":140},{"date":"2021-07-25","district":"ferozepur","containment":"village saido ke guruharsahai","population_contained":140},{"date":"2021-07-25","district":"patiala","containment":"------","population_contained":0}]