[{"date":"2021-06-03","new_cases":23,"deaths_today":3,"cured_today":null,"cases_total":343,"cases_belonging_punjab":297.0,"cases_belonging_other_states":46.0,"under_treatment_total":261,"under_treatment_belonging_punjab":223,"under_treatment_beloging_other_states":38,"cured_total":23,"cured_total_belonging_punjab":22,"cured_total_belonging_other_states":1,"deaths_total":49,"deaths_total_belonging_punjab":43,"deaths_total_belonging_other_states":6,"lama":1,"lama_belonging_punjab":9,"lama_belonging_other_states":1.0},{"date":"2021-06-04","new_cases":19,"deaths_today":3,"cured_today":null,"cases_total":362,"cases_belonging_punjab":316.0,"cases_belonging_other_states":46.0,"under_treatment_total":258,"under_treatment_belonging_punjab":223,"under_treatment_beloging_other_states":35,"cured_total":30,"cured_total_belonging_punjab":29,"cured_total_belonging_other_states":1,"deaths_total":52,"deaths_total_belonging_punjab":46,"deaths_total_belonging_other_states":6,"lama":4,"lama_belonging_punjab":18,"lama_belonging_other_states":4.0},{"date":"2021-06-06","new_cases":12,"deaths_today":0,"cured_today":null,"cases_total":381,"cases_belonging_punjab":334.0,"cases_belonging_other_states":47.0,"under_treatment_total":265,"under_treatment_belonging_punjab":229,"under_treatment_beloging_other_states":36,"cured_total":38,"cured_total_belonging_punjab":37,"cured_total_belonging_other_states":1,"deaths_total":53,"deaths_total_belonging_punjab":47,"deaths_total_belonging_other_states":6,"lama":4,"lama_belonging_punjab":21,"lama_belonging_other_states":4.0},{"date":"2021-06-07","new_cases":3,"deaths_today":0,"cured_today":null,"cases_total":384,"cases_belonging_punjab":336.0,"cases_belonging_other_states":48.0,"under_treatment_total":269,"under_treatment_belonging_punjab":231,"under_treatment_beloging_other_states":38,"cured_total":38,"cured_total_belonging_punjab":37,"cured_total_belonging_other_states":1,"deaths_total":52,"deaths_total_belonging_punjab":47,"deaths_total_belonging_other_states":5,"lama":4,"lama_belonging_punjab":21,"lama_belonging_other_states":4.0},{"date":"2021-06-08","new_cases":13,"deaths_today":1,"cured_today":null,"cases_total":391,"cases_belonging_punjab":342.0,"cases_belonging_other_states":49.0,"under_treatment_total":276,"under_treatment_belonging_punjab":237,"under_treatment_beloging_other_states":39,"cured_total":38,"cured_total_belonging_punjab":37,"cured_total_belonging_other_states":1,"deaths_total":52,"deaths_total_belonging_punjab":47,"deaths_total_belonging_other_states":5,"lama":4,"lama_belonging_punjab":21,"lama_belonging_other_states":4.0},{"date":"2021-06-09","new_cases":8,"deaths_today":0,"cured_today":null,"cases_total":399,"cases_belonging_punjab":353.0,"cases_belonging_other_states":46.0,"under_treatment_total":282,"under_treatment_belonging_punjab":245,"under_treatment_beloging_other_states":37,"cured_total":39,"cured_total_belonging_punjab":38,"cured_total_belonging_other_states":1,"deaths_total":49,"deaths_total_belonging_punjab":45,"deaths_total_belonging_other_states":4,"lama":4,"lama_belonging_punjab":25,"lama_belonging_other_states":4.0},{"date":"2021-06-10","new_cases":6,"deaths_today":0,"cured_today":null,"cases_total":405,"cases_belonging_punjab":358.0,"cases_belonging_other_states":47.0,"under_treatment_total":287,"under_treatment_belonging_punjab":249,"under_treatment_beloging_other_states":38,"cured_total":40,"cured_total_belonging_punjab":39,"cured_total_belonging_other_states":1,"deaths_total":49,"deaths_total_belonging_punjab":45,"deaths_total_belonging_other_states":4,"lama":4,"lama_belonging_punjab":25,"lama_belonging_other_states":4.0},{"date":"2021-06-11","new_cases":9,"deaths_today":1,"cured_today":null,"cases_total":414,"cases_belonging_punjab":364.0,"cases_belonging_other_states":50.0,"under_treatment_total":288,"under_treatment_belonging_punjab":247,"under_treatment_beloging_other_states":41,"cured_total":46,"cured_total_belonging_punjab":45,"cured_total_belonging_other_states":1,"deaths_total":50,"deaths_total_belonging_punjab":46,"deaths_total_belonging_other_states":4,"lama":4,"lama_belonging_punjab":27,"lama_belonging_other_states":4.0},{"date":"2021-06-12","new_cases":5,"deaths_today":0,"cured_today":null,"cases_total":419,"cases_belonging_punjab":369.0,"cases_belonging_other_states":50.0,"under_treatment_total":293,"under_treatment_belonging_punjab":252,"under_treatment_beloging_other_states":41,"cured_total":45,"cured_total_belonging_punjab":44,"cured_total_belonging_other_states":1,"deaths_total":50,"deaths_total_belonging_punjab":46,"deaths_total_belonging_other_states":4,"lama":4,"lama_belonging_punjab":27,"lama_belonging_other_states":4.0},{"date":"2021-06-13","new_cases":12,"deaths_today":0,"cured_today":4.0,"cases_total":431,"cases_belonging_punjab":380.0,"cases_belonging_other_states":51.0,"under_treatment_total":301,"under_treatment_belonging_punjab":259,"under_treatment_beloging_other_states":42,"cured_total":49,"cured_total_belonging_punjab":48,"cured_total_belonging_other_states":1,"deaths_total":50,"deaths_total_belonging_punjab":46,"deaths_total_belonging_other_states":4,"lama":4,"lama_belonging_punjab":27,"lama_belonging_other_states":4.0},{"date":"2021-06-14","new_cases":10,"deaths_today":0,"cured_today":2.0,"cases_total":441,"cases_belonging_punjab":388.0,"cases_belonging_other_states":53.0,"under_treatment_total":308,"under_treatment_belonging_punjab":266,"under_treatment_beloging_other_states":42,"cured_total":51,"cured_total_belonging_punjab":49,"cured_total_belonging_other_states":2,"deaths_total":50,"deaths_total_belonging_punjab":46,"deaths_total_belonging_other_states":4,"lama":4,"lama_belonging_punjab":28,"lama_belonging_other_states":4.0},{"date":"2021-06-15","new_cases":10,"deaths_today":0,"cured_today":1.0,"cases_total":451,"cases_belonging_punjab":397.0,"cases_belonging_other_states":54.0,"under_treatment_total":314,"under_treatment_belonging_punjab":270,"under_treatment_beloging_other_states":44,"cured_total":52,"cured_total_belonging_punjab":51,"cured_total_belonging_other_states":1,"deaths_total":50,"deaths_total_belonging_punjab":45,"deaths_total_belonging_other_states":5,"lama":4,"lama_belonging_punjab":31,"lama_belonging_other_states":4.0},{"date":"2021-06-16","new_cases":16,"deaths_today":0,"cured_today":23.0,"cases_total":467,"cases_belonging_punjab":410.0,"cases_belonging_other_states":57.0,"under_treatment_total":303,"under_treatment_belonging_punjab":264,"under_treatment_beloging_other_states":39,"cured_total":75,"cured_total_belonging_punjab":67,"cured_total_belonging_other_states":8,"deaths_total":50,"deaths_total_belonging_punjab":45,"deaths_total_belonging_other_states":5,"lama":5,"lama_belonging_punjab":34,"lama_belonging_other_states":5.0},{"date":"2021-06-17","new_cases":12,"deaths_today":1,"cured_today":4.0,"cases_total":479,"cases_belonging_punjab":422.0,"cases_belonging_other_states":57.0,"under_treatment_total":307,"under_treatment_belonging_punjab":270,"under_treatment_beloging_other_states":37,"cured_total":79,"cured_total_belonging_punjab":71,"cured_total_belonging_other_states":8,"deaths_total":51,"deaths_total_belonging_punjab":45,"deaths_total_belonging_other_states":6,"lama":6,"lama_belonging_punjab":36,"lama_belonging_other_states":6.0},{"date":"2021-06-18","new_cases":16,"deaths_today":0,"cured_today":4.0,"cases_total":495,"cases_belonging_punjab":437.0,"cases_belonging_other_states":58.0,"under_treatment_total":314,"under_treatment_belonging_punjab":277,"under_treatment_beloging_other_states":37,"cured_total":83,"cured_total_belonging_punjab":75,"cured_total_belonging_other_states":8,"deaths_total":51,"deaths_total_belonging_punjab":45,"deaths_total_belonging_other_states":6,"lama":7,"lama_belonging_punjab":40,"lama_belonging_other_states":7.0},{"date":"2021-06-19","new_cases":13,"deaths_today":0,"cured_today":4.0,"cases_total":508,"cases_belonging_punjab":450.0,"cases_belonging_other_states":58.0,"under_treatment_total":323,"under_treatment_belonging_punjab":286,"under_treatment_beloging_other_states":37,"cured_total":87,"cured_total_belonging_punjab":79,"cured_total_belonging_other_states":8,"deaths_total":51,"deaths_total_belonging_punjab":45,"deaths_total_belonging_other_states":6,"lama":7,"lama_belonging_punjab":40,"lama_belonging_other_states":7.0},{"date":"2021-06-20","new_cases":5,"deaths_today":0,"cured_today":1.0,"cases_total":513,"cases_belonging_punjab":455.0,"cases_belonging_other_states":58.0,"under_treatment_total":327,"under_treatment_belonging_punjab":290,"under_treatment_beloging_other_states":37,"cured_total":88,"cured_total_belonging_punjab":80,"cured_total_belonging_other_states":8,"deaths_total":51,"deaths_total_belonging_punjab":45,"deaths_total_belonging_other_states":6,"lama":7,"lama_belonging_punjab":40,"lama_belonging_other_states":7.0},{"date":"2021-06-21","new_cases":12,"deaths_today":0,"cured_today":5.0,"cases_total":525,"cases_belonging_punjab":465.0,"cases_belonging_other_states":60.0,"under_treatment_total":333,"under_treatment_belonging_punjab":295,"under_treatment_beloging_other_states":38,"cured_total":93,"cured_total_belonging_punjab":84,"cured_total_belonging_other_states":9,"deaths_total":51,"deaths_total_belonging_punjab":45,"deaths_total_belonging_other_states":6,"lama":7,"lama_belonging_punjab":41,"lama_belonging_other_states":7.0},{"date":"2021-06-22","new_cases":10,"deaths_today":0,"cured_today":2.0,"cases_total":535,"cases_belonging_punjab":475.0,"cases_belonging_other_states":60.0,"under_treatment_total":340,"under_treatment_belonging_punjab":302,"under_treatment_beloging_other_states":38,"cured_total":95,"cured_total_belonging_punjab":86,"cured_total_belonging_other_states":9,"deaths_total":51,"deaths_total_belonging_punjab":45,"deaths_total_belonging_other_states":6,"lama":7,"lama_belonging_punjab":42,"lama_belonging_other_states":7.0},{"date":"2021-06-23","new_cases":12,"deaths_today":0,"cured_today":1.0,"cases_total":547,"cases_belonging_punjab":487.0,"cases_belonging_other_states":60.0,"under_treatment_total":349,"under_treatment_belonging_punjab":311,"under_treatment_beloging_other_states":38,"cured_total":96,"cured_total_belonging_punjab":87,"cured_total_belonging_other_states":9,"deaths_total":51,"deaths_total_belonging_punjab":45,"deaths_total_belonging_other_states":6,"lama":7,"lama_belonging_punjab":44,"lama_belonging_other_states":7.0},{"date":"2021-06-24","new_cases":2,"deaths_today":0,"cured_today":4.0,"cases_total":549,"cases_belonging_punjab":489.0,"cases_belonging_other_states":60.0,"under_treatment_total":347,"under_treatment_belonging_punjab":309,"under_treatment_beloging_other_states":38,"cured_total":100,"cured_total_belonging_punjab":91,"cured_total_belonging_other_states":9,"deaths_total":51,"deaths_total_belonging_punjab":45,"deaths_total_belonging_other_states":6,"lama":7,"lama_belonging_punjab":44,"lama_belonging_other_states":7.0},{"date":"2021-06-25","new_cases":2,"deaths_today":0,"cured_today":4.0,"cases_total":549,"cases_belonging_punjab":489.0,"cases_belonging_other_states":60.0,"under_treatment_total":347,"under_treatment_belonging_punjab":309,"under_treatment_beloging_other_states":38,"cured_total":100,"cured_total_belonging_punjab":91,"cured_total_belonging_other_states":9,"deaths_total":51,"deaths_total_belonging_punjab":45,"deaths_total_belonging_other_states":6,"lama":7,"lama_belonging_punjab":44,"lama_belonging_other_states":7.0},{"date":"2021-06-26","new_cases":7,"deaths_today":0,"cured_today":1.0,"cases_total":561,"cases_belonging_punjab":501.0,"cases_belonging_other_states":60.0,"under_treatment_total":351,"under_treatment_belonging_punjab":314,"under_treatment_beloging_other_states":37,"cured_total":105,"cured_total_belonging_punjab":96,"cured_total_belonging_other_states":9,"deaths_total":51,"deaths_total_belonging_punjab":45,"deaths_total_belonging_other_states":6,"lama":8,"lama_belonging_punjab":46,"lama_belonging_other_states":8.0},{"date":"2021-06-27","new_cases":6,"deaths_today":0,"cured_today":15.0,"cases_total":567,"cases_belonging_punjab":506.0,"cases_belonging_other_states":61.0,"under_treatment_total":339,"under_treatment_belonging_punjab":303,"under_treatment_beloging_other_states":36,"cured_total":120,"cured_total_belonging_punjab":109,"cured_total_belonging_other_states":11,"deaths_total":51,"deaths_total_belonging_punjab":45,"deaths_total_belonging_other_states":6,"lama":8,"lama_belonging_punjab":49,"lama_belonging_other_states":8.0},{"date":"2021-06-28","new_cases":8,"deaths_today":0,"cured_today":2.0,"cases_total":571,"cases_belonging_punjab":509.0,"cases_belonging_other_states":62.0,"under_treatment_total":338,"under_treatment_belonging_punjab":302,"under_treatment_beloging_other_states":36,"cured_total":122,"cured_total_belonging_punjab":110,"cured_total_belonging_other_states":12,"deaths_total":51,"deaths_total_belonging_punjab":45,"deaths_total_belonging_other_states":6,"lama":8,"lama_belonging_punjab":52,"lama_belonging_other_states":8.0},{"date":"2021-06-29","new_cases":7,"deaths_today":0,"cured_today":0.0,"cases_total":578,"cases_belonging_punjab":515.0,"cases_belonging_other_states":63.0,"under_treatment_total":345,"under_treatment_belonging_punjab":308,"under_treatment_beloging_other_states":37,"cured_total":122,"cured_total_belonging_punjab":110,"cured_total_belonging_other_states":12,"deaths_total":51,"deaths_total_belonging_punjab":45,"deaths_total_belonging_other_states":6,"lama":8,"lama_belonging_punjab":52,"lama_belonging_other_states":8.0},{"date":"2021-06-30","new_cases":9,"deaths_today":0,"cured_today":2.0,"cases_total":587,"cases_belonging_punjab":523.0,"cases_belonging_other_states":64.0,"under_treatment_total":352,"under_treatment_belonging_punjab":315,"under_treatment_beloging_other_states":37,"cured_total":124,"cured_total_belonging_punjab":111,"cured_total_belonging_other_states":13,"deaths_total":51,"deaths_total_belonging_punjab":45,"deaths_total_belonging_other_states":6,"lama":8,"lama_belonging_punjab":52,"lama_belonging_other_states":8.0},{"date":"2021-07-01","new_cases":6,"deaths_today":0,"cured_today":4.0,"cases_total":593,"cases_belonging_punjab":528.0,"cases_belonging_other_states":65.0,"under_treatment_total":349,"under_treatment_belonging_punjab":312,"under_treatment_beloging_other_states":37,"cured_total":128,"cured_total_belonging_punjab":114,"cured_total_belonging_other_states":14,"deaths_total":51,"deaths_total_belonging_punjab":45,"deaths_total_belonging_other_states":6,"lama":8,"lama_belonging_punjab":57,"lama_belonging_other_states":8.0},{"date":"2021-07-02","new_cases":4,"deaths_today":0,"cured_today":7.0,"cases_total":597,"cases_belonging_punjab":532.0,"cases_belonging_other_states":65.0,"under_treatment_total":341,"under_treatment_belonging_punjab":305,"under_treatment_beloging_other_states":36,"cured_total":135,"cured_total_belonging_punjab":120,"cured_total_belonging_other_states":15,"deaths_total":51,"deaths_total_belonging_punjab":45,"deaths_total_belonging_other_states":6,"lama":8,"lama_belonging_punjab":62,"lama_belonging_other_states":8.0},{"date":"2021-07-03","new_cases":2,"deaths_today":0,"cured_today":4.0,"cases_total":599,"cases_belonging_punjab":533.0,"cases_belonging_other_states":66.0,"under_treatment_total":337,"under_treatment_belonging_punjab":300,"under_treatment_beloging_other_states":37,"cured_total":139,"cured_total_belonging_punjab":124,"cured_total_belonging_other_states":15,"deaths_total":51,"deaths_total_belonging_punjab":45,"deaths_total_belonging_other_states":6,"lama":8,"lama_belonging_punjab":64,"lama_belonging_other_states":8.0},{"date":"2021-07-04","new_cases":6,"deaths_today":0,"cured_today":9.0,"cases_total":605,"cases_belonging_punjab":539.0,"cases_belonging_other_states":66.0,"under_treatment_total":334,"under_treatment_belonging_punjab":299,"under_treatment_beloging_other_states":35,"cured_total":148,"cured_total_belonging_punjab":131,"cured_total_belonging_other_states":17,"deaths_total":51,"deaths_total_belonging_punjab":45,"deaths_total_belonging_other_states":6,"lama":8,"lama_belonging_punjab":64,"lama_belonging_other_states":8.0},{"date":"2021-07-05","new_cases":5,"deaths_today":0,"cured_today":0.0,"cases_total":610,"cases_belonging_punjab":544.0,"cases_belonging_other_states":66.0,"under_treatment_total":336,"under_treatment_belonging_punjab":301,"under_treatment_beloging_other_states":35,"cured_total":148,"cured_total_belonging_punjab":131,"cured_total_belonging_other_states":17,"deaths_total":51,"deaths_total_belonging_punjab":45,"deaths_total_belonging_other_states":6,"lama":8,"lama_belonging_punjab":67,"lama_belonging_other_states":8.0},{"date":"2021-07-06","new_cases":6,"deaths_today":0,"cured_today":0.0,"cases_total":616,"cases_belonging_punjab":549.0,"cases_belonging_other_states":67.0,"under_treatment_total":341,"under_treatment_belonging_punjab":305,"under_treatment_beloging_other_states":36,"cured_total":147,"cured_total_belonging_punjab":130,"cured_total_belonging_other_states":17,"deaths_total":51,"deaths_total_belonging_punjab":45,"deaths_total_belonging_other_states":6,"lama":8,"lama_belonging_punjab":69,"lama_belonging_other_states":8.0},{"date":"2021-07-07","new_cases":7,"deaths_today":0,"cured_today":2.0,"cases_total":622,"cases_belonging_punjab":555.0,"cases_belonging_other_states":67.0,"under_treatment_total":342,"under_treatment_belonging_punjab":307,"under_treatment_beloging_other_states":35,"cured_total":149,"cured_total_belonging_punjab":132,"cured_total_belonging_other_states":17,"deaths_total":51,"deaths_total_belonging_punjab":45,"deaths_total_belonging_other_states":6,"lama":9,"lama_belonging_punjab":71,"lama_belonging_other_states":9.0},{"date":"2021-07-08","new_cases":1,"deaths_today":0,"cured_today":5.0,"cases_total":623,"cases_belonging_punjab":556.0,"cases_belonging_other_states":67.0,"under_treatment_total":337,"under_treatment_belonging_punjab":302,"under_treatment_beloging_other_states":35,"cured_total":154,"cured_total_belonging_punjab":137,"cured_total_belonging_other_states":17,"deaths_total":51,"deaths_total_belonging_punjab":45,"deaths_total_belonging_other_states":6,"lama":9,"lama_belonging_punjab":72,"lama_belonging_other_states":9.0},{"date":"2021-07-09","new_cases":6,"deaths_today":0,"cured_today":2.0,"cases_total":628,"cases_belonging_punjab":561.0,"cases_belonging_other_states":67.0,"under_treatment_total":339,"under_treatment_belonging_punjab":304,"under_treatment_beloging_other_states":35,"cured_total":156,"cured_total_belonging_punjab":139,"cured_total_belonging_other_states":17,"deaths_total":51,"deaths_total_belonging_punjab":45,"deaths_total_belonging_other_states":6,"lama":9,"lama_belonging_punjab":73,"lama_belonging_other_states":9.0},{"date":"2021-07-10","new_cases":2,"deaths_today":0,"cured_today":0.0,"cases_total":630,"cases_belonging_punjab":563.0,"cases_belonging_other_states":67.0,"under_treatment_total":341,"under_treatment_belonging_punjab":306,"under_treatment_beloging_other_states":35,"cured_total":156,"cured_total_belonging_punjab":139,"cured_total_belonging_other_states":17,"deaths_total":51,"deaths_total_belonging_punjab":45,"deaths_total_belonging_other_states":6,"lama":9,"lama_belonging_punjab":73,"lama_belonging_other_states":9.0},{"date":"2021-07-11","new_cases":3,"deaths_today":0,"cured_today":1.0,"cases_total":633,"cases_belonging_punjab":565.0,"cases_belonging_other_states":68.0,"under_treatment_total":341,"under_treatment_belonging_punjab":305,"under_treatment_beloging_other_states":36,"cured_total":157,"cured_total_belonging_punjab":140,"cured_total_belonging_other_states":17,"deaths_total":51,"deaths_total_belonging_punjab":45,"deaths_total_belonging_other_states":6,"lama":9,"lama_belonging_punjab":75,"lama_belonging_other_states":9.0},{"date":"2021-07-13","new_cases":3,"deaths_today":0,"cured_today":10.0,"cases_total":635,"cases_belonging_punjab":566.0,"cases_belonging_other_states":69.0,"under_treatment_total":321,"under_treatment_belonging_punjab":287,"under_treatment_beloging_other_states":34,"cured_total":186,"cured_total_belonging_punjab":165,"cured_total_belonging_other_states":21,"deaths_total":51,"deaths_total_belonging_punjab":45,"deaths_total_belonging_other_states":6,"lama":8,"lama_belonging_punjab":69,"lama_belonging_other_states":8.0},{"date":"2021-07-14","new_cases":6,"deaths_today":0,"cured_today":8.0,"cases_total":641,"cases_belonging_punjab":572.0,"cases_belonging_other_states":69.0,"under_treatment_total":319,"under_treatment_belonging_punjab":285,"under_treatment_beloging_other_states":34,"cured_total":194,"cured_total_belonging_punjab":172,"cured_total_belonging_other_states":22,"deaths_total":51,"deaths_total_belonging_punjab":45,"deaths_total_belonging_other_states":6,"lama":7,"lama_belonging_punjab":70,"lama_belonging_other_states":7.0},{"date":"2021-07-15","new_cases":3,"deaths_today":0,"cured_today":1.0,"cases_total":644,"cases_belonging_punjab":575.0,"cases_belonging_other_states":69.0,"under_treatment_total":321,"under_treatment_belonging_punjab":288,"under_treatment_beloging_other_states":33,"cured_total":195,"cured_total_belonging_punjab":173,"cured_total_belonging_other_states":22,"deaths_total":51,"deaths_total_belonging_punjab":45,"deaths_total_belonging_other_states":6,"lama":8,"lama_belonging_punjab":69,"lama_belonging_other_states":8.0},{"date":"2021-07-16","new_cases":4,"deaths_today":0,"cured_today":0.0,"cases_total":648,"cases_belonging_punjab":579.0,"cases_belonging_other_states":69.0,"under_treatment_total":326,"under_treatment_belonging_punjab":293,"under_treatment_beloging_other_states":33,"cured_total":195,"cured_total_belonging_punjab":173,"cured_total_belonging_other_states":22,"deaths_total":51,"deaths_total_belonging_punjab":45,"deaths_total_belonging_other_states":6,"lama":8,"lama_belonging_punjab":68,"lama_belonging_other_states":8.0},{"date":"2021-07-17","new_cases":2,"deaths_today":0,"cured_today":1.0,"cases_total":650,"cases_belonging_punjab":581.0,"cases_belonging_other_states":69.0,"under_treatment_total":326,"under_treatment_belonging_punjab":293,"under_treatment_beloging_other_states":33,"cured_total":196,"cured_total_belonging_punjab":174,"cured_total_belonging_other_states":22,"deaths_total":51,"deaths_total_belonging_punjab":45,"deaths_total_belonging_other_states":6,"lama":8,"lama_belonging_punjab":69,"lama_belonging_other_states":8.0},{"date":"2021-07-18","new_cases":1,"deaths_today":0,"cured_today":0.0,"cases_total":651,"cases_belonging_punjab":582.0,"cases_belonging_other_states":69.0,"under_treatment_total":327,"under_treatment_belonging_punjab":294,"under_treatment_beloging_other_states":33,"cured_total":196,"cured_total_belonging_punjab":174,"cured_total_belonging_other_states":22,"deaths_total":51,"deaths_total_belonging_punjab":45,"deaths_total_belonging_other_states":6,"lama":8,"lama_belonging_punjab":69,"lama_belonging_other_states":8.0},{"date":"2021-07-19","new_cases":3,"deaths_today":0,"cured_today":3.0,"cases_total":654,"cases_belonging_punjab":584.0,"cases_belonging_other_states":70.0,"under_treatment_total":328,"under_treatment_belonging_punjab":294,"under_treatment_beloging_other_states":34,"cured_total":199,"cured_total_belonging_punjab":177,"cured_total_belonging_other_states":22,"deaths_total":51,"deaths_total_belonging_punjab":45,"deaths_total_belonging_other_states":6,"lama":8,"lama_belonging_punjab":68,"lama_belonging_other_states":8.0},{"date":"2021-07-20","new_cases":0,"deaths_today":0,"cured_today":2.0,"cases_total":654,"cases_belonging_punjab":584.0,"cases_belonging_other_states":70.0,"under_treatment_total":326,"under_treatment_belonging_punjab":292,"under_treatment_beloging_other_states":34,"cured_total":201,"cured_total_belonging_punjab":179,"cured_total_belonging_other_states":22,"deaths_total":51,"deaths_total_belonging_punjab":45,"deaths_total_belonging_other_states":6,"lama":8,"lama_belonging_punjab":68,"lama_belonging_other_states":8.0},{"date":"2021-07-21","new_cases":0,"deaths_today":0,"cured_today":1.0,"cases_total":654,"cases_belonging_punjab":584.0,"cases_belonging_other_states":70.0,"under_treatment_total":325,"under_treatment_belonging_punjab":291,"under_treatment_beloging_other_states":34,"cured_total":202,"cured_total_belonging_punjab":180,"cured_total_belonging_other_states":22,"deaths_total":51,"deaths_total_belonging_punjab":45,"deaths_total_belonging_other_states":6,"lama":68,"lama_belonging_punjab":68,"lama_belonging_other_states":null},{"date":"2021-07-22","new_cases":3,"deaths_today":0,"cured_today":1.0,"cases_total":657,"cases_belonging_punjab":587.0,"cases_belonging_other_states":70.0,"under_treatment_total":327,"under_treatment_belonging_punjab":293,"under_treatment_beloging_other_states":34,"cured_total":203,"cured_total_belonging_punjab":181,"cured_total_belonging_other_states":22,"deaths_total":51,"deaths_total_belonging_punjab":45,"deaths_total_belonging_other_states":6,"lama":8,"lama_belonging_punjab":68,"lama_belonging_other_states":8.0},{"date":"2021-07-23","new_cases":0,"deaths_today":0,"cured_today":0.0,"cases_total":657,"cases_belonging_punjab":587.0,"cases_belonging_other_states":70.0,"under_treatment_total":326,"under_treatment_belonging_punjab":292,"under_treatment_beloging_other_states":34,"cured_total":203,"cured_total_belonging_punjab":181,"cured_total_belonging_other_states":22,"deaths_total":51,"deaths_total_belonging_punjab":45,"deaths_total_belonging_other_states":6,"lama":8,"lama_belonging_punjab":69,"lama_belonging_other_states":8.0},{"date":"2021-07-24","new_cases":0,"deaths_today":0,"cured_today":0.0,"cases_total":657,"cases_belonging_punjab":587.0,"cases_belonging_other_states":70.0,"under_treatment_total":326,"under_treatment_belonging_punjab":292,"under_treatment_beloging_other_states":34,"cured_total":203,"cured_total_belonging_punjab":181,"cured_total_belonging_other_states":22,"deaths_total":51,"deaths_total_belonging_punjab":45,"deaths_total_belonging_other_states":6,"lama":8,"lama_belonging_punjab":69,"lama_belonging_other_states":8.0},{"date":"2021-07-25","new_cases":2,"deaths_today":0,"cured_today":1.0,"cases_total":659,"cases_belonging_punjab":589.0,"cases_belonging_other_states":70.0,"under_treatment_total":327,"under_treatment_belonging_punjab":294,"under_treatment_beloging_other_states":33,"cured_total":204,"cured_total_belonging_punjab":181,"cured_total_belonging_other_states":23,"deaths_total":51,"deaths_total_belonging_punjab":45,"deaths_total_belonging_other_states":6,"lama":8,"lama_belonging_punjab":69,"lama_belonging_other_states":8.0},{"date":"2022-01-01","new_cases":0,"deaths_today":0,"cured_today":0.0,"cases_total":691,"cases_belonging_punjab":null,"cases_belonging_other_states":null,"under_treatment_total":0,"under_treatment_belonging_punjab":618,"under_treatment_beloging_other_states":73,"cured_total":480,"cured_total_belonging_punjab":0,"cured_total_belonging_other_states":0,"deaths_total":119,"deaths_total_belonging_punjab":108,"deaths_total_belonging_other_states":11,"lama":5,"lama_belonging_punjab":54,"lama_belonging_other_states":5.0},{"date":"2022-01-02","new_cases":0,"deaths_today":0,"cured_today":0.0,"cases_total":691,"cases_belonging_punjab":null,"cases_belonging_other_states":null,"under_treatment_total":0,"under_treatment_belonging_punjab":618,"under_treatment_beloging_other_states":73,"cured_total":480,"cured_total_belonging_punjab":0,"cured_total_belonging_other_states":0,"deaths_total":119,"deaths_total_belonging_punjab":108,"deaths_total_belonging_other_states":11,"lama":5,"lama_belonging_punjab":54,"lama_belonging_other_states":5.0},{"date":"2022-01-03","new_cases":0,"deaths_today":0,"cured_today":0.0,"cases_total":691,"cases_belonging_punjab":null,"cases_belonging_other_states":null,"under_treatment_total":0,"under_treatment_belonging_punjab":618,"under_treatment_beloging_other_states":73,"cured_total":480,"cured_total_belonging_punjab":0,"cured_total_belonging_other_states":0,"deaths_total":119,"deaths_total_belonging_punjab":108,"deaths_total_belonging_other_states":11,"lama":5,"lama_belonging_punjab":54,"lama_belonging_other_states":5.0}]