[{"date":"2021-05-30","city":"ambala","patients":1,"deaths":0},{"date":"2021-05-30","city":"bhiwani","patients":1,"deaths":0},{"date":"2021-05-30","city":"central delhi","patients":1,"deaths":0},{"date":"2021-05-30","city":"chandigarh","patients":2,"deaths":0},{"date":"2021-05-30","city":"dehradun","patients":1,"deaths":0},{"date":"2021-05-30","city":"fatehabad","patients":1,"deaths":0},{"date":"2021-05-30","city":"ganganagar","patients":1,"deaths":0},{"date":"2021-05-30","city":"gautam buddhanagar","patients":1,"deaths":0},{"date":"2021-05-30","city":"grand total","patients":35,"deaths":2},{"date":"2021-05-30","city":"jammu","patients":2,"deaths":0},{"date":"2021-05-30","city":"kaithal","patients":2,"deaths":0},{"date":"2021-05-30","city":"karnal","patients":2,"deaths":0},{"date":"2021-05-30","city":"kathua","patients":2,"deaths":0},{"date":"2021-05-30","city":"kurukshetra","patients":1,"deaths":0},{"date":"2021-05-30","city":"mandi","patients":1,"deaths":0},{"date":"2021-05-30","city":"meerut","patients":1,"deaths":0},{"date":"2021-05-30","city":"nanded","patients":1,"deaths":0},{"date":"2021-05-30","city":"new delhi","patients":1,"deaths":1},{"date":"2021-05-30","city":"panchkula","patients":1,"deaths":0},{"date":"2021-05-30","city":"saharanpur","patients":2,"deaths":0},{"date":"2021-05-30","city":"shahjahanpur","patients":1,"deaths":0},{"date":"2021-05-30","city":"sirsa","patients":8,"deaths":1},{"date":"2021-05-30","city":"west delhi","patients":1,"deaths":0},{"date":"2021-05-31","city":"ambala","patients":1,"deaths":0},{"date":"2021-05-31","city":"bhiwani","patients":1,"deaths":0},{"date":"2021-05-31","city":"central delhi","patients":1,"deaths":0},{"date":"2021-05-31","city":"chandigarh","patients":3,"deaths":0},{"date":"2021-05-31","city":"dehradun","patients":2,"deaths":0},{"date":"2021-05-31","city":"fatehabad","patients":1,"deaths":0},{"date":"2021-05-31","city":"ganganagar","patients":1,"deaths":0},{"date":"2021-05-31","city":"gautam buddha nagar","patients":1,"deaths":0},{"date":"2021-05-31","city":"grand total","patients":41,"deaths":2},{"date":"2021-05-31","city":"jammu","patients":2,"deaths":0},{"date":"2021-05-31","city":"kaithal","patients":2,"deaths":0},{"date":"2021-05-31","city":"karnal","patients":3,"deaths":0},{"date":"2021-05-31","city":"kathua","patients":2,"deaths":0},{"date":"2021-05-31","city":"kurukshetra","patients":1,"deaths":0},{"date":"2021-05-31","city":"mandi","patients":1,"deaths":0},{"date":"2021-05-31","city":"meerut","patients":1,"deaths":0},{"date":"2021-05-31","city":"nanded","patients":1,"deaths":0},{"date":"2021-05-31","city":"new delhi","patients":1,"deaths":1},{"date":"2021-05-31","city":"panchkula","patients":1,"deaths":0},{"date":"2021-05-31","city":"saharanpur","patients":2,"deaths":0},{"date":"2021-05-31","city":"shahjahanpur","patients":2,"deaths":0},{"date":"2021-05-31","city":"sirsa","patients":9,"deaths":1},{"date":"2021-05-31","city":"sonipat","patients":1,"deaths":0},{"date":"2021-05-31","city":"west delhi","patients":1,"deaths":0},{"date":"2021-06-01","city":"ambala","patients":1,"deaths":0},{"date":"2021-06-01","city":"bhiwani","patients":1,"deaths":0},{"date":"2021-06-01","city":"central delhi","patients":1,"deaths":0},{"date":"2021-06-01","city":"chandigarh","patients":3,"deaths":0},{"date":"2021-06-01","city":"dehradun","patients":2,"deaths":0},{"date":"2021-06-01","city":"fatehabad","patients":1,"deaths":0},{"date":"2021-06-01","city":"ganganagar","patients":1,"deaths":0},{"date":"2021-06-01","city":"gautam buddhanagar","patients":1,"deaths":0},{"date":"2021-06-01","city":"grand total","patients":41,"deaths":2},{"date":"2021-06-01","city":"jammu","patients":2,"deaths":0},{"date":"2021-06-01","city":"kaithal","patients":2,"deaths":0},{"date":"2021-06-01","city":"karnal","patients":3,"deaths":0},{"date":"2021-06-01","city":"kathua","patients":2,"deaths":0},{"date":"2021-06-01","city":"kurukshetra","patients":1,"deaths":0},{"date":"2021-06-01","city":"mandi","patients":1,"deaths":0},{"date":"2021-06-01","city":"meerut","patients":1,"deaths":0},{"date":"2021-06-01","city":"nanded","patients":1,"deaths":0},{"date":"2021-06-01","city":"new delhi","patients":1,"deaths":1},{"date":"2021-06-01","city":"panchkula","patients":1,"deaths":0},{"date":"2021-06-01","city":"saharanpur","patients":2,"deaths":0},{"date":"2021-06-01","city":"shahjahanpur","patients":2,"deaths":0},{"date":"2021-06-01","city":"sirsa","patients":9,"deaths":1},{"date":"2021-06-01","city":"sonipat","patients":1,"deaths":0},{"date":"2021-06-01","city":"west delhi","patients":1,"deaths":0},{"date":"2021-06-03","city":"ambala","patients":2,"deaths":0},{"date":"2021-06-03","city":"bhiwani","patients":1,"deaths":0},{"date":"2021-06-03","city":"bikaner","patients":1,"deaths":0},{"date":"2021-06-03","city":"central delhi","patients":1,"deaths":0},{"date":"2021-06-03","city":"chandigarh","patients":3,"deaths":1},{"date":"2021-06-03","city":"dehradun","patients":2,"deaths":0},{"date":"2021-06-03","city":"fatehabad","patients":1,"deaths":0},{"date":"2021-06-03","city":"ganganagar","patients":1,"deaths":0},{"date":"2021-06-03","city":"gautam buddha nagar","patients":1,"deaths":0},{"date":"2021-06-03","city":"grand total","patients":46,"deaths":6},{"date":"2021-06-03","city":"hisar","patients":1,"deaths":0},{"date":"2021-06-03","city":"jammu","patients":3,"deaths":0},{"date":"2021-06-03","city":"kaithal","patients":2,"deaths":0},{"date":"2021-06-03","city":"karnal","patients":3,"deaths":1},{"date":"2021-06-03","city":"kathua","patients":2,"deaths":0},{"date":"2021-06-03","city":"kurukshetra","patients":1,"deaths":0},{"date":"2021-06-03","city":"mandi","patients":1,"deaths":0},{"date":"2021-06-03","city":"meerut","patients":1,"deaths":0},{"date":"2021-06-03","city":"nanded","patients":1,"deaths":0},{"date":"2021-06-03","city":"new delhi","patients":1,"deaths":1},{"date":"2021-06-03","city":"panchkula","patients":1,"deaths":0},{"date":"2021-06-03","city":"saharanpur","patients":2,"deaths":0},{"date":"2021-06-03","city":"shahjahanpur","patients":2,"deaths":0},{"date":"2021-06-03","city":"sirsa","patients":10,"deaths":2},{"date":"2021-06-03","city":"sonipat","patients":1,"deaths":1},{"date":"2021-06-03","city":"west delhi","patients":1,"deaths":0},{"date":"2021-06-04","city":"ambala","patients":2,"deaths":0},{"date":"2021-06-04","city":"bhiwani","patients":1,"deaths":0},{"date":"2021-06-04","city":"bikaner","patients":1,"deaths":0},{"date":"2021-06-04","city":"central delhi","patients":1,"deaths":0},{"date":"2021-06-04","city":"chandigarh","patients":3,"deaths":1},{"date":"2021-06-04","city":"dehradun","patients":2,"deaths":0},{"date":"2021-06-04","city":"fatehabad","patients":1,"deaths":0},{"date":"2021-06-04","city":"ganganagar","patients":1,"deaths":0},{"date":"2021-06-04","city":"gautam buddha nagar","patients":1,"deaths":0},{"date":"2021-06-04","city":"grand total","patients":46,"deaths":6},{"date":"2021-06-04","city":"hisar","patients":1,"deaths":0},{"date":"2021-06-04","city":"jammu","patients":3,"deaths":0},{"date":"2021-06-04","city":"kaithal","patients":2,"deaths":0},{"date":"2021-06-04","city":"karnal","patients":3,"deaths":1},{"date":"2021-06-04","city":"kathua","patients":2,"deaths":0},{"date":"2021-06-04","city":"kurukshetra","patients":1,"deaths":0},{"date":"2021-06-04","city":"mandi","patients":1,"deaths":0},{"date":"2021-06-04","city":"meerut","patients":1,"deaths":0},{"date":"2021-06-04","city":"nanded","patients":1,"deaths":0},{"date":"2021-06-04","city":"new delhi","patients":1,"deaths":1},{"date":"2021-06-04","city":"panchkula","patients":1,"deaths":0},{"date":"2021-06-04","city":"saharanpur","patients":2,"deaths":0},{"date":"2021-06-04","city":"shahjahanpur","patients":2,"deaths":0},{"date":"2021-06-04","city":"sirsa","patients":10,"deaths":2},{"date":"2021-06-04","city":"sonipat","patients":1,"deaths":1},{"date":"2021-06-04","city":"west delhi","patients":1,"deaths":0},{"date":"2021-06-06","city":"ambala","patients":3,"deaths":0},{"date":"2021-06-06","city":"bhiwani","patients":1,"deaths":0},{"date":"2021-06-06","city":"bikaner","patients":1,"deaths":0},{"date":"2021-06-06","city":"central delhi","patients":1,"deaths":1},{"date":"2021-06-06","city":"chandigarh","patients":3,"deaths":1},{"date":"2021-06-06","city":"dehradun","patients":2,"deaths":0},{"date":"2021-06-06","city":"fatehabad","patients":1,"deaths":0},{"date":"2021-06-06","city":"ganganagar","patients":1,"deaths":0},{"date":"2021-06-06","city":"gautam buddha nagar","patients":1,"deaths":0},{"date":"2021-06-06","city":"grand total","patients":47,"deaths":7},{"date":"2021-06-06","city":"hisar","patients":1,"deaths":0},{"date":"2021-06-06","city":"jammu","patients":3,"deaths":0},{"date":"2021-06-06","city":"kaithal","patients":2,"deaths":0},{"date":"2021-06-06","city":"karnal","patients":3,"deaths":1},{"date":"2021-06-06","city":"kathua","patients":2,"deaths":0},{"date":"2021-06-06","city":"kurukshetra","patients":1,"deaths":0},{"date":"2021-06-06","city":"mandi","patients":1,"deaths":0},{"date":"2021-06-06","city":"meerut","patients":1,"deaths":0},{"date":"2021-06-06","city":"nanded","patients":1,"deaths":0},{"date":"2021-06-06","city":"new delhi","patients":1,"deaths":1},{"date":"2021-06-06","city":"panchkula","patients":1,"deaths":0},{"date":"2021-06-06","city":"saharanpur","patients":2,"deaths":0},{"date":"2021-06-06","city":"shahjahanpur","patients":2,"deaths":0},{"date":"2021-06-06","city":"sirsa","patients":10,"deaths":2},{"date":"2021-06-06","city":"sonipat","patients":1,"deaths":1},{"date":"2021-06-06","city":"west delhi","patients":1,"deaths":0},{"date":"2021-06-07","city":"ambala","patients":4,"deaths":0},{"date":"2021-06-07","city":"bhiwani","patients":1,"deaths":0},{"date":"2021-06-07","city":"bikaner","patients":1,"deaths":0},{"date":"2021-06-07","city":"central","patients":1,"deaths":1},{"date":"2021-06-07","city":"chandigarh","patients":3,"deaths":0},{"date":"2021-06-07","city":"dehradun","patients":2,"deaths":0},{"date":"2021-06-07","city":"fatehabad","patients":1,"deaths":0},{"date":"2021-06-07","city":"ganganagar","patients":1,"deaths":0},{"date":"2021-06-07","city":"gautam buddha nagar","patients":1,"deaths":0},{"date":"2021-06-07","city":"grand total","patients":48,"deaths":5},{"date":"2021-06-07","city":"hisar","patients":1,"deaths":0},{"date":"2021-06-07","city":"jammu","patients":3,"deaths":0},{"date":"2021-06-07","city":"kaithal","patients":2,"deaths":0},{"date":"2021-06-07","city":"karnal","patients":3,"deaths":0},{"date":"2021-06-07","city":"kathua","patients":2,"deaths":0},{"date":"2021-06-07","city":"kurukshetra","patients":1,"deaths":0},{"date":"2021-06-07","city":"mandi","patients":1,"deaths":0},{"date":"2021-06-07","city":"meerut","patients":1,"deaths":0},{"date":"2021-06-07","city":"nanded","patients":1,"deaths":0},{"date":"2021-06-07","city":"new delhi","patients":1,"deaths":1},{"date":"2021-06-07","city":"panchkula","patients":1,"deaths":0},{"date":"2021-06-07","city":"saharanpur","patients":2,"deaths":0},{"date":"2021-06-07","city":"shahjahanpur","patients":2,"deaths":0},{"date":"2021-06-07","city":"sirsa","patients":10,"deaths":2},{"date":"2021-06-07","city":"sonipat","patients":1,"deaths":1},{"date":"2021-06-07","city":"west","patients":1,"deaths":0},{"date":"2021-06-08","city":"ambala","patients":4,"deaths":0},{"date":"2021-06-08","city":"bhiwani","patients":1,"deaths":0},{"date":"2021-06-08","city":"bikaner","patients":1,"deaths":0},{"date":"2021-06-08","city":"central delhi","patients":1,"deaths":1},{"date":"2021-06-08","city":"chandigarh","patients":3,"deaths":0},{"date":"2021-06-08","city":"dehradun","patients":2,"deaths":0},{"date":"2021-06-08","city":"fatehabad","patients":1,"deaths":0},{"date":"2021-06-08","city":"ganganagar","patients":1,"deaths":0},{"date":"2021-06-08","city":"gautam buddha nagar","patients":1,"deaths":0},{"date":"2021-06-08","city":"grand total","patients":49,"deaths":5},{"date":"2021-06-08","city":"hanumangarh","patients":1,"deaths":0},{"date":"2021-06-08","city":"hisar","patients":1,"deaths":0},{"date":"2021-06-08","city":"jammu","patients":3,"deaths":0},{"date":"2021-06-08","city":"kaithal","patients":2,"deaths":0},{"date":"2021-06-08","city":"karnal","patients":3,"deaths":0},{"date":"2021-06-08","city":"kathua","patients":2,"deaths":0},{"date":"2021-06-08","city":"kurukshetra","patients":1,"deaths":0},{"date":"2021-06-08","city":"mandi","patients":1,"deaths":0},{"date":"2021-06-08","city":"meerut","patients":1,"deaths":0},{"date":"2021-06-08","city":"nanded","patients":1,"deaths":0},{"date":"2021-06-08","city":"new delhi","patients":1,"deaths":1},{"date":"2021-06-08","city":"panchkula","patients":1,"deaths":0},{"date":"2021-06-08","city":"saharanpur","patients":2,"deaths":0},{"date":"2021-06-08","city":"shahjahanpur","patients":2,"deaths":0},{"date":"2021-06-08","city":"sirsa","patients":10,"deaths":2},{"date":"2021-06-08","city":"sonipat","patients":1,"deaths":1},{"date":"2021-06-08","city":"west delhi","patients":1,"deaths":0},{"date":"2021-06-09","city":"ambala","patients":4,"deaths":0},{"date":"2021-06-09","city":"bhiwani","patients":1,"deaths":0},{"date":"2021-06-09","city":"bikaner","patients":1,"deaths":0},{"date":"2021-06-09","city":"central delhi","patients":1,"deaths":1},{"date":"2021-06-09","city":"chandigarh","patients":3,"deaths":0},{"date":"2021-06-09","city":"dehradun","patients":2,"deaths":0},{"date":"2021-06-09","city":"fatehabad","patients":1,"deaths":0},{"date":"2021-06-09","city":"ganganagar","patients":1,"deaths":0},{"date":"2021-06-09","city":"gautam buddha nagar","patients":1,"deaths":0},{"date":"2021-06-09","city":"grand total","patients":46,"deaths":4},{"date":"2021-06-09","city":"hisar","patients":1,"deaths":0},{"date":"2021-06-09","city":"jammu","patients":3,"deaths":0},{"date":"2021-06-09","city":"kaithal","patients":2,"deaths":0},{"date":"2021-06-09","city":"karnal","patients":3,"deaths":0},{"date":"2021-06-09","city":"kathua","patients":2,"deaths":0},{"date":"2021-06-09","city":"kurukshetra","patients":1,"deaths":0},{"date":"2021-06-09","city":"mandi","patients":1,"deaths":0},{"date":"2021-06-09","city":"meerut","patients":1,"deaths":0},{"date":"2021-06-09","city":"nanded","patients":1,"deaths":0},{"date":"2021-06-09","city":"new delhi","patients":1,"deaths":1},{"date":"2021-06-09","city":"panchkula","patients":1,"deaths":0},{"date":"2021-06-09","city":"saharanpur","patients":2,"deaths":0},{"date":"2021-06-09","city":"shahjahanpur","patients":2,"deaths":0},{"date":"2021-06-09","city":"sirsa","patients":8,"deaths":1},{"date":"2021-06-09","city":"sonipat","patients":1,"deaths":1},{"date":"2021-06-09","city":"west delhi","patients":1,"deaths":0},{"date":"2021-06-10","city":"ambala","patients":4,"deaths":0},{"date":"2021-06-10","city":"bhiwani","patients":1,"deaths":0},{"date":"2021-06-10","city":"bikaner","patients":1,"deaths":0},{"date":"2021-06-10","city":"central delhi","patients":1,"deaths":1},{"date":"2021-06-10","city":"chandigarh","patients":3,"deaths":0},{"date":"2021-06-10","city":"dehradun","patients":2,"deaths":0},{"date":"2021-06-10","city":"fatehabad","patients":2,"deaths":0},{"date":"2021-06-10","city":"ganganagar","patients":1,"deaths":0},{"date":"2021-06-10","city":"gautam buddha nagar","patients":1,"deaths":0},{"date":"2021-06-10","city":"grand total","patients":47,"deaths":4},{"date":"2021-06-10","city":"hisar","patients":1,"deaths":0},{"date":"2021-06-10","city":"jammu","patients":3,"deaths":0},{"date":"2021-06-10","city":"kaithal","patients":2,"deaths":0},{"date":"2021-06-10","city":"karnal","patients":3,"deaths":0},{"date":"2021-06-10","city":"kathua","patients":2,"deaths":0},{"date":"2021-06-10","city":"kurukshetra","patients":1,"deaths":0},{"date":"2021-06-10","city":"mandi","patients":1,"deaths":0},{"date":"2021-06-10","city":"meerut","patients":1,"deaths":0},{"date":"2021-06-10","city":"nanded","patients":1,"deaths":0},{"date":"2021-06-10","city":"new delhi","patients":1,"deaths":1},{"date":"2021-06-10","city":"panchkula","patients":1,"deaths":0},{"date":"2021-06-10","city":"saharanpur","patients":2,"deaths":0},{"date":"2021-06-10","city":"shahjahanpur","patients":2,"deaths":0},{"date":"2021-06-10","city":"sirsa","patients":8,"deaths":1},{"date":"2021-06-10","city":"sonipat","patients":1,"deaths":1},{"date":"2021-06-10","city":"west delhi","patients":1,"deaths":0},{"date":"2021-06-11","city":"ambala","patients":4,"deaths":0},{"date":"2021-06-11","city":"bhiwani","patients":1,"deaths":0},{"date":"2021-06-11","city":"bikaner","patients":1,"deaths":0},{"date":"2021-06-11","city":"central","patients":1,"deaths":1},{"date":"2021-06-11","city":"chandigarh","patients":3,"deaths":0},{"date":"2021-06-11","city":"dehradun","patients":3,"deaths":0},{"date":"2021-06-11","city":"fatehabad","patients":3,"deaths":0},{"date":"2021-06-11","city":"ganganagar","patients":1,"deaths":0},{"date":"2021-06-11","city":"gautam buddha nagar","patients":1,"deaths":0},{"date":"2021-06-11","city":"grand total","patients":50,"deaths":4},{"date":"2021-06-11","city":"hisar","patients":1,"deaths":0},{"date":"2021-06-11","city":"jammu","patients":3,"deaths":0},{"date":"2021-06-11","city":"kaithal","patients":2,"deaths":0},{"date":"2021-06-11","city":"karnal","patients":3,"deaths":0},{"date":"2021-06-11","city":"kathua","patients":2,"deaths":0},{"date":"2021-06-11","city":"kurukshetra","patients":2,"deaths":0},{"date":"2021-06-11","city":"mandi","patients":1,"deaths":0},{"date":"2021-06-11","city":"meerut","patients":1,"deaths":0},{"date":"2021-06-11","city":"nanded","patients":1,"deaths":0},{"date":"2021-06-11","city":"new delhi","patients":1,"deaths":1},{"date":"2021-06-11","city":"panchkula","patients":1,"deaths":0},{"date":"2021-06-11","city":"saharanpur","patients":2,"deaths":0},{"date":"2021-06-11","city":"shahjahanpur","patients":2,"deaths":0},{"date":"2021-06-11","city":"sirsa","patients":8,"deaths":1},{"date":"2021-06-11","city":"sonipat","patients":1,"deaths":1},{"date":"2021-06-11","city":"west","patients":1,"deaths":0},{"date":"2021-06-12","city":"ambala","patients":4,"deaths":0},{"date":"2021-06-12","city":"bhiwani","patients":1,"deaths":0},{"date":"2021-06-12","city":"bikaner","patients":1,"deaths":0},{"date":"2021-06-12","city":"central","patients":1,"deaths":1},{"date":"2021-06-12","city":"chandigarh","patients":3,"deaths":0},{"date":"2021-06-12","city":"dehradun","patients":3,"deaths":0},{"date":"2021-06-12","city":"fatehabad","patients":3,"deaths":0},{"date":"2021-06-12","city":"ganganagar","patients":1,"deaths":0},{"date":"2021-06-12","city":"gautam buddha nagar","patients":1,"deaths":0},{"date":"2021-06-12","city":"grand total","patients":50,"deaths":4},{"date":"2021-06-12","city":"hisar","patients":1,"deaths":0},{"date":"2021-06-12","city":"jammu","patients":3,"deaths":0},{"date":"2021-06-12","city":"kaithal","patients":2,"deaths":0},{"date":"2021-06-12","city":"karnal","patients":3,"deaths":0},{"date":"2021-06-12","city":"kathua","patients":2,"deaths":0},{"date":"2021-06-12","city":"kurukshetra","patients":2,"deaths":0},{"date":"2021-06-12","city":"mandi","patients":1,"deaths":0},{"date":"2021-06-12","city":"meerut","patients":1,"deaths":0},{"date":"2021-06-12","city":"nanded","patients":1,"deaths":0},{"date":"2021-06-12","city":"new delhi","patients":1,"deaths":1},{"date":"2021-06-12","city":"panchkula","patients":1,"deaths":0},{"date":"2021-06-12","city":"saharanpur","patients":2,"deaths":0},{"date":"2021-06-12","city":"shahjahanpur","patients":2,"deaths":0},{"date":"2021-06-12","city":"sirsa","patients":8,"deaths":1},{"date":"2021-06-12","city":"sonipat","patients":1,"deaths":1},{"date":"2021-06-12","city":"west","patients":1,"deaths":0},{"date":"2021-06-13","city":"ambala","patients":4,"deaths":0},{"date":"2021-06-13","city":"bhiwani","patients":1,"deaths":0},{"date":"2021-06-13","city":"bikaner","patients":1,"deaths":0},{"date":"2021-06-13","city":"central","patients":1,"deaths":1},{"date":"2021-06-13","city":"chandigarh","patients":3,"deaths":0},{"date":"2021-06-13","city":"dehradun","patients":3,"deaths":0},{"date":"2021-06-13","city":"fatehabad","patients":3,"deaths":0},{"date":"2021-06-13","city":"ganganagar","patients":1,"deaths":0},{"date":"2021-06-13","city":"gautam buddha nagar","patients":1,"deaths":0},{"date":"2021-06-13","city":"grand total","patients":51,"deaths":4},{"date":"2021-06-13","city":"hisar","patients":1,"deaths":0},{"date":"2021-06-13","city":"jammu","patients":3,"deaths":0},{"date":"2021-06-13","city":"kaithal","patients":2,"deaths":0},{"date":"2021-06-13","city":"karnal","patients":3,"deaths":0},{"date":"2021-06-13","city":"kathua","patients":2,"deaths":0},{"date":"2021-06-13","city":"kurukshetra","patients":2,"deaths":0},{"date":"2021-06-13","city":"mandi","patients":1,"deaths":0},{"date":"2021-06-13","city":"meerut","patients":1,"deaths":0},{"date":"2021-06-13","city":"nanded","patients":1,"deaths":0},{"date":"2021-06-13","city":"new delhi","patients":1,"deaths":1},{"date":"2021-06-13","city":"panchkula","patients":1,"deaths":0},{"date":"2021-06-13","city":"saharanpur","patients":1,"deaths":0},{"date":"2021-06-13","city":"shahjahanpur","patients":2,"deaths":0},{"date":"2021-06-13","city":"sirsa","patients":10,"deaths":1},{"date":"2021-06-13","city":"sonipat","patients":1,"deaths":1},{"date":"2021-06-13","city":"west","patients":1,"deaths":0},{"date":"2021-06-14","city":"ambala","patients":4,"deaths":0},{"date":"2021-06-14","city":"bhiwani","patients":1,"deaths":0},{"date":"2021-06-14","city":"bikaner","patients":1,"deaths":0},{"date":"2021-06-14","city":"central","patients":1,"deaths":1},{"date":"2021-06-14","city":"chandigarh","patients":3,"deaths":0},{"date":"2021-06-14","city":"dehradun","patients":3,"deaths":0},{"date":"2021-06-14","city":"fatehabad","patients":3,"deaths":0},{"date":"2021-06-14","city":"ganganagar","patients":1,"deaths":0},{"date":"2021-06-14","city":"gautam buddha nagar","patients":1,"deaths":0},{"date":"2021-06-14","city":"grand total","patients":53,"deaths":4},{"date":"2021-06-14","city":"hanumangarh","patients":1,"deaths":0},{"date":"2021-06-14","city":"hisar","patients":1,"deaths":0},{"date":"2021-06-14","city":"jammu","patients":3,"deaths":0},{"date":"2021-06-14","city":"kaithal","patients":2,"deaths":0},{"date":"2021-06-14","city":"karnal","patients":3,"deaths":0},{"date":"2021-06-14","city":"kathua","patients":2,"deaths":0},{"date":"2021-06-14","city":"kurukshetra","patients":2,"deaths":0},{"date":"2021-06-14","city":"mandi","patients":1,"deaths":0},{"date":"2021-06-14","city":"meerut","patients":1,"deaths":0},{"date":"2021-06-14","city":"nanded","patients":1,"deaths":0},{"date":"2021-06-14","city":"new delhi","patients":1,"deaths":1},{"date":"2021-06-14","city":"panchkula","patients":1,"deaths":0},{"date":"2021-06-14","city":"saharanpur","patients":1,"deaths":0},{"date":"2021-06-14","city":"shahjahanpur","patients":2,"deaths":0},{"date":"2021-06-14","city":"sirsa","patients":11,"deaths":0},{"date":"2021-06-14","city":"sonipat","patients":1,"deaths":1},{"date":"2021-06-14","city":"west","patients":1,"deaths":1},{"date":"2021-06-15","city":"ambala","patients":4,"deaths":0},{"date":"2021-06-15","city":"bhiwani","patients":1,"deaths":0},{"date":"2021-06-15","city":"bikaner","patients":1,"deaths":0},{"date":"2021-06-15","city":"central","patients":1,"deaths":1},{"date":"2021-06-15","city":"chandigarh","patients":3,"deaths":0},{"date":"2021-06-15","city":"dehradun","patients":3,"deaths":0},{"date":"2021-06-15","city":"fatehabad","patients":3,"deaths":0},{"date":"2021-06-15","city":"ganganagar","patients":1,"deaths":0},{"date":"2021-06-15","city":"gautam buddha nagar","patients":1,"deaths":0},{"date":"2021-06-15","city":"grand total","patients":54,"deaths":5},{"date":"2021-06-15","city":"hanumangarh","patients":1,"deaths":0},{"date":"2021-06-15","city":"hisar","patients":1,"deaths":0},{"date":"2021-06-15","city":"jammu","patients":4,"deaths":0},{"date":"2021-06-15","city":"kaithal","patients":2,"deaths":0},{"date":"2021-06-15","city":"karnal","patients":3,"deaths":0},{"date":"2021-06-15","city":"kathua","patients":2,"deaths":0},{"date":"2021-06-15","city":"kurukshetra","patients":2,"deaths":0},{"date":"2021-06-15","city":"mandi","patients":1,"deaths":0},{"date":"2021-06-15","city":"meerut","patients":1,"deaths":0},{"date":"2021-06-15","city":"nanded","patients":1,"deaths":0},{"date":"2021-06-15","city":"new delhi","patients":1,"deaths":1},{"date":"2021-06-15","city":"panchkula","patients":1,"deaths":0},{"date":"2021-06-15","city":"saharanpur","patients":2,"deaths":0},{"date":"2021-06-15","city":"shahjahanpur","patients":2,"deaths":0},{"date":"2021-06-15","city":"sirsa","patients":10,"deaths":0},{"date":"2021-06-15","city":"sonipat","patients":1,"deaths":2},{"date":"2021-06-15","city":"west","patients":1,"deaths":1},{"date":"2021-06-16","city":"ambala","patients":4,"deaths":0},{"date":"2021-06-16","city":"bhiwani","patients":1,"deaths":0},{"date":"2021-06-16","city":"bikaner","patients":1,"deaths":0},{"date":"2021-06-16","city":"central","patients":1,"deaths":1},{"date":"2021-06-16","city":"chandigarh","patients":3,"deaths":0},{"date":"2021-06-16","city":"dehradun","patients":3,"deaths":0},{"date":"2021-06-16","city":"fatehabad","patients":3,"deaths":0},{"date":"2021-06-16","city":"ganganagar","patients":1,"deaths":0},{"date":"2021-06-16","city":"gautam buddha nagar","patients":1,"deaths":0},{"date":"2021-06-16","city":"grand total","patients":57,"deaths":5},{"date":"2021-06-16","city":"hanumangarh","patients":1,"deaths":0},{"date":"2021-06-16","city":"hisar","patients":1,"deaths":0},{"date":"2021-06-16","city":"jammu","patients":5,"deaths":0},{"date":"2021-06-16","city":"kaithal","patients":2,"deaths":0},{"date":"2021-06-16","city":"karnal","patients":3,"deaths":0},{"date":"2021-06-16","city":"kathua","patients":2,"deaths":0},{"date":"2021-06-16","city":"kurukshetra","patients":2,"deaths":0},{"date":"2021-06-16","city":"mandi","patients":1,"deaths":0},{"date":"2021-06-16","city":"meerut","patients":1,"deaths":0},{"date":"2021-06-16","city":"nanded","patients":1,"deaths":0},{"date":"2021-06-16","city":"new delhi","patients":1,"deaths":1},{"date":"2021-06-16","city":"panchkula","patients":1,"deaths":0},{"date":"2021-06-16","city":"saharanpur","patients":2,"deaths":0},{"date":"2021-06-16","city":"shahjahanpur","patients":2,"deaths":0},{"date":"2021-06-16","city":"sirmaur","patients":1,"deaths":0},{"date":"2021-06-16","city":"sirsa","patients":11,"deaths":2},{"date":"2021-06-16","city":"sonipat","patients":1,"deaths":1},{"date":"2021-06-16","city":"west","patients":1,"deaths":0},{"date":"2021-06-17","city":"ambala","patients":4,"deaths":1},{"date":"2021-06-17","city":"bhiwani","patients":1,"deaths":0},{"date":"2021-06-17","city":"bikaner","patients":1,"deaths":0},{"date":"2021-06-17","city":"central","patients":1,"deaths":1},{"date":"2021-06-17","city":"chandigarh","patients":3,"deaths":0},{"date":"2021-06-17","city":"dehradun","patients":3,"deaths":0},{"date":"2021-06-17","city":"fatehabad","patients":3,"deaths":0},{"date":"2021-06-17","city":"ganganagar","patients":1,"deaths":0},{"date":"2021-06-17","city":"gautam buddha nagar","patients":1,"deaths":0},{"date":"2021-06-17","city":"grand total","patients":57,"deaths":6},{"date":"2021-06-17","city":"hanumangarh","patients":1,"deaths":0},{"date":"2021-06-17","city":"hisar","patients":1,"deaths":0},{"date":"2021-06-17","city":"jammu","patients":5,"deaths":0},{"date":"2021-06-17","city":"kaithal","patients":2,"deaths":0},{"date":"2021-06-17","city":"karnal","patients":3,"deaths":0},{"date":"2021-06-17","city":"kathua","patients":2,"deaths":0},{"date":"2021-06-17","city":"kurukshetra","patients":2,"deaths":0},{"date":"2021-06-17","city":"mandi","patients":1,"deaths":0},{"date":"2021-06-17","city":"meerut","patients":1,"deaths":0},{"date":"2021-06-17","city":"nanded","patients":1,"deaths":0},{"date":"2021-06-17","city":"new delhi","patients":1,"deaths":1},{"date":"2021-06-17","city":"panchkula","patients":1,"deaths":0},{"date":"2021-06-17","city":"saharanpur","patients":2,"deaths":0},{"date":"2021-06-17","city":"shahjahanpur","patients":2,"deaths":0},{"date":"2021-06-17","city":"sirmaur","patients":1,"deaths":0},{"date":"2021-06-17","city":"sirsa","patients":11,"deaths":2},{"date":"2021-06-17","city":"sonipat","patients":1,"deaths":1},{"date":"2021-06-17","city":"west","patients":1,"deaths":0},{"date":"2021-06-18","city":"ambala","patients":4,"deaths":1},{"date":"2021-06-18","city":"bhiwani","patients":1,"deaths":0},{"date":"2021-06-18","city":"bikaner","patients":1,"deaths":0},{"date":"2021-06-18","city":"central delhi","patients":1,"deaths":1},{"date":"2021-06-18","city":"chandigarh","patients":3,"deaths":0},{"date":"2021-06-18","city":"dehradun","patients":3,"deaths":0},{"date":"2021-06-18","city":"fatehabad","patients":3,"deaths":0},{"date":"2021-06-18","city":"ganganagar","patients":1,"deaths":0},{"date":"2021-06-18","city":"gautam buddha nagar","patients":1,"deaths":0},{"date":"2021-06-18","city":"grand total","patients":58,"deaths":6},{"date":"2021-06-18","city":"hanumangarh","patients":1,"deaths":0},{"date":"2021-06-18","city":"hisar","patients":1,"deaths":0},{"date":"2021-06-18","city":"jammu","patients":5,"deaths":0},{"date":"2021-06-18","city":"kaithal","patients":3,"deaths":0},{"date":"2021-06-18","city":"karnal","patients":3,"deaths":0},{"date":"2021-06-18","city":"kathua","patients":2,"deaths":0},{"date":"2021-06-18","city":"kurukshetra","patients":2,"deaths":0},{"date":"2021-06-18","city":"mandi","patients":1,"deaths":0},{"date":"2021-06-18","city":"meerut","patients":1,"deaths":0},{"date":"2021-06-18","city":"nanded","patients":1,"deaths":0},{"date":"2021-06-18","city":"new delhi","patients":1,"deaths":1},{"date":"2021-06-18","city":"panchkula","patients":1,"deaths":0},{"date":"2021-06-18","city":"saharanpur","patients":2,"deaths":0},{"date":"2021-06-18","city":"shahjahanpur","patients":2,"deaths":0},{"date":"2021-06-18","city":"sirmaur","patients":1,"deaths":0},{"date":"2021-06-18","city":"sirsa","patients":11,"deaths":2},{"date":"2021-06-18","city":"sonipat","patients":1,"deaths":1},{"date":"2021-06-18","city":"west delhi","patients":1,"deaths":0},{"date":"2021-06-19","city":"ambala","patients":4,"deaths":1},{"date":"2021-06-19","city":"bhiwani","patients":1,"deaths":0},{"date":"2021-06-19","city":"bikaner","patients":1,"deaths":0},{"date":"2021-06-19","city":"central delhi","patients":1,"deaths":1},{"date":"2021-06-19","city":"chandigarh","patients":3,"deaths":0},{"date":"2021-06-19","city":"dehradun","patients":3,"deaths":0},{"date":"2021-06-19","city":"fatehabad","patients":3,"deaths":0},{"date":"2021-06-19","city":"ganganagar","patients":1,"deaths":0},{"date":"2021-06-19","city":"gautam buddha nagar","patients":1,"deaths":0},{"date":"2021-06-19","city":"grand total","patients":58,"deaths":6},{"date":"2021-06-19","city":"hanumangarh","patients":1,"deaths":0},{"date":"2021-06-19","city":"hisar","patients":1,"deaths":0},{"date":"2021-06-19","city":"jammu","patients":5,"deaths":0},{"date":"2021-06-19","city":"kaithal","patients":3,"deaths":0},{"date":"2021-06-19","city":"karnal","patients":3,"deaths":0},{"date":"2021-06-19","city":"kathua","patients":2,"deaths":0},{"date":"2021-06-19","city":"kurukshetra","patients":2,"deaths":0},{"date":"2021-06-19","city":"mandi","patients":1,"deaths":0},{"date":"2021-06-19","city":"meerut","patients":1,"deaths":0},{"date":"2021-06-19","city":"nanded","patients":1,"deaths":0},{"date":"2021-06-19","city":"new delhi","patients":1,"deaths":1},{"date":"2021-06-19","city":"panchkula","patients":1,"deaths":0},{"date":"2021-06-19","city":"saharanpur","patients":2,"deaths":0},{"date":"2021-06-19","city":"shahjahanpur","patients":2,"deaths":0},{"date":"2021-06-19","city":"sirmaur","patients":1,"deaths":0},{"date":"2021-06-19","city":"sirsa","patients":11,"deaths":2},{"date":"2021-06-19","city":"sonipat","patients":1,"deaths":1},{"date":"2021-06-19","city":"west delhi","patients":1,"deaths":0},{"date":"2021-06-20","city":"ambala","patients":4,"deaths":1},{"date":"2021-06-20","city":"bhiwani","patients":1,"deaths":0},{"date":"2021-06-20","city":"bikaner","patients":1,"deaths":0},{"date":"2021-06-20","city":"central delhi","patients":1,"deaths":1},{"date":"2021-06-20","city":"chandigarh","patients":3,"deaths":0},{"date":"2021-06-20","city":"dehradun","patients":3,"deaths":0},{"date":"2021-06-20","city":"fatehabad","patients":3,"deaths":0},{"date":"2021-06-20","city":"ganganagar","patients":1,"deaths":0},{"date":"2021-06-20","city":"gautam buddha nagar","patients":1,"deaths":0},{"date":"2021-06-20","city":"grand total","patients":58,"deaths":6},{"date":"2021-06-20","city":"hanumangarh","patients":1,"deaths":0},{"date":"2021-06-20","city":"hisar","patients":1,"deaths":0},{"date":"2021-06-20","city":"jammu","patients":5,"deaths":0},{"date":"2021-06-20","city":"kaithal","patients":3,"deaths":0},{"date":"2021-06-20","city":"karnal","patients":3,"deaths":0},{"date":"2021-06-20","city":"kathua","patients":2,"deaths":0},{"date":"2021-06-20","city":"kurukshetra","patients":2,"deaths":0},{"date":"2021-06-20","city":"mandi","patients":1,"deaths":0},{"date":"2021-06-20","city":"meerut","patients":1,"deaths":0},{"date":"2021-06-20","city":"nanded","patients":1,"deaths":0},{"date":"2021-06-20","city":"new delhi","patients":1,"deaths":1},{"date":"2021-06-20","city":"panchkula","patients":1,"deaths":0},{"date":"2021-06-20","city":"saharanpur","patients":2,"deaths":0},{"date":"2021-06-20","city":"shahjahanpur","patients":2,"deaths":0},{"date":"2021-06-20","city":"sirmaur","patients":1,"deaths":0},{"date":"2021-06-20","city":"sirsa","patients":11,"deaths":2},{"date":"2021-06-20","city":"sonipat","patients":1,"deaths":1},{"date":"2021-06-20","city":"west delhi","patients":1,"deaths":0},{"date":"2021-06-21","city":"ambala","patients":4,"deaths":1},{"date":"2021-06-21","city":"bhiwani","patients":1,"deaths":0},{"date":"2021-06-21","city":"bikaner","patients":1,"deaths":0},{"date":"2021-06-21","city":"central","patients":1,"deaths":1},{"date":"2021-06-21","city":"chandigarh","patients":3,"deaths":0},{"date":"2021-06-21","city":"dehradun","patients":3,"deaths":0},{"date":"2021-06-21","city":"fatehabad","patients":3,"deaths":0},{"date":"2021-06-21","city":"ganganagar","patients":1,"deaths":0},{"date":"2021-06-21","city":"gautam buddha nagar","patients":1,"deaths":0},{"date":"2021-06-21","city":"grand total","patients":60,"deaths":6},{"date":"2021-06-21","city":"hanumangarh","patients":1,"deaths":0},{"date":"2021-06-21","city":"hisar","patients":1,"deaths":0},{"date":"2021-06-21","city":"jaipur","patients":1,"deaths":0},{"date":"2021-06-21","city":"jammu","patients":5,"deaths":0},{"date":"2021-06-21","city":"kaithal","patients":3,"deaths":0},{"date":"2021-06-21","city":"karnal","patients":3,"deaths":0},{"date":"2021-06-21","city":"kathua","patients":2,"deaths":0},{"date":"2021-06-21","city":"kurukshetra","patients":2,"deaths":0},{"date":"2021-06-21","city":"mandi","patients":1,"deaths":0},{"date":"2021-06-21","city":"meerut","patients":1,"deaths":0},{"date":"2021-06-21","city":"nanded","patients":1,"deaths":0},{"date":"2021-06-21","city":"new delhi","patients":1,"deaths":1},{"date":"2021-06-21","city":"panchkula","patients":1,"deaths":0},{"date":"2021-06-21","city":"saharanpur","patients":2,"deaths":0},{"date":"2021-06-21","city":"shahjahanpur","patients":2,"deaths":0},{"date":"2021-06-21","city":"sirmaur","patients":1,"deaths":0},{"date":"2021-06-21","city":"sirsa","patients":12,"deaths":2},{"date":"2021-06-21","city":"sonipat","patients":1,"deaths":1},{"date":"2021-06-21","city":"west","patients":1,"deaths":0},{"date":"2021-06-22","city":"ambala","patients":4,"deaths":1},{"date":"2021-06-22","city":"bhiwani","patients":1,"deaths":0},{"date":"2021-06-22","city":"bikaner","patients":1,"deaths":0},{"date":"2021-06-22","city":"central delhi","patients":1,"deaths":1},{"date":"2021-06-22","city":"chandigarh","patients":3,"deaths":0},{"date":"2021-06-22","city":"dehradun","patients":3,"deaths":0},{"date":"2021-06-22","city":"fatehabad","patients":3,"deaths":0},{"date":"2021-06-22","city":"ganganagar","patients":1,"deaths":0},{"date":"2021-06-22","city":"gautam buddha nagar","patients":1,"deaths":0},{"date":"2021-06-22","city":"grand total","patients":60,"deaths":6},{"date":"2021-06-22","city":"hanumangarh","patients":1,"deaths":0},{"date":"2021-06-22","city":"hisar","patients":1,"deaths":0},{"date":"2021-06-22","city":"jaipur","patients":1,"deaths":0},{"date":"2021-06-22","city":"jammu","patients":5,"deaths":0},{"date":"2021-06-22","city":"kaithal","patients":3,"deaths":0},{"date":"2021-06-22","city":"karnal","patients":3,"deaths":0},{"date":"2021-06-22","city":"kathua","patients":2,"deaths":0},{"date":"2021-06-22","city":"kurukshetra","patients":2,"deaths":0},{"date":"2021-06-22","city":"mandi","patients":1,"deaths":0},{"date":"2021-06-22","city":"meerut","patients":1,"deaths":0},{"date":"2021-06-22","city":"nanded","patients":1,"deaths":0},{"date":"2021-06-22","city":"new delhi","patients":1,"deaths":1},{"date":"2021-06-22","city":"panchkula","patients":1,"deaths":0},{"date":"2021-06-22","city":"saharanpur","patients":2,"deaths":0},{"date":"2021-06-22","city":"shahjahanpur","patients":2,"deaths":0},{"date":"2021-06-22","city":"sirmaur","patients":1,"deaths":0},{"date":"2021-06-22","city":"sirsa","patients":12,"deaths":2},{"date":"2021-06-22","city":"sonipat","patients":1,"deaths":1},{"date":"2021-06-22","city":"west delhi","patients":1,"deaths":0},{"date":"2021-06-23","city":"ambala","patients":4,"deaths":1},{"date":"2021-06-23","city":"bhiwani","patients":1,"deaths":0},{"date":"2021-06-23","city":"bikaner","patients":1,"deaths":0},{"date":"2021-06-23","city":"central delhi","patients":1,"deaths":1},{"date":"2021-06-23","city":"chandigarh","patients":3,"deaths":0},{"date":"2021-06-23","city":"dehradun","patients":3,"deaths":0},{"date":"2021-06-23","city":"fatehabad","patients":3,"deaths":0},{"date":"2021-06-23","city":"ganganagar","patients":1,"deaths":0},{"date":"2021-06-23","city":"gautam buddha nagar","patients":1,"deaths":0},{"date":"2021-06-23","city":"grand total","patients":60,"deaths":6},{"date":"2021-06-23","city":"hanumangarh","patients":1,"deaths":0},{"date":"2021-06-23","city":"hisar","patients":1,"deaths":0},{"date":"2021-06-23","city":"jaipur","patients":1,"deaths":0},{"date":"2021-06-23","city":"jammu","patients":5,"deaths":0},{"date":"2021-06-23","city":"kaithal","patients":3,"deaths":0},{"date":"2021-06-23","city":"karnal","patients":3,"deaths":0},{"date":"2021-06-23","city":"kathua","patients":2,"deaths":0},{"date":"2021-06-23","city":"kurukshetra","patients":2,"deaths":0},{"date":"2021-06-23","city":"mandi","patients":1,"deaths":0},{"date":"2021-06-23","city":"meerut","patients":1,"deaths":0},{"date":"2021-06-23","city":"nanded","patients":1,"deaths":0},{"date":"2021-06-23","city":"new delhi","patients":1,"deaths":1},{"date":"2021-06-23","city":"panchkula","patients":1,"deaths":0},{"date":"2021-06-23","city":"saharanpur","patients":2,"deaths":0},{"date":"2021-06-23","city":"shahjahanpur","patients":2,"deaths":0},{"date":"2021-06-23","city":"sirmaur","patients":1,"deaths":0},{"date":"2021-06-23","city":"sirsa","patients":12,"deaths":2},{"date":"2021-06-23","city":"sonipat","patients":1,"deaths":1},{"date":"2021-06-23","city":"west delhi","patients":1,"deaths":0},{"date":"2021-06-24","city":"ambala","patients":4,"deaths":1},{"date":"2021-06-24","city":"bhiwani","patients":1,"deaths":0},{"date":"2021-06-24","city":"bikaner","patients":1,"deaths":0},{"date":"2021-06-24","city":"central delhi","patients":1,"deaths":1},{"date":"2021-06-24","city":"chandigarh","patients":3,"deaths":0},{"date":"2021-06-24","city":"dehradun","patients":3,"deaths":0},{"date":"2021-06-24","city":"fatehabad","patients":3,"deaths":0},{"date":"2021-06-24","city":"ganganagar","patients":1,"deaths":0},{"date":"2021-06-24","city":"gautam buddha nagar","patients":1,"deaths":0},{"date":"2021-06-24","city":"grand total","patients":60,"deaths":6},{"date":"2021-06-24","city":"hanumangarh","patients":1,"deaths":0},{"date":"2021-06-24","city":"hisar","patients":1,"deaths":0},{"date":"2021-06-24","city":"jaipur","patients":1,"deaths":0},{"date":"2021-06-24","city":"jammu","patients":5,"deaths":0},{"date":"2021-06-24","city":"kaithal","patients":3,"deaths":0},{"date":"2021-06-24","city":"karnal","patients":3,"deaths":0},{"date":"2021-06-24","city":"kathua","patients":2,"deaths":0},{"date":"2021-06-24","city":"kurukshetra","patients":2,"deaths":0},{"date":"2021-06-24","city":"mandi","patients":1,"deaths":0},{"date":"2021-06-24","city":"meerut","patients":1,"deaths":0},{"date":"2021-06-24","city":"nanded","patients":1,"deaths":0},{"date":"2021-06-24","city":"new delhi","patients":1,"deaths":1},{"date":"2021-06-24","city":"panchkula","patients":1,"deaths":0},{"date":"2021-06-24","city":"saharanpur","patients":2,"deaths":0},{"date":"2021-06-24","city":"shahjahanpur","patients":2,"deaths":0},{"date":"2021-06-24","city":"sirmaur","patients":1,"deaths":0},{"date":"2021-06-24","city":"sirsa","patients":12,"deaths":2},{"date":"2021-06-24","city":"sonipat","patients":1,"deaths":1},{"date":"2021-06-24","city":"west delhi","patients":1,"deaths":0},{"date":"2021-06-25","city":"ambala","patients":4,"deaths":1},{"date":"2021-06-25","city":"bhiwani","patients":1,"deaths":0},{"date":"2021-06-25","city":"bikaner","patients":1,"deaths":0},{"date":"2021-06-25","city":"central","patients":1,"deaths":1},{"date":"2021-06-25","city":"chandigarh","patients":2,"deaths":0},{"date":"2021-06-25","city":"dehradun","patients":3,"deaths":0},{"date":"2021-06-25","city":"fatehabad","patients":3,"deaths":0},{"date":"2021-06-25","city":"ganganagar","patients":1,"deaths":0},{"date":"2021-06-25","city":"gautam buddha nagar","patients":1,"deaths":0},{"date":"2021-06-25","city":"grand total","patients":59,"deaths":6},{"date":"2021-06-25","city":"hanumangarh","patients":1,"deaths":0},{"date":"2021-06-25","city":"hisar","patients":1,"deaths":0},{"date":"2021-06-25","city":"jaipur","patients":1,"deaths":0},{"date":"2021-06-25","city":"jammu","patients":5,"deaths":0},{"date":"2021-06-25","city":"kaithal","patients":3,"deaths":0},{"date":"2021-06-25","city":"karnal","patients":3,"deaths":0},{"date":"2021-06-25","city":"kathua","patients":2,"deaths":0},{"date":"2021-06-25","city":"kurukshetra","patients":2,"deaths":0},{"date":"2021-06-25","city":"mandi","patients":1,"deaths":0},{"date":"2021-06-25","city":"meerut","patients":1,"deaths":0},{"date":"2021-06-25","city":"nanded","patients":1,"deaths":0},{"date":"2021-06-25","city":"new delhi","patients":1,"deaths":1},{"date":"2021-06-25","city":"panchkula","patients":1,"deaths":0},{"date":"2021-06-25","city":"saharanpur","patients":2,"deaths":0},{"date":"2021-06-25","city":"shahjahanpur","patients":2,"deaths":0},{"date":"2021-06-25","city":"sirmaur","patients":1,"deaths":0},{"date":"2021-06-25","city":"sirsa","patients":12,"deaths":2},{"date":"2021-06-25","city":"sonipat","patients":1,"deaths":1},{"date":"2021-06-25","city":"west","patients":1,"deaths":0},{"date":"2021-06-26","city":"ambala","patients":4,"deaths":1},{"date":"2021-06-26","city":"bhiwani","patients":1,"deaths":0},{"date":"2021-06-26","city":"bikaner","patients":1,"deaths":0},{"date":"2021-06-26","city":"central","patients":1,"deaths":1},{"date":"2021-06-26","city":"chandigarh","patients":2,"deaths":0},{"date":"2021-06-26","city":"dehradun","patients":3,"deaths":0},{"date":"2021-06-26","city":"fatehabad","patients":3,"deaths":0},{"date":"2021-06-26","city":"ganganagar","patients":1,"deaths":0},{"date":"2021-06-26","city":"gautam buddha nagar","patients":1,"deaths":0},{"date":"2021-06-26","city":"grand total","patients":60,"deaths":6},{"date":"2021-06-26","city":"hanumangarh","patients":1,"deaths":0},{"date":"2021-06-26","city":"hisar","patients":1,"deaths":0},{"date":"2021-06-26","city":"jaipur","patients":1,"deaths":0},{"date":"2021-06-26","city":"jammu","patients":6,"deaths":0},{"date":"2021-06-26","city":"kaithal","patients":3,"deaths":0},{"date":"2021-06-26","city":"karnal","patients":3,"deaths":0},{"date":"2021-06-26","city":"kathua","patients":2,"deaths":0},{"date":"2021-06-26","city":"kurukshetra","patients":2,"deaths":0},{"date":"2021-06-26","city":"mandi","patients":1,"deaths":0},{"date":"2021-06-26","city":"meerut","patients":1,"deaths":0},{"date":"2021-06-26","city":"nanded","patients":1,"deaths":0},{"date":"2021-06-26","city":"new delhi","patients":1,"deaths":1},{"date":"2021-06-26","city":"panchkula","patients":1,"deaths":0},{"date":"2021-06-26","city":"saharanpur","patients":2,"deaths":0},{"date":"2021-06-26","city":"shahjahanpur","patients":2,"deaths":0},{"date":"2021-06-26","city":"sirmaur","patients":1,"deaths":0},{"date":"2021-06-26","city":"sirsa","patients":12,"deaths":2},{"date":"2021-06-26","city":"sonipat","patients":1,"deaths":1},{"date":"2021-06-26","city":"west","patients":1,"deaths":0},{"date":"2021-06-27","city":"ambala","patients":4,"deaths":1},{"date":"2021-06-27","city":"bhiwani","patients":1,"deaths":0},{"date":"2021-06-27","city":"bikaner","patients":1,"deaths":0},{"date":"2021-06-27","city":"central","patients":1,"deaths":1},{"date":"2021-06-27","city":"chandigarh","patients":2,"deaths":0},{"date":"2021-06-27","city":"dehradun","patients":3,"deaths":0},{"date":"2021-06-27","city":"fatehabad","patients":3,"deaths":0},{"date":"2021-06-27","city":"ganganagar","patients":1,"deaths":0},{"date":"2021-06-27","city":"gautam buddha nagar","patients":1,"deaths":0},{"date":"2021-06-27","city":"grand total","patients":61,"deaths":6},{"date":"2021-06-27","city":"hanumangarh","patients":1,"deaths":0},{"date":"2021-06-27","city":"hisar","patients":1,"deaths":0},{"date":"2021-06-27","city":"jaipur","patients":1,"deaths":0},{"date":"2021-06-27","city":"jammu","patients":6,"deaths":0},{"date":"2021-06-27","city":"kaithal","patients":3,"deaths":0},{"date":"2021-06-27","city":"karnal","patients":3,"deaths":0},{"date":"2021-06-27","city":"kathua","patients":2,"deaths":0},{"date":"2021-06-27","city":"kurukshetra","patients":2,"deaths":0},{"date":"2021-06-27","city":"mandi","patients":1,"deaths":0},{"date":"2021-06-27","city":"meerut","patients":1,"deaths":0},{"date":"2021-06-27","city":"nanded","patients":1,"deaths":0},{"date":"2021-06-27","city":"new delhi","patients":1,"deaths":1},{"date":"2021-06-27","city":"panchkula","patients":1,"deaths":0},{"date":"2021-06-27","city":"saharanpur","patients":2,"deaths":0},{"date":"2021-06-27","city":"shahjahanpur","patients":2,"deaths":0},{"date":"2021-06-27","city":"sirmaur","patients":1,"deaths":0},{"date":"2021-06-27","city":"sirsa","patients":13,"deaths":2},{"date":"2021-06-27","city":"sonipat","patients":1,"deaths":1},{"date":"2021-06-27","city":"west","patients":1,"deaths":0},{"date":"2021-06-28","city":"ambala","patients":4,"deaths":1},{"date":"2021-06-28","city":"bhiwani","patients":1,"deaths":0},{"date":"2021-06-28","city":"bikaner","patients":1,"deaths":0},{"date":"2021-06-28","city":"central","patients":1,"deaths":1},{"date":"2021-06-28","city":"chandigarh","patients":2,"deaths":0},{"date":"2021-06-28","city":"dehradun","patients":3,"deaths":0},{"date":"2021-06-28","city":"fatehabad","patients":4,"deaths":0},{"date":"2021-06-28","city":"ganganagar","patients":1,"deaths":0},{"date":"2021-06-28","city":"gautam buddha nagar","patients":1,"deaths":0},{"date":"2021-06-28","city":"grand total","patients":62,"deaths":6},{"date":"2021-06-28","city":"hanumangarh","patients":1,"deaths":0},{"date":"2021-06-28","city":"hisar","patients":1,"deaths":0},{"date":"2021-06-28","city":"jaipur","patients":1,"deaths":0},{"date":"2021-06-28","city":"jammu","patients":6,"deaths":0},{"date":"2021-06-28","city":"kaithal","patients":3,"deaths":0},{"date":"2021-06-28","city":"karnal","patients":3,"deaths":0},{"date":"2021-06-28","city":"kathua","patients":2,"deaths":0},{"date":"2021-06-28","city":"kurukshetra","patients":2,"deaths":0},{"date":"2021-06-28","city":"mandi","patients":1,"deaths":0},{"date":"2021-06-28","city":"meerut","patients":1,"deaths":0},{"date":"2021-06-28","city":"nanded","patients":1,"deaths":0},{"date":"2021-06-28","city":"new delhi","patients":1,"deaths":1},{"date":"2021-06-28","city":"panchkula","patients":1,"deaths":0},{"date":"2021-06-28","city":"saharanpur","patients":2,"deaths":0},{"date":"2021-06-28","city":"shahjahanpur","patients":2,"deaths":0},{"date":"2021-06-28","city":"sirmaur","patients":1,"deaths":0},{"date":"2021-06-28","city":"sirsa","patients":13,"deaths":2},{"date":"2021-06-28","city":"sonipat","patients":1,"deaths":1},{"date":"2021-06-28","city":"west","patients":1,"deaths":0},{"date":"2021-06-29","city":"ambala","patients":4,"deaths":1},{"date":"2021-06-29","city":"bhiwani","patients":1,"deaths":0},{"date":"2021-06-29","city":"bikaner","patients":1,"deaths":0},{"date":"2021-06-29","city":"central","patients":1,"deaths":1},{"date":"2021-06-29","city":"chandigarh","patients":2,"deaths":0},{"date":"2021-06-29","city":"dehradun","patients":3,"deaths":0},{"date":"2021-06-29","city":"fatehabad","patients":4,"deaths":0},{"date":"2021-06-29","city":"ganganagar","patients":1,"deaths":0},{"date":"2021-06-29","city":"gautam buddha nagar","patients":1,"deaths":0},{"date":"2021-06-29","city":"grand total","patients":63,"deaths":6},{"date":"2021-06-29","city":"hanumangarh","patients":1,"deaths":0},{"date":"2021-06-29","city":"hisar","patients":1,"deaths":0},{"date":"2021-06-29","city":"jaipur","patients":1,"deaths":0},{"date":"2021-06-29","city":"jammu","patients":7,"deaths":0},{"date":"2021-06-29","city":"kaithal","patients":3,"deaths":0},{"date":"2021-06-29","city":"karnal","patients":3,"deaths":0},{"date":"2021-06-29","city":"kathua","patients":2,"deaths":0},{"date":"2021-06-29","city":"kurukshetra","patients":2,"deaths":0},{"date":"2021-06-29","city":"mandi","patients":1,"deaths":0},{"date":"2021-06-29","city":"meerut","patients":1,"deaths":0},{"date":"2021-06-29","city":"nanded","patients":1,"deaths":0},{"date":"2021-06-29","city":"new delhi","patients":1,"deaths":1},{"date":"2021-06-29","city":"panchkula","patients":1,"deaths":0},{"date":"2021-06-29","city":"saharanpur","patients":2,"deaths":0},{"date":"2021-06-29","city":"shahjahanpur","patients":2,"deaths":0},{"date":"2021-06-29","city":"sirmaur","patients":1,"deaths":0},{"date":"2021-06-29","city":"sirsa","patients":13,"deaths":2},{"date":"2021-06-29","city":"sonipat","patients":1,"deaths":1},{"date":"2021-06-29","city":"west","patients":1,"deaths":0},{"date":"2021-06-30","city":"ambala","patients":4,"deaths":1},{"date":"2021-06-30","city":"bhiwani","patients":1,"deaths":0},{"date":"2021-06-30","city":"bikaner","patients":1,"deaths":0},{"date":"2021-06-30","city":"central","patients":1,"deaths":1},{"date":"2021-06-30","city":"chandigarh","patients":2,"deaths":0},{"date":"2021-06-30","city":"dehradun","patients":3,"deaths":0},{"date":"2021-06-30","city":"fatehabad","patients":4,"deaths":0},{"date":"2021-06-30","city":"ganganagar","patients":1,"deaths":0},{"date":"2021-06-30","city":"gautam buddha nagar","patients":1,"deaths":0},{"date":"2021-06-30","city":"grand total","patients":64,"deaths":6},{"date":"2021-06-30","city":"hanumangarh","patients":1,"deaths":0},{"date":"2021-06-30","city":"hisar","patients":1,"deaths":0},{"date":"2021-06-30","city":"jaipur","patients":1,"deaths":0},{"date":"2021-06-30","city":"jammu","patients":7,"deaths":0},{"date":"2021-06-30","city":"kaithal","patients":3,"deaths":0},{"date":"2021-06-30","city":"karnal","patients":3,"deaths":0},{"date":"2021-06-30","city":"kathua","patients":3,"deaths":0},{"date":"2021-06-30","city":"kurukshetra","patients":2,"deaths":0},{"date":"2021-06-30","city":"mandi","patients":1,"deaths":0},{"date":"2021-06-30","city":"meerut","patients":1,"deaths":0},{"date":"2021-06-30","city":"nanded","patients":1,"deaths":0},{"date":"2021-06-30","city":"new delhi","patients":1,"deaths":1},{"date":"2021-06-30","city":"panchkula","patients":1,"deaths":0},{"date":"2021-06-30","city":"saharanpur","patients":2,"deaths":0},{"date":"2021-06-30","city":"shahjahanpur","patients":2,"deaths":0},{"date":"2021-06-30","city":"sirmaur","patients":1,"deaths":0},{"date":"2021-06-30","city":"sirsa","patients":13,"deaths":2},{"date":"2021-06-30","city":"sonipat","patients":1,"deaths":1},{"date":"2021-06-30","city":"west","patients":1,"deaths":0},{"date":"2021-07-01","city":"ambala","patients":4,"deaths":1},{"date":"2021-07-01","city":"bhiwani","patients":1,"deaths":0},{"date":"2021-07-01","city":"bikaner","patients":1,"deaths":0},{"date":"2021-07-01","city":"central","patients":1,"deaths":1},{"date":"2021-07-01","city":"chandigarh","patients":3,"deaths":0},{"date":"2021-07-01","city":"dehradun","patients":3,"deaths":0},{"date":"2021-07-01","city":"fatehabad","patients":4,"deaths":0},{"date":"2021-07-01","city":"ganganagar","patients":1,"deaths":0},{"date":"2021-07-01","city":"gautam buddha nagar","patients":1,"deaths":0},{"date":"2021-07-01","city":"grand total","patients":65,"deaths":6},{"date":"2021-07-01","city":"hanumangarh","patients":1,"deaths":0},{"date":"2021-07-01","city":"hisar","patients":1,"deaths":0},{"date":"2021-07-01","city":"jaipur","patients":1,"deaths":0},{"date":"2021-07-01","city":"jammu","patients":7,"deaths":0},{"date":"2021-07-01","city":"kaithal","patients":3,"deaths":0},{"date":"2021-07-01","city":"karnal","patients":3,"deaths":0},{"date":"2021-07-01","city":"kathua","patients":3,"deaths":0},{"date":"2021-07-01","city":"kurukshetra","patients":2,"deaths":0},{"date":"2021-07-01","city":"mandi","patients":1,"deaths":0},{"date":"2021-07-01","city":"meerut","patients":1,"deaths":0},{"date":"2021-07-01","city":"nanded","patients":1,"deaths":0},{"date":"2021-07-01","city":"new delhi","patients":1,"deaths":1},{"date":"2021-07-01","city":"panchkula","patients":1,"deaths":0},{"date":"2021-07-01","city":"saharanpur","patients":2,"deaths":0},{"date":"2021-07-01","city":"shahjahanpur","patients":2,"deaths":0},{"date":"2021-07-01","city":"sirmaur","patients":1,"deaths":0},{"date":"2021-07-01","city":"sirsa","patients":13,"deaths":2},{"date":"2021-07-01","city":"sonipat","patients":1,"deaths":1},{"date":"2021-07-01","city":"west","patients":1,"deaths":0},{"date":"2021-07-02","city":"ambala","patients":4,"deaths":1},{"date":"2021-07-02","city":"bhiwani","patients":1,"deaths":0},{"date":"2021-07-02","city":"bikaner","patients":1,"deaths":0},{"date":"2021-07-02","city":"central","patients":1,"deaths":1},{"date":"2021-07-02","city":"chandigarh","patients":3,"deaths":0},{"date":"2021-07-02","city":"dehradun","patients":3,"deaths":0},{"date":"2021-07-02","city":"fatehabad","patients":4,"deaths":0},{"date":"2021-07-02","city":"ganganagar","patients":1,"deaths":0},{"date":"2021-07-02","city":"gautam buddha nagar","patients":1,"deaths":0},{"date":"2021-07-02","city":"grand total","patients":65,"deaths":6},{"date":"2021-07-02","city":"hanumangarh","patients":1,"deaths":0},{"date":"2021-07-02","city":"hisar","patients":1,"deaths":0},{"date":"2021-07-02","city":"jaipur","patients":1,"deaths":0},{"date":"2021-07-02","city":"jammu","patients":7,"deaths":0},{"date":"2021-07-02","city":"kaithal","patients":3,"deaths":0},{"date":"2021-07-02","city":"karnal","patients":3,"deaths":0},{"date":"2021-07-02","city":"kathua","patients":3,"deaths":0},{"date":"2021-07-02","city":"kurukshetra","patients":2,"deaths":0},{"date":"2021-07-02","city":"mandi","patients":1,"deaths":0},{"date":"2021-07-02","city":"meerut","patients":1,"deaths":0},{"date":"2021-07-02","city":"nanded","patients":1,"deaths":0},{"date":"2021-07-02","city":"new delhi","patients":1,"deaths":1},{"date":"2021-07-02","city":"panchkula","patients":1,"deaths":0},{"date":"2021-07-02","city":"saharanpur","patients":2,"deaths":0},{"date":"2021-07-02","city":"shahjahanpur","patients":2,"deaths":0},{"date":"2021-07-02","city":"sirmaur","patients":1,"deaths":0},{"date":"2021-07-02","city":"sirsa","patients":13,"deaths":2},{"date":"2021-07-02","city":"sonipat","patients":1,"deaths":1},{"date":"2021-07-02","city":"west","patients":1,"deaths":0},{"date":"2021-07-03","city":"ambala","patients":4,"deaths":1},{"date":"2021-07-03","city":"bhiwani","patients":1,"deaths":0},{"date":"2021-07-03","city":"bikaner","patients":1,"deaths":0},{"date":"2021-07-03","city":"central","patients":1,"deaths":1},{"date":"2021-07-03","city":"chandigarh","patients":3,"deaths":0},{"date":"2021-07-03","city":"dehradun","patients":3,"deaths":0},{"date":"2021-07-03","city":"fatehabad","patients":4,"deaths":0},{"date":"2021-07-03","city":"ganganagar","patients":1,"deaths":0},{"date":"2021-07-03","city":"gautam buddha nagar","patients":1,"deaths":0},{"date":"2021-07-03","city":"grand total","patients":66,"deaths":6},{"date":"2021-07-03","city":"hanumangarh","patients":1,"deaths":0},{"date":"2021-07-03","city":"hisar","patients":1,"deaths":0},{"date":"2021-07-03","city":"jaipur","patients":1,"deaths":0},{"date":"2021-07-03","city":"jammu","patients":7,"deaths":0},{"date":"2021-07-03","city":"kaithal","patients":3,"deaths":0},{"date":"2021-07-03","city":"karnal","patients":3,"deaths":0},{"date":"2021-07-03","city":"kathua","patients":3,"deaths":0},{"date":"2021-07-03","city":"kurukshetra","patients":2,"deaths":0},{"date":"2021-07-03","city":"mandi","patients":1,"deaths":0},{"date":"2021-07-03","city":"meerut","patients":1,"deaths":0},{"date":"2021-07-03","city":"nanded","patients":1,"deaths":0},{"date":"2021-07-03","city":"new delhi","patients":2,"deaths":1},{"date":"2021-07-03","city":"panchkula","patients":1,"deaths":0},{"date":"2021-07-03","city":"saharanpur","patients":2,"deaths":0},{"date":"2021-07-03","city":"shahjahanpur","patients":2,"deaths":0},{"date":"2021-07-03","city":"sirmaur","patients":1,"deaths":0},{"date":"2021-07-03","city":"sirsa","patients":13,"deaths":2},{"date":"2021-07-03","city":"sonipat","patients":1,"deaths":1},{"date":"2021-07-03","city":"west","patients":1,"deaths":0},{"date":"2021-07-04","city":"ambala","patients":4,"deaths":1},{"date":"2021-07-04","city":"bhiwani","patients":1,"deaths":0},{"date":"2021-07-04","city":"bikaner","patients":1,"deaths":0},{"date":"2021-07-04","city":"central","patients":1,"deaths":1},{"date":"2021-07-04","city":"chandigarh","patients":3,"deaths":0},{"date":"2021-07-04","city":"dehradun","patients":3,"deaths":0},{"date":"2021-07-04","city":"fatehabad","patients":4,"deaths":0},{"date":"2021-07-04","city":"ganganagar","patients":1,"deaths":0},{"date":"2021-07-04","city":"gautam buddha nagar","patients":1,"deaths":0},{"date":"2021-07-04","city":"grand total","patients":66,"deaths":6},{"date":"2021-07-04","city":"hanumangarh","patients":1,"deaths":0},{"date":"2021-07-04","city":"hisar","patients":1,"deaths":0},{"date":"2021-07-04","city":"jaipur","patients":1,"deaths":0},{"date":"2021-07-04","city":"jammu","patients":7,"deaths":0},{"date":"2021-07-04","city":"kaithal","patients":3,"deaths":0},{"date":"2021-07-04","city":"karnal","patients":3,"deaths":0},{"date":"2021-07-04","city":"kathua","patients":3,"deaths":0},{"date":"2021-07-04","city":"kurukshetra","patients":2,"deaths":0},{"date":"2021-07-04","city":"mandi","patients":1,"deaths":0},{"date":"2021-07-04","city":"meerut","patients":1,"deaths":0},{"date":"2021-07-04","city":"nanded","patients":1,"deaths":0},{"date":"2021-07-04","city":"new delhi","patients":2,"deaths":1},{"date":"2021-07-04","city":"panchkula","patients":1,"deaths":0},{"date":"2021-07-04","city":"saharanpur","patients":2,"deaths":0},{"date":"2021-07-04","city":"shahjahanpur","patients":2,"deaths":0},{"date":"2021-07-04","city":"sirmaur","patients":1,"deaths":0},{"date":"2021-07-04","city":"sirsa","patients":13,"deaths":2},{"date":"2021-07-04","city":"sonipat","patients":1,"deaths":1},{"date":"2021-07-04","city":"west","patients":1,"deaths":0},{"date":"2021-07-05","city":"ambala","patients":4,"deaths":1},{"date":"2021-07-05","city":"bhiwani","patients":1,"deaths":0},{"date":"2021-07-05","city":"bikaner","patients":1,"deaths":0},{"date":"2021-07-05","city":"central","patients":1,"deaths":1},{"date":"2021-07-05","city":"chandigarh","patients":3,"deaths":0},{"date":"2021-07-05","city":"dehradun","patients":3,"deaths":0},{"date":"2021-07-05","city":"fatehabad","patients":4,"deaths":0},{"date":"2021-07-05","city":"ganganagar","patients":1,"deaths":0},{"date":"2021-07-05","city":"gautam buddha nagar","patients":1,"deaths":0},{"date":"2021-07-05","city":"grand total","patients":66,"deaths":6},{"date":"2021-07-05","city":"hanumangarh","patients":1,"deaths":0},{"date":"2021-07-05","city":"hisar","patients":1,"deaths":0},{"date":"2021-07-05","city":"jaipur","patients":1,"deaths":0},{"date":"2021-07-05","city":"jammu","patients":7,"deaths":0},{"date":"2021-07-05","city":"kaithal","patients":3,"deaths":0},{"date":"2021-07-05","city":"karnal","patients":3,"deaths":0},{"date":"2021-07-05","city":"kathua","patients":3,"deaths":0},{"date":"2021-07-05","city":"kurukshetra","patients":2,"deaths":0},{"date":"2021-07-05","city":"mandi","patients":1,"deaths":0},{"date":"2021-07-05","city":"meerut","patients":1,"deaths":0},{"date":"2021-07-05","city":"nanded","patients":1,"deaths":0},{"date":"2021-07-05","city":"new delhi","patients":2,"deaths":1},{"date":"2021-07-05","city":"panchkula","patients":1,"deaths":0},{"date":"2021-07-05","city":"saharanpur","patients":2,"deaths":0},{"date":"2021-07-05","city":"shahjahanpur","patients":2,"deaths":0},{"date":"2021-07-05","city":"sirmaur","patients":1,"deaths":0},{"date":"2021-07-05","city":"sirsa","patients":13,"deaths":2},{"date":"2021-07-05","city":"sonipat","patients":1,"deaths":1},{"date":"2021-07-05","city":"west","patients":1,"deaths":0},{"date":"2021-07-06","city":"ambala","patients":4,"deaths":1},{"date":"2021-07-06","city":"bhiwani","patients":1,"deaths":0},{"date":"2021-07-06","city":"bikaner","patients":1,"deaths":0},{"date":"2021-07-06","city":"central","patients":1,"deaths":1},{"date":"2021-07-06","city":"chandigarh","patients":4,"deaths":0},{"date":"2021-07-06","city":"dehradun","patients":3,"deaths":0},{"date":"2021-07-06","city":"fatehabad","patients":4,"deaths":0},{"date":"2021-07-06","city":"ganganagar","patients":1,"deaths":0},{"date":"2021-07-06","city":"gautam buddha nagar","patients":1,"deaths":0},{"date":"2021-07-06","city":"grand total","patients":67,"deaths":6},{"date":"2021-07-06","city":"hanumangarh","patients":1,"deaths":0},{"date":"2021-07-06","city":"hisar","patients":1,"deaths":0},{"date":"2021-07-06","city":"jaipur","patients":1,"deaths":0},{"date":"2021-07-06","city":"jammu","patients":7,"deaths":0},{"date":"2021-07-06","city":"kaithal","patients":3,"deaths":0},{"date":"2021-07-06","city":"karnal","patients":3,"deaths":0},{"date":"2021-07-06","city":"kathua","patients":3,"deaths":0},{"date":"2021-07-06","city":"kurukshetra","patients":2,"deaths":0},{"date":"2021-07-06","city":"mandi","patients":1,"deaths":0},{"date":"2021-07-06","city":"meerut","patients":1,"deaths":0},{"date":"2021-07-06","city":"nanded","patients":1,"deaths":0},{"date":"2021-07-06","city":"new delhi","patients":2,"deaths":1},{"date":"2021-07-06","city":"panchkula","patients":1,"deaths":0},{"date":"2021-07-06","city":"saharanpur","patients":2,"deaths":0},{"date":"2021-07-06","city":"shahjahanpur","patients":2,"deaths":0},{"date":"2021-07-06","city":"sirmaur","patients":1,"deaths":0},{"date":"2021-07-06","city":"sirsa","patients":13,"deaths":2},{"date":"2021-07-06","city":"sonipat","patients":1,"deaths":1},{"date":"2021-07-06","city":"west","patients":1,"deaths":0},{"date":"2021-07-07","city":"ambala","patients":4,"deaths":1},{"date":"2021-07-07","city":"bhiwani","patients":1,"deaths":0},{"date":"2021-07-07","city":"bikaner","patients":1,"deaths":0},{"date":"2021-07-07","city":"central","patients":1,"deaths":1},{"date":"2021-07-07","city":"chandigarh","patients":4,"deaths":0},{"date":"2021-07-07","city":"dehradun","patients":3,"deaths":0},{"date":"2021-07-07","city":"fatehabad","patients":4,"deaths":0},{"date":"2021-07-07","city":"ganganagar","patients":1,"deaths":0},{"date":"2021-07-07","city":"gautam buddha nagar","patients":1,"deaths":0},{"date":"2021-07-07","city":"grand total","patients":67,"deaths":6},{"date":"2021-07-07","city":"hanumangarh","patients":1,"deaths":0},{"date":"2021-07-07","city":"hisar","patients":1,"deaths":0},{"date":"2021-07-07","city":"jaipur","patients":1,"deaths":0},{"date":"2021-07-07","city":"jammu","patients":7,"deaths":0},{"date":"2021-07-07","city":"kaithal","patients":3,"deaths":0},{"date":"2021-07-07","city":"karnal","patients":3,"deaths":0},{"date":"2021-07-07","city":"kathua","patients":3,"deaths":0},{"date":"2021-07-07","city":"kurukshetra","patients":2,"deaths":0},{"date":"2021-07-07","city":"mandi","patients":1,"deaths":0},{"date":"2021-07-07","city":"meerut","patients":1,"deaths":0},{"date":"2021-07-07","city":"nanded","patients":1,"deaths":0},{"date":"2021-07-07","city":"new delhi","patients":2,"deaths":1},{"date":"2021-07-07","city":"panchkula","patients":1,"deaths":0},{"date":"2021-07-07","city":"saharanpur","patients":2,"deaths":0},{"date":"2021-07-07","city":"shahjahanpur","patients":2,"deaths":0},{"date":"2021-07-07","city":"sirmaur","patients":1,"deaths":0},{"date":"2021-07-07","city":"sirsa","patients":13,"deaths":2},{"date":"2021-07-07","city":"sonipat","patients":1,"deaths":1},{"date":"2021-07-07","city":"west","patients":1,"deaths":0},{"date":"2021-07-08","city":"ambala","patients":4,"deaths":1},{"date":"2021-07-08","city":"bhiwani","patients":1,"deaths":0},{"date":"2021-07-08","city":"bikaner","patients":1,"deaths":0},{"date":"2021-07-08","city":"central","patients":1,"deaths":1},{"date":"2021-07-08","city":"chandigarh","patients":4,"deaths":0},{"date":"2021-07-08","city":"dehradun","patients":3,"deaths":0},{"date":"2021-07-08","city":"fatehabad","patients":4,"deaths":0},{"date":"2021-07-08","city":"ganganagar","patients":1,"deaths":0},{"date":"2021-07-08","city":"gautam buddha nagar","patients":1,"deaths":0},{"date":"2021-07-08","city":"grand total","patients":67,"deaths":6},{"date":"2021-07-08","city":"hanumangarh","patients":1,"deaths":0},{"date":"2021-07-08","city":"hisar","patients":1,"deaths":0},{"date":"2021-07-08","city":"jaipur","patients":1,"deaths":0},{"date":"2021-07-08","city":"jammu","patients":7,"deaths":0},{"date":"2021-07-08","city":"kaithal","patients":3,"deaths":0},{"date":"2021-07-08","city":"karnal","patients":3,"deaths":0},{"date":"2021-07-08","city":"kathua","patients":3,"deaths":0},{"date":"2021-07-08","city":"kurukshetra","patients":2,"deaths":0},{"date":"2021-07-08","city":"mandi","patients":1,"deaths":0},{"date":"2021-07-08","city":"meerut","patients":1,"deaths":0},{"date":"2021-07-08","city":"nanded","patients":1,"deaths":0},{"date":"2021-07-08","city":"new delhi","patients":2,"deaths":1},{"date":"2021-07-08","city":"panchkula","patients":1,"deaths":0},{"date":"2021-07-08","city":"saharanpur","patients":2,"deaths":0},{"date":"2021-07-08","city":"shahjahanpur","patients":2,"deaths":0},{"date":"2021-07-08","city":"sirmaur","patients":1,"deaths":0},{"date":"2021-07-08","city":"sirsa","patients":13,"deaths":2},{"date":"2021-07-08","city":"sonipat","patients":1,"deaths":1},{"date":"2021-07-08","city":"west","patients":1,"deaths":0},{"date":"2021-07-09","city":"ambala","patients":4,"deaths":1},{"date":"2021-07-09","city":"bhiwani","patients":1,"deaths":0},{"date":"2021-07-09","city":"bikaner","patients":1,"deaths":0},{"date":"2021-07-09","city":"central","patients":1,"deaths":1},{"date":"2021-07-09","city":"chandigarh","patients":4,"deaths":0},{"date":"2021-07-09","city":"dehradun","patients":3,"deaths":0},{"date":"2021-07-09","city":"fatehabad","patients":4,"deaths":0},{"date":"2021-07-09","city":"ganganagar","patients":1,"deaths":0},{"date":"2021-07-09","city":"gautam buddha nagar","patients":1,"deaths":0},{"date":"2021-07-09","city":"grand total","patients":67,"deaths":6},{"date":"2021-07-09","city":"hanumangarh","patients":1,"deaths":0},{"date":"2021-07-09","city":"hisar","patients":1,"deaths":0},{"date":"2021-07-09","city":"jaipur","patients":1,"deaths":0},{"date":"2021-07-09","city":"jammu","patients":7,"deaths":0},{"date":"2021-07-09","city":"kaithal","patients":3,"deaths":0},{"date":"2021-07-09","city":"karnal","patients":3,"deaths":0},{"date":"2021-07-09","city":"kathua","patients":3,"deaths":0},{"date":"2021-07-09","city":"kurukshetra","patients":2,"deaths":0},{"date":"2021-07-09","city":"mandi","patients":1,"deaths":0},{"date":"2021-07-09","city":"meerut","patients":1,"deaths":0},{"date":"2021-07-09","city":"nanded","patients":1,"deaths":0},{"date":"2021-07-09","city":"new delhi","patients":2,"deaths":1},{"date":"2021-07-09","city":"panchkula","patients":1,"deaths":0},{"date":"2021-07-09","city":"saharanpur","patients":2,"deaths":0},{"date":"2021-07-09","city":"shahjahanpur","patients":2,"deaths":0},{"date":"2021-07-09","city":"sirmaur","patients":1,"deaths":0},{"date":"2021-07-09","city":"sirsa","patients":13,"deaths":2},{"date":"2021-07-09","city":"sonipat","patients":1,"deaths":1},{"date":"2021-07-09","city":"west","patients":1,"deaths":0},{"date":"2021-07-10","city":"ambala","patients":4,"deaths":1},{"date":"2021-07-10","city":"bhiwani","patients":1,"deaths":0},{"date":"2021-07-10","city":"bikaner","patients":1,"deaths":0},{"date":"2021-07-10","city":"central","patients":1,"deaths":1},{"date":"2021-07-10","city":"chandigarh","patients":4,"deaths":0},{"date":"2021-07-10","city":"dehradun","patients":3,"deaths":0},{"date":"2021-07-10","city":"fatehabad","patients":4,"deaths":0},{"date":"2021-07-10","city":"ganganagar","patients":1,"deaths":0},{"date":"2021-07-10","city":"gautam buddha nagar","patients":1,"deaths":0},{"date":"2021-07-10","city":"grand total","patients":67,"deaths":6},{"date":"2021-07-10","city":"hanumangarh","patients":1,"deaths":0},{"date":"2021-07-10","city":"hisar","patients":1,"deaths":0},{"date":"2021-07-10","city":"jaipur","patients":1,"deaths":0},{"date":"2021-07-10","city":"jammu","patients":7,"deaths":0},{"date":"2021-07-10","city":"kaithal","patients":3,"deaths":0},{"date":"2021-07-10","city":"karnal","patients":3,"deaths":0},{"date":"2021-07-10","city":"kathua","patients":3,"deaths":0},{"date":"2021-07-10","city":"kurukshetra","patients":2,"deaths":0},{"date":"2021-07-10","city":"mandi","patients":1,"deaths":0},{"date":"2021-07-10","city":"meerut","patients":1,"deaths":0},{"date":"2021-07-10","city":"nanded","patients":1,"deaths":0},{"date":"2021-07-10","city":"new delhi","patients":2,"deaths":1},{"date":"2021-07-10","city":"panchkula","patients":1,"deaths":0},{"date":"2021-07-10","city":"saharanpur","patients":2,"deaths":0},{"date":"2021-07-10","city":"shahjahanpur","patients":2,"deaths":0},{"date":"2021-07-10","city":"sirmaur","patients":1,"deaths":0},{"date":"2021-07-10","city":"sirsa","patients":13,"deaths":2},{"date":"2021-07-10","city":"sonipat","patients":1,"deaths":1},{"date":"2021-07-10","city":"west","patients":1,"deaths":0},{"date":"2021-07-11","city":"ambala","patients":4,"deaths":1},{"date":"2021-07-11","city":"bhiwani","patients":1,"deaths":0},{"date":"2021-07-11","city":"bikaner","patients":1,"deaths":0},{"date":"2021-07-11","city":"central","patients":1,"deaths":1},{"date":"2021-07-11","city":"chandigarh","patients":4,"deaths":0},{"date":"2021-07-11","city":"dehradun","patients":3,"deaths":0},{"date":"2021-07-11","city":"fatehabad","patients":4,"deaths":0},{"date":"2021-07-11","city":"ganganagar","patients":1,"deaths":0},{"date":"2021-07-11","city":"gautam buddha nagar","patients":1,"deaths":0},{"date":"2021-07-11","city":"grand total","patients":68,"deaths":6},{"date":"2021-07-11","city":"hanumangarh","patients":1,"deaths":0},{"date":"2021-07-11","city":"hisar","patients":1,"deaths":0},{"date":"2021-07-11","city":"jaipur","patients":1,"deaths":0},{"date":"2021-07-11","city":"jammu","patients":8,"deaths":0},{"date":"2021-07-11","city":"kaithal","patients":3,"deaths":0},{"date":"2021-07-11","city":"karnal","patients":3,"deaths":0},{"date":"2021-07-11","city":"kathua","patients":3,"deaths":0},{"date":"2021-07-11","city":"kurukshetra","patients":2,"deaths":0},{"date":"2021-07-11","city":"mandi","patients":1,"deaths":0},{"date":"2021-07-11","city":"meerut","patients":1,"deaths":0},{"date":"2021-07-11","city":"nanded","patients":1,"deaths":0},{"date":"2021-07-11","city":"new delhi","patients":2,"deaths":1},{"date":"2021-07-11","city":"panchkula","patients":1,"deaths":0},{"date":"2021-07-11","city":"saharanpur","patients":2,"deaths":0},{"date":"2021-07-11","city":"shahjahanpur","patients":2,"deaths":0},{"date":"2021-07-11","city":"sirmaur","patients":1,"deaths":0},{"date":"2021-07-11","city":"sirsa","patients":13,"deaths":2},{"date":"2021-07-11","city":"sonipat","patients":1,"deaths":1},{"date":"2021-07-11","city":"west","patients":1,"deaths":0},{"date":"2021-07-13","city":"ambala","patients":4,"deaths":1},{"date":"2021-07-13","city":"bhiwani","patients":1,"deaths":0},{"date":"2021-07-13","city":"bikaner","patients":1,"deaths":0},{"date":"2021-07-13","city":"central","patients":1,"deaths":1},{"date":"2021-07-13","city":"chandigarh","patients":5,"deaths":0},{"date":"2021-07-13","city":"dehradun","patients":3,"deaths":0},{"date":"2021-07-13","city":"fatehabad","patients":4,"deaths":0},{"date":"2021-07-13","city":"ganganagar","patients":1,"deaths":0},{"date":"2021-07-13","city":"gautam buddha nagar","patients":1,"deaths":0},{"date":"2021-07-13","city":"grand total","patients":69,"deaths":6},{"date":"2021-07-13","city":"hanumangarh","patients":1,"deaths":0},{"date":"2021-07-13","city":"hisar","patients":1,"deaths":0},{"date":"2021-07-13","city":"jaipur","patients":1,"deaths":0},{"date":"2021-07-13","city":"jammu","patients":9,"deaths":0},{"date":"2021-07-13","city":"kaithal","patients":3,"deaths":0},{"date":"2021-07-13","city":"karnal","patients":3,"deaths":0},{"date":"2021-07-13","city":"kathua","patients":3,"deaths":0},{"date":"2021-07-13","city":"kurukshetra","patients":2,"deaths":0},{"date":"2021-07-13","city":"mandi","patients":1,"deaths":0},{"date":"2021-07-13","city":"meerut","patients":1,"deaths":0},{"date":"2021-07-13","city":"nanded","patients":1,"deaths":0},{"date":"2021-07-13","city":"new delhi","patients":2,"deaths":1},{"date":"2021-07-13","city":"panchkula","patients":1,"deaths":0},{"date":"2021-07-13","city":"saharanpur","patients":2,"deaths":0},{"date":"2021-07-13","city":"shahjahanpur","patients":2,"deaths":0},{"date":"2021-07-13","city":"sirmaur","patients":1,"deaths":0},{"date":"2021-07-13","city":"sirsa","patients":12,"deaths":2},{"date":"2021-07-13","city":"sonipat","patients":1,"deaths":1},{"date":"2021-07-13","city":"west","patients":1,"deaths":0},{"date":"2021-07-14","city":"ambala","patients":4,"deaths":1},{"date":"2021-07-14","city":"bhiwani","patients":1,"deaths":0},{"date":"2021-07-14","city":"bikaner","patients":1,"deaths":0},{"date":"2021-07-14","city":"central","patients":1,"deaths":1},{"date":"2021-07-14","city":"chandigarh","patients":5,"deaths":0},{"date":"2021-07-14","city":"dehradun","patients":3,"deaths":0},{"date":"2021-07-14","city":"fatehabad","patients":4,"deaths":0},{"date":"2021-07-14","city":"ganganagar","patients":1,"deaths":0},{"date":"2021-07-14","city":"gautam buddha nagar","patients":1,"deaths":0},{"date":"2021-07-14","city":"grand total","patients":69,"deaths":6},{"date":"2021-07-14","city":"hanumangarh","patients":1,"deaths":0},{"date":"2021-07-14","city":"hisar","patients":1,"deaths":0},{"date":"2021-07-14","city":"jaipur","patients":1,"deaths":0},{"date":"2021-07-14","city":"jammu","patients":9,"deaths":0},{"date":"2021-07-14","city":"kaithal","patients":3,"deaths":0},{"date":"2021-07-14","city":"karnal","patients":3,"deaths":0},{"date":"2021-07-14","city":"kathua","patients":3,"deaths":0},{"date":"2021-07-14","city":"kurukshetra","patients":2,"deaths":0},{"date":"2021-07-14","city":"mandi","patients":1,"deaths":0},{"date":"2021-07-14","city":"meerut","patients":1,"deaths":0},{"date":"2021-07-14","city":"nanded","patients":1,"deaths":0},{"date":"2021-07-14","city":"new delhi","patients":2,"deaths":1},{"date":"2021-07-14","city":"panchkula","patients":1,"deaths":0},{"date":"2021-07-14","city":"saharanpur","patients":2,"deaths":0},{"date":"2021-07-14","city":"shahjahanpur","patients":2,"deaths":0},{"date":"2021-07-14","city":"sirmaur","patients":1,"deaths":0},{"date":"2021-07-14","city":"sirsa","patients":12,"deaths":2},{"date":"2021-07-14","city":"sonipat","patients":1,"deaths":1},{"date":"2021-07-14","city":"west","patients":1,"deaths":0},{"date":"2021-07-15","city":"ambala","patients":4,"deaths":1},{"date":"2021-07-15","city":"bhiwani","patients":1,"deaths":0},{"date":"2021-07-15","city":"bikaner","patients":1,"deaths":0},{"date":"2021-07-15","city":"central","patients":1,"deaths":1},{"date":"2021-07-15","city":"chandigarh","patients":5,"deaths":0},{"date":"2021-07-15","city":"dehradun","patients":3,"deaths":0},{"date":"2021-07-15","city":"fatehabad","patients":4,"deaths":0},{"date":"2021-07-15","city":"ganganagar","patients":1,"deaths":0},{"date":"2021-07-15","city":"gautam buddha nagar","patients":1,"deaths":0},{"date":"2021-07-15","city":"grand total","patients":69,"deaths":6},{"date":"2021-07-15","city":"hanumangarh","patients":1,"deaths":0},{"date":"2021-07-15","city":"hisar","patients":1,"deaths":0},{"date":"2021-07-15","city":"jaipur","patients":1,"deaths":0},{"date":"2021-07-15","city":"jammu","patients":9,"deaths":0},{"date":"2021-07-15","city":"kaithal","patients":3,"deaths":0},{"date":"2021-07-15","city":"karnal","patients":3,"deaths":0},{"date":"2021-07-15","city":"kathua","patients":3,"deaths":0},{"date":"2021-07-15","city":"kurukshetra","patients":2,"deaths":0},{"date":"2021-07-15","city":"mandi","patients":1,"deaths":0},{"date":"2021-07-15","city":"meerut","patients":1,"deaths":0},{"date":"2021-07-15","city":"nanded","patients":1,"deaths":0},{"date":"2021-07-15","city":"new delhi","patients":2,"deaths":1},{"date":"2021-07-15","city":"panchkula","patients":1,"deaths":0},{"date":"2021-07-15","city":"saharanpur","patients":2,"deaths":0},{"date":"2021-07-15","city":"shahjahanpur","patients":2,"deaths":0},{"date":"2021-07-15","city":"sirmaur","patients":1,"deaths":0},{"date":"2021-07-15","city":"sirsa","patients":12,"deaths":2},{"date":"2021-07-15","city":"sonipat","patients":1,"deaths":1},{"date":"2021-07-15","city":"west","patients":1,"deaths":0},{"date":"2021-07-16","city":"ambala","patients":4,"deaths":1},{"date":"2021-07-16","city":"bhiwani","patients":1,"deaths":0},{"date":"2021-07-16","city":"bikaner","patients":1,"deaths":0},{"date":"2021-07-16","city":"central","patients":1,"deaths":1},{"date":"2021-07-16","city":"chandigarh","patients":5,"deaths":0},{"date":"2021-07-16","city":"dehradun","patients":3,"deaths":0},{"date":"2021-07-16","city":"fatehabad","patients":4,"deaths":0},{"date":"2021-07-16","city":"ganganagar","patients":1,"deaths":0},{"date":"2021-07-16","city":"gautam buddha nagar","patients":1,"deaths":0},{"date":"2021-07-16","city":"grand total","patients":69,"deaths":6},{"date":"2021-07-16","city":"hanumangarh","patients":1,"deaths":0},{"date":"2021-07-16","city":"hisar","patients":1,"deaths":0},{"date":"2021-07-16","city":"jaipur","patients":1,"deaths":0},{"date":"2021-07-16","city":"jammu","patients":9,"deaths":0},{"date":"2021-07-16","city":"kaithal","patients":3,"deaths":0},{"date":"2021-07-16","city":"karnal","patients":3,"deaths":0},{"date":"2021-07-16","city":"kathua","patients":3,"deaths":0},{"date":"2021-07-16","city":"kurukshetra","patients":2,"deaths":0},{"date":"2021-07-16","city":"mandi","patients":1,"deaths":0},{"date":"2021-07-16","city":"meerut","patients":1,"deaths":0},{"date":"2021-07-16","city":"nanded","patients":1,"deaths":0},{"date":"2021-07-16","city":"new delhi","patients":2,"deaths":1},{"date":"2021-07-16","city":"panchkula","patients":1,"deaths":0},{"date":"2021-07-16","city":"saharanpur","patients":2,"deaths":0},{"date":"2021-07-16","city":"shahjahanpur","patients":2,"deaths":0},{"date":"2021-07-16","city":"sirmaur","patients":1,"deaths":0},{"date":"2021-07-16","city":"sirsa","patients":12,"deaths":2},{"date":"2021-07-16","city":"sonipat","patients":1,"deaths":1},{"date":"2021-07-16","city":"west","patients":1,"deaths":0},{"date":"2021-07-17","city":"ambala","patients":4,"deaths":1},{"date":"2021-07-17","city":"bhiwani","patients":1,"deaths":0},{"date":"2021-07-17","city":"bikaner","patients":1,"deaths":0},{"date":"2021-07-17","city":"central","patients":1,"deaths":1},{"date":"2021-07-17","city":"chandigarh","patients":5,"deaths":0},{"date":"2021-07-17","city":"dehradun","patients":3,"deaths":0},{"date":"2021-07-17","city":"fatehabad","patients":4,"deaths":0},{"date":"2021-07-17","city":"ganganagar","patients":1,"deaths":0},{"date":"2021-07-17","city":"gautam buddha nagar","patients":1,"deaths":0},{"date":"2021-07-17","city":"grand total","patients":69,"deaths":6},{"date":"2021-07-17","city":"hanumangarh","patients":1,"deaths":0},{"date":"2021-07-17","city":"hisar","patients":1,"deaths":0},{"date":"2021-07-17","city":"jaipur","patients":1,"deaths":0},{"date":"2021-07-17","city":"jammu","patients":9,"deaths":0},{"date":"2021-07-17","city":"kaithal","patients":3,"deaths":0},{"date":"2021-07-17","city":"karnal","patients":3,"deaths":0},{"date":"2021-07-17","city":"kathua","patients":3,"deaths":0},{"date":"2021-07-17","city":"kurukshetra","patients":2,"deaths":0},{"date":"2021-07-17","city":"mandi","patients":1,"deaths":0},{"date":"2021-07-17","city":"meerut","patients":1,"deaths":0},{"date":"2021-07-17","city":"nanded","patients":1,"deaths":0},{"date":"2021-07-17","city":"new delhi","patients":2,"deaths":1},{"date":"2021-07-17","city":"panchkula","patients":1,"deaths":0},{"date":"2021-07-17","city":"saharanpur","patients":2,"deaths":0},{"date":"2021-07-17","city":"shahjahanpur","patients":2,"deaths":0},{"date":"2021-07-17","city":"sirmaur","patients":1,"deaths":0},{"date":"2021-07-17","city":"sirsa","patients":12,"deaths":2},{"date":"2021-07-17","city":"sonipat","patients":1,"deaths":1},{"date":"2021-07-17","city":"west","patients":1,"deaths":0},{"date":"2021-07-18","city":"ambala","patients":4,"deaths":1},{"date":"2021-07-18","city":"bhiwani","patients":1,"deaths":0},{"date":"2021-07-18","city":"bikaner","patients":1,"deaths":0},{"date":"2021-07-18","city":"central","patients":1,"deaths":1},{"date":"2021-07-18","city":"chandigarh","patients":5,"deaths":0},{"date":"2021-07-18","city":"dehradun","patients":3,"deaths":0},{"date":"2021-07-18","city":"fatehabad","patients":4,"deaths":0},{"date":"2021-07-18","city":"ganganagar","patients":1,"deaths":0},{"date":"2021-07-18","city":"gautam buddha nagar","patients":1,"deaths":0},{"date":"2021-07-18","city":"grand total","patients":69,"deaths":6},{"date":"2021-07-18","city":"hanumangarh","patients":1,"deaths":0},{"date":"2021-07-18","city":"hisar","patients":1,"deaths":0},{"date":"2021-07-18","city":"jaipur","patients":1,"deaths":0},{"date":"2021-07-18","city":"jammu","patients":9,"deaths":0},{"date":"2021-07-18","city":"kaithal","patients":3,"deaths":0},{"date":"2021-07-18","city":"karnal","patients":3,"deaths":0},{"date":"2021-07-18","city":"kathua","patients":3,"deaths":0},{"date":"2021-07-18","city":"kurukshetra","patients":2,"deaths":0},{"date":"2021-07-18","city":"mandi","patients":1,"deaths":0},{"date":"2021-07-18","city":"meerut","patients":1,"deaths":0},{"date":"2021-07-18","city":"nanded","patients":1,"deaths":0},{"date":"2021-07-18","city":"new delhi","patients":2,"deaths":1},{"date":"2021-07-18","city":"panchkula","patients":1,"deaths":0},{"date":"2021-07-18","city":"saharanpur","patients":2,"deaths":0},{"date":"2021-07-18","city":"shahjahanpur","patients":2,"deaths":0},{"date":"2021-07-18","city":"sirmaur","patients":1,"deaths":0},{"date":"2021-07-18","city":"sirsa","patients":12,"deaths":2},{"date":"2021-07-18","city":"sonipat","patients":1,"deaths":1},{"date":"2021-07-18","city":"west","patients":1,"deaths":0},{"date":"2021-07-19","city":"ambala","patients":4,"deaths":1},{"date":"2021-07-19","city":"bhiwani","patients":1,"deaths":0},{"date":"2021-07-19","city":"bikaner","patients":1,"deaths":0},{"date":"2021-07-19","city":"central","patients":1,"deaths":1},{"date":"2021-07-19","city":"chandigarh","patients":5,"deaths":0},{"date":"2021-07-19","city":"dehradun","patients":3,"deaths":0},{"date":"2021-07-19","city":"fatehabad","patients":4,"deaths":0},{"date":"2021-07-19","city":"ganganagar","patients":1,"deaths":0},{"date":"2021-07-19","city":"gautam buddha nagar","patients":1,"deaths":0},{"date":"2021-07-19","city":"grand total","patients":70,"deaths":6},{"date":"2021-07-19","city":"hanumangarh","patients":1,"deaths":0},{"date":"2021-07-19","city":"hisar","patients":1,"deaths":0},{"date":"2021-07-19","city":"jaipur","patients":1,"deaths":0},{"date":"2021-07-19","city":"jammu","patients":9,"deaths":0},{"date":"2021-07-19","city":"kaithal","patients":3,"deaths":0},{"date":"2021-07-19","city":"karnal","patients":4,"deaths":0},{"date":"2021-07-19","city":"kathua","patients":3,"deaths":0},{"date":"2021-07-19","city":"kurukshetra","patients":2,"deaths":0},{"date":"2021-07-19","city":"mandi","patients":1,"deaths":0},{"date":"2021-07-19","city":"meerut","patients":1,"deaths":0},{"date":"2021-07-19","city":"nanded","patients":1,"deaths":0},{"date":"2021-07-19","city":"new delhi","patients":2,"deaths":1},{"date":"2021-07-19","city":"panchkula","patients":1,"deaths":0},{"date":"2021-07-19","city":"saharanpur","patients":2,"deaths":0},{"date":"2021-07-19","city":"shahjahanpur","patients":2,"deaths":0},{"date":"2021-07-19","city":"sirmaur","patients":1,"deaths":0},{"date":"2021-07-19","city":"sirsa","patients":12,"deaths":2},{"date":"2021-07-19","city":"sonipat","patients":1,"deaths":1},{"date":"2021-07-19","city":"west","patients":1,"deaths":0},{"date":"2021-07-20","city":"ambala","patients":4,"deaths":1},{"date":"2021-07-20","city":"bhiwani","patients":1,"deaths":0},{"date":"2021-07-20","city":"bikaner","patients":1,"deaths":0},{"date":"2021-07-20","city":"central","patients":1,"deaths":1},{"date":"2021-07-20","city":"chandigarh","patients":5,"deaths":0},{"date":"2021-07-20","city":"dehradun","patients":3,"deaths":0},{"date":"2021-07-20","city":"fatehabad","patients":4,"deaths":0},{"date":"2021-07-20","city":"ganganagar","patients":1,"deaths":0},{"date":"2021-07-20","city":"gautam buddha nagar","patients":1,"deaths":0},{"date":"2021-07-20","city":"grand total","patients":70,"deaths":6},{"date":"2021-07-20","city":"hanumangarh","patients":1,"deaths":0},{"date":"2021-07-20","city":"hisar","patients":1,"deaths":0},{"date":"2021-07-20","city":"jaipur","patients":1,"deaths":0},{"date":"2021-07-20","city":"jammu","patients":9,"deaths":0},{"date":"2021-07-20","city":"kaithal","patients":3,"deaths":0},{"date":"2021-07-20","city":"karnal","patients":4,"deaths":0},{"date":"2021-07-20","city":"kathua","patients":3,"deaths":0},{"date":"2021-07-20","city":"kurukshetra","patients":2,"deaths":0},{"date":"2021-07-20","city":"mandi","patients":1,"deaths":0},{"date":"2021-07-20","city":"meerut","patients":1,"deaths":0},{"date":"2021-07-20","city":"nanded","patients":1,"deaths":0},{"date":"2021-07-20","city":"new delhi","patients":2,"deaths":1},{"date":"2021-07-20","city":"panchkula","patients":1,"deaths":0},{"date":"2021-07-20","city":"saharanpur","patients":2,"deaths":0},{"date":"2021-07-20","city":"shahjahanpur","patients":2,"deaths":0},{"date":"2021-07-20","city":"sirmaur","patients":1,"deaths":0},{"date":"2021-07-20","city":"sirsa","patients":12,"deaths":2},{"date":"2021-07-20","city":"sonipat","patients":1,"deaths":1},{"date":"2021-07-20","city":"west","patients":1,"deaths":0},{"date":"2021-07-21","city":"ambala","patients":4,"deaths":1},{"date":"2021-07-21","city":"bhiwani","patients":1,"deaths":0},{"date":"2021-07-21","city":"bikaner","patients":1,"deaths":0},{"date":"2021-07-21","city":"central","patients":1,"deaths":1},{"date":"2021-07-21","city":"chandigarh","patients":5,"deaths":0},{"date":"2021-07-21","city":"dehradun","patients":3,"deaths":0},{"date":"2021-07-21","city":"fatehabad","patients":4,"deaths":0},{"date":"2021-07-21","city":"ganganagar","patients":1,"deaths":0},{"date":"2021-07-21","city":"gautam buddha nagar","patients":1,"deaths":0},{"date":"2021-07-21","city":"grand total","patients":70,"deaths":6},{"date":"2021-07-21","city":"hanumangarh","patients":1,"deaths":0},{"date":"2021-07-21","city":"hisar","patients":1,"deaths":0},{"date":"2021-07-21","city":"jaipur","patients":1,"deaths":0},{"date":"2021-07-21","city":"jammu","patients":9,"deaths":0},{"date":"2021-07-21","city":"kaithal","patients":3,"deaths":0},{"date":"2021-07-21","city":"karnal","patients":4,"deaths":0},{"date":"2021-07-21","city":"kathua","patients":3,"deaths":0},{"date":"2021-07-21","city":"kurukshetra","patients":2,"deaths":0},{"date":"2021-07-21","city":"mandi","patients":1,"deaths":0},{"date":"2021-07-21","city":"meerut","patients":1,"deaths":0},{"date":"2021-07-21","city":"nanded","patients":1,"deaths":0},{"date":"2021-07-21","city":"new delhi","patients":2,"deaths":1},{"date":"2021-07-21","city":"panchkula","patients":1,"deaths":0},{"date":"2021-07-21","city":"saharanpur","patients":2,"deaths":0},{"date":"2021-07-21","city":"shahjahanpur","patients":2,"deaths":0},{"date":"2021-07-21","city":"sirmaur","patients":1,"deaths":0},{"date":"2021-07-21","city":"sirsa","patients":12,"deaths":2},{"date":"2021-07-21","city":"sonipat","patients":1,"deaths":1},{"date":"2021-07-21","city":"west","patients":1,"deaths":0},{"date":"2021-07-22","city":"ambala","patients":4,"deaths":1},{"date":"2021-07-22","city":"bhiwani","patients":1,"deaths":0},{"date":"2021-07-22","city":"bikaner","patients":1,"deaths":0},{"date":"2021-07-22","city":"central","patients":1,"deaths":1},{"date":"2021-07-22","city":"chandigarh","patients":5,"deaths":0},{"date":"2021-07-22","city":"dehradun","patients":3,"deaths":0},{"date":"2021-07-22","city":"fatehabad","patients":4,"deaths":0},{"date":"2021-07-22","city":"ganganagar","patients":1,"deaths":0},{"date":"2021-07-22","city":"gautam buddha nagar","patients":1,"deaths":0},{"date":"2021-07-22","city":"grand total","patients":70,"deaths":6},{"date":"2021-07-22","city":"hanumangarh","patients":1,"deaths":0},{"date":"2021-07-22","city":"hisar","patients":1,"deaths":0},{"date":"2021-07-22","city":"jaipur","patients":1,"deaths":0},{"date":"2021-07-22","city":"jammu","patients":9,"deaths":0},{"date":"2021-07-22","city":"kaithal","patients":3,"deaths":0},{"date":"2021-07-22","city":"karnal","patients":4,"deaths":0},{"date":"2021-07-22","city":"kathua","patients":3,"deaths":0},{"date":"2021-07-22","city":"kurukshetra","patients":2,"deaths":0},{"date":"2021-07-22","city":"mandi","patients":1,"deaths":0},{"date":"2021-07-22","city":"meerut","patients":1,"deaths":0},{"date":"2021-07-22","city":"nanded","patients":1,"deaths":0},{"date":"2021-07-22","city":"new delhi","patients":2,"deaths":1},{"date":"2021-07-22","city":"panchkula","patients":1,"deaths":0},{"date":"2021-07-22","city":"saharanpur","patients":2,"deaths":0},{"date":"2021-07-22","city":"shahjahanpur","patients":2,"deaths":0},{"date":"2021-07-22","city":"sirmaur","patients":1,"deaths":0},{"date":"2021-07-22","city":"sirsa","patients":12,"deaths":2},{"date":"2021-07-22","city":"sonipat","patients":1,"deaths":1},{"date":"2021-07-22","city":"west","patients":1,"deaths":0},{"date":"2021-07-23","city":"ambala","patients":4,"deaths":1},{"date":"2021-07-23","city":"bhiwani","patients":1,"deaths":0},{"date":"2021-07-23","city":"bikaner","patients":1,"deaths":0},{"date":"2021-07-23","city":"central","patients":1,"deaths":1},{"date":"2021-07-23","city":"chandigarh","patients":5,"deaths":0},{"date":"2021-07-23","city":"dehradun","patients":3,"deaths":0},{"date":"2021-07-23","city":"fatehabad","patients":4,"deaths":0},{"date":"2021-07-23","city":"ganganagar","patients":1,"deaths":0},{"date":"2021-07-23","city":"gautam buddha nagar","patients":1,"deaths":0},{"date":"2021-07-23","city":"grand total","patients":70,"deaths":6},{"date":"2021-07-23","city":"hanumangarh","patients":1,"deaths":0},{"date":"2021-07-23","city":"hisar","patients":1,"deaths":0},{"date":"2021-07-23","city":"jaipur","patients":1,"deaths":0},{"date":"2021-07-23","city":"jammu","patients":9,"deaths":0},{"date":"2021-07-23","city":"kaithal","patients":3,"deaths":0},{"date":"2021-07-23","city":"karnal","patients":4,"deaths":0},{"date":"2021-07-23","city":"kathua","patients":3,"deaths":0},{"date":"2021-07-23","city":"kurukshetra","patients":2,"deaths":0},{"date":"2021-07-23","city":"mandi","patients":1,"deaths":0},{"date":"2021-07-23","city":"meerut","patients":1,"deaths":0},{"date":"2021-07-23","city":"nanded","patients":1,"deaths":0},{"date":"2021-07-23","city":"new delhi","patients":2,"deaths":1},{"date":"2021-07-23","city":"panchkula","patients":1,"deaths":0},{"date":"2021-07-23","city":"saharanpur","patients":2,"deaths":0},{"date":"2021-07-23","city":"shahjahanpur","patients":2,"deaths":0},{"date":"2021-07-23","city":"sirmaur","patients":1,"deaths":0},{"date":"2021-07-23","city":"sirsa","patients":12,"deaths":2},{"date":"2021-07-23","city":"sonipat","patients":1,"deaths":1},{"date":"2021-07-23","city":"west","patients":1,"deaths":0},{"date":"2021-07-24","city":"ambala","patients":4,"deaths":1},{"date":"2021-07-24","city":"bhiwani","patients":1,"deaths":0},{"date":"2021-07-24","city":"bikaner","patients":1,"deaths":0},{"date":"2021-07-24","city":"central","patients":1,"deaths":1},{"date":"2021-07-24","city":"chandigarh","patients":5,"deaths":0},{"date":"2021-07-24","city":"dehradun","patients":3,"deaths":0},{"date":"2021-07-24","city":"fatehabad","patients":4,"deaths":0},{"date":"2021-07-24","city":"ganganagar","patients":1,"deaths":0},{"date":"2021-07-24","city":"gautam buddha nagar","patients":1,"deaths":0},{"date":"2021-07-24","city":"grand total","patients":70,"deaths":6},{"date":"2021-07-24","city":"hanumangarh","patients":1,"deaths":0},{"date":"2021-07-24","city":"hisar","patients":1,"deaths":0},{"date":"2021-07-24","city":"jaipur","patients":1,"deaths":0},{"date":"2021-07-24","city":"jammu","patients":9,"deaths":0},{"date":"2021-07-24","city":"kaithal","patients":3,"deaths":0},{"date":"2021-07-24","city":"karnal","patients":4,"deaths":0},{"date":"2021-07-24","city":"kathua","patients":3,"deaths":0},{"date":"2021-07-24","city":"kurukshetra","patients":2,"deaths":0},{"date":"2021-07-24","city":"mandi","patients":1,"deaths":0},{"date":"2021-07-24","city":"meerut","patients":1,"deaths":0},{"date":"2021-07-24","city":"nanded","patients":1,"deaths":0},{"date":"2021-07-24","city":"new delhi","patients":2,"deaths":1},{"date":"2021-07-24","city":"panchkula","patients":1,"deaths":0},{"date":"2021-07-24","city":"saharanpur","patients":2,"deaths":0},{"date":"2021-07-24","city":"shahjahanpur","patients":2,"deaths":0},{"date":"2021-07-24","city":"sirmaur","patients":1,"deaths":0},{"date":"2021-07-24","city":"sirsa","patients":12,"deaths":2},{"date":"2021-07-24","city":"sonipat","patients":1,"deaths":1},{"date":"2021-07-24","city":"west","patients":1,"deaths":0},{"date":"2021-07-25","city":"ambala","patients":4,"deaths":1},{"date":"2021-07-25","city":"bhiwani","patients":1,"deaths":0},{"date":"2021-07-25","city":"bikaner","patients":1,"deaths":0},{"date":"2021-07-25","city":"central","patients":1,"deaths":1},{"date":"2021-07-25","city":"chandigarh","patients":5,"deaths":0},{"date":"2021-07-25","city":"dehradun","patients":3,"deaths":0},{"date":"2021-07-25","city":"fatehabad","patients":4,"deaths":0},{"date":"2021-07-25","city":"ganganagar","patients":1,"deaths":0},{"date":"2021-07-25","city":"gautam buddha nagar","patients":1,"deaths":0},{"date":"2021-07-25","city":"grand total","patients":70,"deaths":6},{"date":"2021-07-25","city":"hanumangarh","patients":1,"deaths":0},{"date":"2021-07-25","city":"hisar","patients":1,"deaths":0},{"date":"2021-07-25","city":"jaipur","patients":1,"deaths":0},{"date":"2021-07-25","city":"jammu","patients":9,"deaths":0},{"date":"2021-07-25","city":"kaithal","patients":3,"deaths":0},{"date":"2021-07-25","city":"karnal","patients":4,"deaths":0},{"date":"2021-07-25","city":"kathua","patients":3,"deaths":0},{"date":"2021-07-25","city":"kurukshetra","patients":2,"deaths":0},{"date":"2021-07-25","city":"mandi","patients":1,"deaths":0},{"date":"2021-07-25","city":"meerut","patients":1,"deaths":0},{"date":"2021-07-25","city":"nanded","patients":1,"deaths":0},{"date":"2021-07-25","city":"new delhi","patients":2,"deaths":1},{"date":"2021-07-25","city":"panchkula","patients":1,"deaths":0},{"date":"2021-07-25","city":"saharanpur","patients":2,"deaths":0},{"date":"2021-07-25","city":"shahjahanpur","patients":2,"deaths":0},{"date":"2021-07-25","city":"sirmaur","patients":1,"deaths":0},{"date":"2021-07-25","city":"sirsa","patients":12,"deaths":2},{"date":"2021-07-25","city":"sonipat","patients":1,"deaths":1},{"date":"2021-07-25","city":"west","patients":1,"deaths":0}]