[{"date":"2020-11-01","discharged_today":3726.0,"discharged_total":1514079.0,"recovery_rate":89.92,"cases_new":5369.0,"deaths_new":113,"cfr":2.61,"tests_cumulative":9024871,"tests_positive_cumulative":1683775,"current_home_quarantine":2544799,"current_institutional_quarantine":12230,"active_cases":125109.0},{"date":"2020-11-02","discharged_today":10225.0,"discharged_total":1524304.0,"recovery_rate":90.31,"cases_new":4009.0,"deaths_new":104,"cfr":2.61,"tests_cumulative":9065168,"tests_positive_cumulative":1687784,"current_home_quarantine":2533780,"current_institutional_quarantine":12195,"active_cases":118777.0},{"date":"2020-11-03","discharged_today":6973.0,"discharged_total":1531277.0,"recovery_rate":90.46,"cases_new":4909.0,"deaths_new":120,"cfr":2.61,"tests_cumulative":9120515,"tests_positive_cumulative":1692693,"current_home_quarantine":1795666,"current_institutional_quarantine":11969,"active_cases":116543.0},{"date":"2020-11-04","discharged_today":8728.0,"discharged_total":1540005.0,"recovery_rate":90.68,"cases_new":5505.0,"deaths_new":125,"cfr":2.62,"tests_cumulative":9185838,"tests_positive_cumulative":1698198,"current_home_quarantine":1335681,"current_institutional_quarantine":11648,"active_cases":112912.0},{"date":"2020-11-06","discharged_today":11060.0,"discharged_total":1562342.0,"recovery_rate":91.35,"cases_new":5027.0,"deaths_new":161,"cfr":2.63,"tests_cumulative":9318544,"tests_positive_cumulative":1710314,"current_home_quarantine":1059499,"current_institutional_quarantine":8879,"active_cases":102099.0},{"date":"2020-11-07","discharged_today":6748.0,"discharged_total":1569090.0,"recovery_rate":91.53,"cases_new":3959.0,"deaths_new":150,"cfr":2.63,"tests_cumulative":9378531,"tests_positive_cumulative":1714273,"current_home_quarantine":1071163,"current_institutional_quarantine":9799,"active_cases":99151.0},{"date":"2020-11-08","discharged_today":8232.0,"discharged_total":1577322.0,"recovery_rate":91.71,"cases_new":5092.0,"deaths_new":110,"cfr":2.63,"tests_cumulative":9440535,"tests_positive_cumulative":1719858,"current_home_quarantine":1051321,"current_institutional_quarantine":7912,"active_cases":96372.0},{"date":"2020-11-09","discharged_today":null,"discharged_total":null,"recovery_rate":null,"cases_new":3277.0,"deaths_new":19,"cfr":null,"tests_cumulative":9482940,"tests_positive_cumulative":1723135,"current_home_quarantine":1038500,"current_institutional_quarantine":7586,"active_cases":null},{"date":"2020-11-25","discharged_today":4844.0,"discharged_total":1663723.0,"recovery_rate":92.64,"cases_new":6159.0,"deaths_new":65,"cfr":2.6,"tests_cumulative":10456962,"tests_positive_cumulative":1795959,"current_home_quarantine":529344,"current_institutional_quarantine":6980,"active_cases":84464.0},{"date":"2020-11-26","discharged_today":4815.0,"discharged_total":1668538.0,"recovery_rate":92.57,"cases_new":6406.0,"deaths_new":65,"cfr":2.6,"tests_cumulative":10547333,"tests_positive_cumulative":1802365,"current_home_quarantine":528690,"current_institutional_quarantine":6634,"active_cases":85963.0},{"date":"2020-11-27","discharged_today":4089.0,"discharged_total":1672627.0,"recovery_rate":92.48,"cases_new":6185.0,"deaths_new":85,"cfr":2.59,"tests_cumulative":10635600,"tests_positive_cumulative":1808550,"current_home_quarantine":528395,"current_institutional_quarantine":7248,"active_cases":87969.0},{"date":"2020-11-28","discharged_today":3937.0,"discharged_total":1676564.0,"recovery_rate":92.4,"cases_new":5965.0,"deaths_new":75,"cfr":2.59,"tests_cumulative":10722198,"tests_positive_cumulative":1814515,"current_home_quarantine":528462,"current_institutional_quarantine":7118,"active_cases":89905.0},{"date":"2020-11-29","discharged_today":4362.0,"discharged_total":1680926.0,"recovery_rate":92.36,"cases_new":5544.0,"deaths_new":85,"cfr":2.59,"tests_cumulative":10804422,"tests_positive_cumulative":1820059,"current_home_quarantine":526555,"current_institutional_quarantine":6814,"active_cases":90997.0},{"date":"2020-11-30","discharged_today":4196.0,"discharged_total":1685122.0,"recovery_rate":92.39,"cases_new":3837.0,"deaths_new":80,"cfr":2.59,"tests_cumulative":10856384,"tests_positive_cumulative":1823896,"current_home_quarantine":535530,"current_institutional_quarantine":6354,"active_cases":90557.0},{"date":"2020-12-01","discharged_today":6290.0,"discharged_total":1691412.0,"recovery_rate":92.49,"cases_new":4930.0,"deaths_new":95,"cfr":2.58,"tests_cumulative":10915683,"tests_positive_cumulative":1828826,"current_home_quarantine":538084,"current_institutional_quarantine":6420,"active_cases":89098.0},{"date":"2020-12-02","discharged_today":5027.0,"discharged_total":1695208.0,"recovery_rate":92.52,"cases_new":5600.0,"deaths_new":111,"cfr":2.58,"tests_cumulative":10989496,"tests_positive_cumulative":1832176,"current_home_quarantine":547791,"current_institutional_quarantine":6073,"active_cases":88537.0},{"date":"2020-12-03","discharged_today":8066.0,"discharged_total":1703274.0,"recovery_rate":92.7,"cases_new":5182.0,"deaths_new":115,"cfr":2.58,"tests_cumulative":11059305,"tests_positive_cumulative":1837358,"current_home_quarantine":548137,"current_institutional_quarantine":5939,"active_cases":85535.0},{"date":"2020-12-04","discharged_today":6776.0,"discharged_total":1710050.0,"recovery_rate":92.81,"cases_new":5229.0,"deaths_new":127,"cfr":2.58,"tests_cumulative":11132231,"tests_positive_cumulative":1842587,"current_home_quarantine":547504,"current_institutional_quarantine":5567,"active_cases":83859.0},{"date":"2020-12-06","discharged_today":7486.0,"discharged_total":1723370.0,"recovery_rate":93.08,"cases_new":4757.0,"deaths_new":40,"cfr":2.58,"tests_cumulative":11273705,"tests_positive_cumulative":1852266,"current_home_quarantine":556085,"current_institutional_quarantine":5903,"active_cases":80079.0},{"date":"2020-12-07","discharged_today":7345.0,"discharged_total":1730715.0,"recovery_rate":93.28,"cases_new":3075.0,"deaths_new":40,"cfr":2.57,"tests_cumulative":11318721,"tests_positive_cumulative":1855341,"current_home_quarantine":555180,"current_institutional_quarantine":5565,"active_cases":75767.0},{"date":"2020-12-08","discharged_today":6365.0,"discharged_total":1737080.0,"recovery_rate":93.42,"cases_new":4026.0,"deaths_new":53,"cfr":2.57,"tests_cumulative":11377074,"tests_positive_cumulative":1859367,"current_home_quarantine":548961,"current_institutional_quarantine":5617,"active_cases":73374.0},{"date":"2020-12-09","discharged_today":5111.0,"discharged_total":1742191.0,"recovery_rate":93.45,"cases_new":4981.0,"deaths_new":75,"cfr":2.57,"tests_cumulative":11447723,"tests_positive_cumulative":1864348,"current_home_quarantine":543091,"current_institutional_quarantine":5105,"active_cases":73166.0},{"date":"2020-12-10","discharged_today":5008.0,"discharged_total":1747199.0,"recovery_rate":93.52,"cases_new":3824.0,"deaths_new":70,"cfr":2.57,"tests_cumulative":11502427,"tests_positive_cumulative":1868172,"current_home_quarantine":541059,"current_institutional_quarantine":5137,"active_cases":71910.0},{"date":"2020-12-11","discharged_today":2774.0,"discharged_total":1749973.0,"recovery_rate":93.46,"cases_new":4268.0,"deaths_new":87,"cfr":2.57,"tests_cumulative":11570137,"tests_positive_cumulative":1872440,"current_home_quarantine":532288,"current_institutional_quarantine":5122,"active_cases":73315.0},{"date":"2020-12-12","discharged_today":3949.0,"discharged_total":1753922.0,"recovery_rate":93.46,"cases_new":4259.0,"deaths_new":80,"cfr":2.57,"tests_cumulative":11638336,"tests_positive_cumulative":1876699,"current_home_quarantine":525623,"current_institutional_quarantine":4500,"active_cases":73542.0},{"date":"2020-12-13","discharged_today":3083.0,"discharged_total":1757005.0,"recovery_rate":93.44,"cases_new":3717.0,"deaths_new":70,"cfr":2.56,"tests_cumulative":11702457,"tests_positive_cumulative":1880416,"current_home_quarantine":512587,"current_institutional_quarantine":4403,"active_cases":74104.0},{"date":"2020-12-14","discharged_today":4610.0,"discharged_total":1761615.0,"recovery_rate":93.54,"cases_new":2949.0,"deaths_new":60,"cfr":2.56,"tests_cumulative":11748362,"tests_positive_cumulative":1883365,"current_home_quarantine":504406,"current_institutional_quarantine":4335,"active_cases":72383.0},{"date":"2020-12-15","discharged_today":4395.0,"discharged_total":1766010.0,"recovery_rate":93.6,"cases_new":3442.0,"deaths_new":70,"cfr":2.56,"tests_cumulative":11806808,"tests_positive_cumulative":1886807,"current_home_quarantine":524059,"current_institutional_quarantine":4316,"active_cases":71356.0},{"date":"2020-12-16","discharged_today":4678.0,"discharged_total":1769897.0,"recovery_rate":94.1,"cases_new":4304.0,"deaths_new":95,"cfr":2.58,"tests_cumulative":11871449,"tests_positive_cumulative":1880893,"current_home_quarantine":509478,"current_institutional_quarantine":3993,"active_cases":61454.0},{"date":"2020-12-17","discharged_today":4358.0,"discharged_total":1774255.0,"recovery_rate":94.14,"cases_new":3880.0,"deaths_new":65,"cfr":2.57,"tests_cumulative":11933956,"tests_positive_cumulative":1884773,"current_home_quarantine":506914,"current_institutional_quarantine":4033,"active_cases":60905.0},{"date":"2020-12-20","discharged_today":2064.0,"discharged_total":1783905.0,"recovery_rate":94.06,"cases_new":3811.0,"deaths_new":98,"cfr":2.57,"tests_cumulative":12119196,"tests_positive_cumulative":1896518,"current_home_quarantine":502362,"current_institutional_quarantine":3730,"active_cases":62743.0},{"date":"2020-12-22","discharged_today":4122.0,"discharged_total":1794080.0,"recovery_rate":94.3,"cases_new":3106.0,"deaths_new":75,"cfr":2.57,"tests_cumulative":12212384,"tests_positive_cumulative":1902458,"current_home_quarantine":494815,"current_institutional_quarantine":3660,"active_cases":58376.0},{"date":"2020-12-23","discharged_today":7620.0,"discharged_total":1801700.0,"recovery_rate":94.51,"cases_new":3913.0,"deaths_new":93,"cfr":2.57,"tests_cumulative":12278476,"tests_positive_cumulative":1906371,"current_home_quarantine":488723,"current_institutional_quarantine":3420,"active_cases":null},{"date":"2020-12-24","discharged_today":3171.0,"discharged_total":1804871.0,"recovery_rate":94.5,"cases_new":3580.0,"deaths_new":89,"cfr":2.57,"tests_cumulative":12341204,"tests_positive_cumulative":1909951,"current_home_quarantine":482779,"current_institutional_quarantine":3810,"active_cases":54891.0},{"date":"2020-12-25","discharged_today":1427.0,"discharged_total":1806298.0,"recovery_rate":94.4,"cases_new":3431.0,"deaths_new":71,"cfr":2.57,"tests_cumulative":12401637,"tests_positive_cumulative":1913382,"current_home_quarantine":477528,"current_institutional_quarantine":3695,"active_cases":56823.0},{"date":"2020-12-26","discharged_today":1526.0,"discharged_total":1807824.0,"recovery_rate":94.34,"cases_new":2854.0,"deaths_new":60,"cfr":2.57,"tests_cumulative":12451919,"tests_positive_cumulative":1916236,"current_home_quarantine":464121,"current_institutional_quarantine":3704,"active_cases":58091.0},{"date":"2020-12-27","discharged_today":2124.0,"discharged_total":1809948.0,"recovery_rate":94.29,"cases_new":3314.0,"deaths_new":66,"cfr":2.57,"tests_cumulative":12502554,"tests_positive_cumulative":1919550,"current_home_quarantine":457385,"current_institutional_quarantine":3323,"active_cases":59214.0},{"date":"2020-12-28","discharged_today":4501.0,"discharged_total":1814449.0,"recovery_rate":94.4,"cases_new":2498.0,"deaths_new":50,"cfr":2.57,"tests_cumulative":12543772,"tests_positive_cumulative":1922048,"current_home_quarantine":452535,"current_institutional_quarantine":3138,"active_cases":57159.0},{"date":"2020-12-29","discharged_today":5572.0,"discharged_total":1820021.0,"recovery_rate":94.54,"cases_new":3018.0,"deaths_new":68,"cfr":2.56,"tests_cumulative":12600754,"tests_positive_cumulative":1925066,"current_home_quarantine":289560,"current_institutional_quarantine":3204,"active_cases":54537.0},{"date":"2020-12-30","discharged_today":4913.0,"discharged_total":1824934.0,"recovery_rate":94.62,"cases_new":3537.0,"deaths_new":70,"cfr":2.56,"tests_cumulative":12672259,"tests_positive_cumulative":1928603,"current_home_quarantine":280682,"current_institutional_quarantine":3127,"active_cases":53066.0},{"date":"2021-01-02","discharged_today":2110.0,"discharged_total":1834935.0,"recovery_rate":94.64,"cases_new":3218.0,"deaths_new":51,"cfr":2.56,"tests_cumulative":12890441,"tests_positive_cumulative":1938854,"current_home_quarantine":258668,"current_institutional_quarantine":3159,"active_cases":53137.0},{"date":"2021-01-04","discharged_today":10362.0,"discharged_total":1847361.0,"recovery_rate":94.88,"cases_new":2765.0,"deaths_new":29,"cfr":2.55,"tests_cumulative":13004876,"tests_positive_cumulative":1947011,"current_home_quarantine":241728,"current_institutional_quarantine":3078,"active_cases":48801.0},{"date":"2021-01-05","discharged_today":2828.0,"discharged_total":1850189.0,"recovery_rate":94.87,"cases_new":3160.0,"deaths_new":64,"cfr":2.55,"tests_cumulative":13061976,"tests_positive_cumulative":1950171,"current_home_quarantine":241557,"current_institutional_quarantine":2788,"active_cases":49067.0},{"date":"2021-01-06","discharged_today":2570.0,"discharged_total":1852759.0,"recovery_rate":94.79,"cases_new":4382.0,"deaths_new":66,"cfr":2.55,"tests_cumulative":13134019,"tests_positive_cumulative":1954553,"current_home_quarantine":233875,"current_institutional_quarantine":2523,"active_cases":50808.0},{"date":"2021-01-07","discharged_today":3350.0,"discharged_total":1856109.0,"recovery_rate":94.78,"cases_new":3729.0,"deaths_new":72,"cfr":2.55,"tests_cumulative":13199201,"tests_positive_cumulative":1958282,"current_home_quarantine":270217,"current_institutional_quarantine":2824,"active_cases":51111.0},{"date":"2021-01-08","discharged_today":2890.0,"discharged_total":1858999.0,"recovery_rate":94.75,"cases_new":3693.0,"deaths_new":73,"cfr":2.55,"tests_cumulative":13267917,"tests_positive_cumulative":1961975,"current_home_quarantine":242585,"current_institutional_quarantine":3015,"active_cases":51838.0},{"date":"2021-01-09","discharged_today":2401.0,"discharged_total":1861400.0,"recovery_rate":94.7,"cases_new":3581.0,"deaths_new":57,"cfr":2.55,"tests_cumulative":13338488,"tests_positive_cumulative":1965556,"current_home_quarantine":234545,"current_institutional_quarantine":2474,"active_cases":52960.0},{"date":"2021-01-10","discharged_today":2302.0,"discharged_total":1863702.0,"recovery_rate":94.65,"cases_new":3558.0,"deaths_new":34,"cfr":2.54,"tests_cumulative":13401170,"tests_positive_cumulative":1969114,"current_home_quarantine":234845,"current_institutional_quarantine":2453,"active_cases":54179.0},{"date":"2021-01-11","discharged_today":4286.0,"discharged_total":1867988.0,"recovery_rate":94.75,"cases_new":2438.0,"deaths_new":40,"cfr":2.54,"tests_cumulative":13443229,"tests_positive_cumulative":1971552,"current_home_quarantine":230699,"current_institutional_quarantine":2468,"active_cases":52288.0},{"date":"2021-01-12","discharged_today":3282.0,"discharged_total":1871270.0,"recovery_rate":94.77,"cases_new":2936.0,"deaths_new":50,"cfr":2.54,"tests_cumulative":13500734,"tests_positive_cumulative":1974488,"current_home_quarantine":227876,"current_institutional_quarantine":2388,"active_cases":51892.0},{"date":"2021-01-13","discharged_today":3009.0,"discharged_total":1874279.0,"recovery_rate":94.75,"cases_new":3556.0,"deaths_new":70,"cfr":2.54,"tests_cumulative":13562194,"tests_positive_cumulative":1978044,"current_home_quarantine":226599,"current_institutional_quarantine":2496,"active_cases":52365.0},{"date":"2021-01-14","discharged_today":3309.0,"discharged_total":1877588.0,"recovery_rate":94.75,"cases_new":3579.0,"deaths_new":70,"cfr":2.54,"tests_cumulative":13623298,"tests_positive_cumulative":1981623,"current_home_quarantine":196829,"current_institutional_quarantine":2403,"active_cases":52558.0},{"date":"2021-01-15","discharged_today":3500.0,"discharged_total":1881088.0,"recovery_rate":94.78,"cases_new":3145.0,"deaths_new":45,"cfr":2.54,"tests_cumulative":13684589,"tests_positive_cumulative":1984768,"current_home_quarantine":224851,"current_institutional_quarantine":2240,"active_cases":52152.0},{"date":"2021-01-16","discharged_today":3039.0,"discharged_total":1884127.0,"recovery_rate":94.79,"cases_new":2910.0,"deaths_new":52,"cfr":2.54,"tests_cumulative":13743486,"tests_positive_cumulative":1987678,"current_home_quarantine":224705,"current_institutional_quarantine":2037,"active_cases":51965.0},{"date":"2021-01-17","discharged_today":2342.0,"discharged_total":1886469.0,"recovery_rate":94.76,"cases_new":3081.0,"deaths_new":50,"cfr":2.53,"tests_cumulative":13806387,"tests_positive_cumulative":1990759,"current_home_quarantine":225308,"current_institutional_quarantine":2045,"active_cases":52653.0},{"date":"2021-01-19","discharged_today":4516.0,"discharged_total":1894839.0,"recovery_rate":94.98,"cases_new":2294.0,"deaths_new":50,"cfr":2.53,"tests_cumulative":13895277,"tests_positive_cumulative":1994977,"current_home_quarantine":218058,"current_institutional_quarantine":1996,"active_cases":48406.0},{"date":"2021-01-20","discharged_today":4589.0,"discharged_total":1899428.0,"recovery_rate":95.07,"cases_new":3015.0,"deaths_new":59,"cfr":2.53,"tests_cumulative":13957469,"tests_positive_cumulative":1997992,"current_home_quarantine":218325,"current_institutional_quarantine":2230,"active_cases":46769.0},{"date":"2021-01-21","discharged_today":3980.0,"discharged_total":1903408.0,"recovery_rate":95.13,"cases_new":2886.0,"deaths_new":52,"cfr":2.53,"tests_cumulative":14019188,"tests_positive_cumulative":2000878,"current_home_quarantine":212023,"current_institutional_quarantine":1936,"active_cases":45622.0},{"date":"2021-01-22","discharged_today":3419.0,"discharged_total":1906827.0,"recovery_rate":95.17,"cases_new":2779.0,"deaths_new":50,"cfr":2.53,"tests_cumulative":14080930,"tests_positive_cumulative":2003657,"current_home_quarantine":213414,"current_institutional_quarantine":2019,"active_cases":44926.0},{"date":"2021-01-23","discharged_today":3694.0,"discharged_total":1910521.0,"recovery_rate":95.22,"cases_new":2697.0,"deaths_new":56,"cfr":2.53,"tests_cumulative":14145829,"tests_positive_cumulative":2006354,"current_home_quarantine":213678,"current_institutional_quarantine":1993,"active_cases":43870.0},{"date":"2021-01-24","discharged_today":1743.0,"discharged_total":1912264.0,"recovery_rate":95.18,"cases_new":2752.0,"deaths_new":45,"cfr":2.53,"tests_cumulative":14207595,"tests_positive_cumulative":2009106,"current_home_quarantine":208993,"current_institutional_quarantine":2309,"active_cases":44831.0},{"date":"2021-01-26","discharged_today":2106.0,"discharged_total":1917450.0,"recovery_rate":95.24,"cases_new":2405.0,"deaths_new":47,"cfr":2.53,"tests_cumulative":14315227,"tests_positive_cumulative":2013353,"current_home_quarantine":184944,"current_institutional_quarantine":2613,"active_cases":43811.0},{"date":"2021-01-27","discharged_today":2556.0,"discharged_total":1920006.0,"recovery_rate":95.26,"cases_new":2171.0,"deaths_new":32,"cfr":2.53,"tests_cumulative":14367094,"tests_positive_cumulative":2015524,"current_home_quarantine":200159,"current_institutional_quarantine":2615,"active_cases":43393.0},{"date":"2021-01-28","discharged_today":3181.0,"discharged_total":1923187.0,"recovery_rate":95.28,"cases_new":2889.0,"deaths_new":50,"cfr":2.52,"tests_cumulative":14430223,"tests_positive_cumulative":2018413,"current_home_quarantine":197941,"current_institutional_quarantine":2804,"active_cases":43048.0},{"date":"2021-01-29","discharged_today":2613.0,"discharged_total":1925800.0,"recovery_rate":95.28,"cases_new":2771.0,"deaths_new":56,"cfr":2.52,"tests_cumulative":14496359,"tests_positive_cumulative":2021184,"current_home_quarantine":195127,"current_institutional_quarantine":2771,"active_cases":43147.0},{"date":"2021-02-01","discharged_today":3289.0,"discharged_total":1932294.0,"recovery_rate":95.26,"cases_new":null,"deaths_new":27,"cfr":2.52,"tests_cumulative":14656223,"tests_positive_cumulative":2028347,"current_home_quarantine":192382,"current_institutional_quarantine":2152,"active_cases":43701.0},{"date":"2021-02-02","discharged_today":4011.0,"discharged_total":1936305.0,"recovery_rate":95.37,"cases_new":null,"deaths_new":30,"cfr":2.52,"tests_cumulative":14706992,"tests_positive_cumulative":2030274,"current_home_quarantine":189288,"current_institutional_quarantine":2121,"active_cases":41586.0},{"date":"2021-02-03","discharged_today":7030.0,"discharged_total":1943335.0,"recovery_rate":95.58,"cases_new":null,"deaths_new":30,"cfr":2.52,"tests_cumulative":14764744,"tests_positive_cumulative":2033266,"current_home_quarantine":182181,"current_institutional_quarantine":2093,"active_cases":37516.0},{"date":"2021-02-04","discharged_today":5339.0,"discharged_total":1948674.0,"recovery_rate":95.71,"cases_new":null,"deaths_new":46,"cfr":2.52,"tests_cumulative":14821561,"tests_positive_cumulative":2036002,"current_home_quarantine":178676,"current_institutional_quarantine":1911,"active_cases":34862.0},{"date":"2021-02-05","discharged_today":3513.0,"discharged_total":1952187.0,"recovery_rate":95.76,"cases_new":null,"deaths_new":40,"cfr":2.51,"tests_cumulative":14875633,"tests_positive_cumulative":2038630,"current_home_quarantine":177560,"current_institutional_quarantine":2025,"active_cases":33936.0},{"date":"2021-02-06","discharged_today":1739.0,"discharged_total":1953926.0,"recovery_rate":95.72,"cases_new":null,"deaths_new":25,"cfr":2.51,"tests_cumulative":14928130,"tests_positive_cumulative":2041398,"current_home_quarantine":173504,"current_institutional_quarantine":1980,"active_cases":34934.0},{"date":"2021-02-07","discharged_today":1622.0,"discharged_total":1955548.0,"recovery_rate":95.67,"cases_new":2673.0,"deaths_new":30,"cfr":2.51,"tests_cumulative":14977683,"tests_positive_cumulative":2044071,"current_home_quarantine":172311,"current_institutional_quarantine":1979,"active_cases":35948.0},{"date":"2021-02-08","discharged_today":3423.0,"discharged_total":1958971.0,"recovery_rate":95.73,"cases_new":2216.0,"deaths_new":15,"cfr":2.51,"tests_cumulative":15010037,"tests_positive_cumulative":2046287,"current_home_quarantine":167764,"current_institutional_quarantine":1976,"active_cases":34720.0},{"date":"2021-02-09","discharged_today":2554.0,"discharged_total":1961525.0,"recovery_rate":95.74,"cases_new":2515.0,"deaths_new":35,"cfr":2.51,"tests_cumulative":15058995,"tests_positive_cumulative":2048802,"current_home_quarantine":167694,"current_institutional_quarantine":1805,"active_cases":34640.0},{"date":"2021-02-11","discharged_today":6107.0,"discharged_total":19700532.0,"recovery_rate":95.84,"cases_new":3297.0,"deaths_new":25,"cfr":2.5,"tests_cumulative":15163781,"tests_positive_cumulative":2052905,"current_home_quarantine":166785,"current_institutional_quarantine":1852,"active_cases":30265.0},{"date":"2021-02-12","discharged_today":2422.0,"discharged_total":1972475.0,"recovery_rate":95.91,"cases_new":3670.0,"deaths_new":36,"cfr":2.5,"tests_cumulative":15219416,"tests_positive_cumulative":2056575,"current_home_quarantine":168087,"current_institutional_quarantine":1789,"active_cases":31474.0},{"date":"2021-02-13","discharged_today":1773.0,"discharged_total":1974248.0,"recovery_rate":95.83,"cases_new":3611.0,"deaths_new":38,"cfr":2.5,"tests_cumulative":15272826,"tests_positive_cumulative":2060186,"current_home_quarantine":175418,"current_institutional_quarantine":1746,"active_cases":33269.0},{"date":"2021-02-15","discharged_today":3105.0,"discharged_total":1978708.0,"recovery_rate":95.7,"cases_new":3365.0,"deaths_new":23,"cfr":2.49,"tests_cumulative":15359026,"tests_positive_cumulative":2067643,"current_home_quarantine":174704,"current_institutional_quarantine":1714,"active_cases":36201.0},{"date":"2021-02-17","discharged_today":3853.0,"discharged_total":1985261.0,"recovery_rate":95.62,"cases_new":4787.0,"deaths_new":40,"cfr":2.49,"tests_cumulative":154355268,"tests_positive_cumulative":2076093,"current_home_quarantine":195704,"current_institutional_quarantine":1664,"active_cases":38013.0},{"date":"2021-02-28","discharged_today":3753.0,"discharged_total":2024704.0,"recovery_rate":93.95,"cases_new":8293.0,"deaths_new":62,"cfr":2.42,"tests_cumulative":16284612,"tests_positive_cumulative":2155070,"current_home_quarantine":335492,"current_institutional_quarantine":3332,"active_cases":77008.0},{"date":"2021-03-17","discharged_today":9138.0,"discharged_total":2163391.0,"recovery_rate":91.26,"cases_new":23179.0,"deaths_new":84,"cfr":2.24,"tests_cumulative":17835495,"tests_positive_cumulative":2370507,"current_home_quarantine":671620,"current_institutional_quarantine":6738,"active_cases":152760.0},{"date":"2021-03-21","discharged_today":11314.0,"discharged_total":2214867.0,"recovery_rate":89.32,"cases_new":30535.0,"deaths_new":99,"cfr":2.15,"tests_cumulative":18356200,"tests_positive_cumulative":2479682,"current_home_quarantine":969867,"current_institutional_quarantine":9601,"active_cases":210120.0},{"date":"2021-03-22","discharged_today":19463.0,"discharged_total":2234330.0,"recovery_rate":89.22,"cases_new":24645.0,"deaths_new":58,"cfr":2.13,"tests_cumulative":18462030,"tests_positive_cumulative":2504327,"current_home_quarantine":1063077,"current_institutional_quarantine":11092,"active_cases":215241.0},{"date":"2021-03-23","discharged_today":13165.0,"discharged_total":2247495.0,"recovery_rate":88.73,"cases_new":28699.0,"deaths_new":132,"cfr":2.12,"tests_cumulative":18584463,"tests_positive_cumulative":2533026,"current_home_quarantine":1177265,"current_institutional_quarantine":11887,"active_cases":230641.0},{"date":"2021-03-24","discharged_today":15098.0,"discharged_total":2262593.0,"recovery_rate":88.21,"cases_new":31855.0,"deaths_new":95,"cfr":2.09,"tests_cumulative":18725307,"tests_positive_cumulative":2564881,"current_home_quarantine":1268094,"current_institutional_quarantine":13499,"active_cases":247299.0},{"date":"2021-03-25","discharged_today":20444.0,"discharged_total":2283037.0,"recovery_rate":87.78,"cases_new":35952.0,"deaths_new":111,"cfr":2.07,"tests_cumulative":18878754,"tests_positive_cumulative":2600833,"current_home_quarantine":1362899,"current_institutional_quarantine":13770,"active_cases":262685.0},{"date":"2021-03-29","discharged_today":20854.0,"discharged_total":2353307.0,"recovery_rate":85.71,"cases_new":31643.0,"deaths_new":102,"cfr":1.98,"tests_cumulative":19495189,"tests_positive_cumulative":2745518,"current_home_quarantine":1607415,"current_institutional_quarantine":16614,"active_cases":336584.0},{"date":"2021-03-30","discharged_today":23820.0,"discharged_total":2377127.0,"recovery_rate":85.71,"cases_new":27918.0,"deaths_new":139,"cfr":1.96,"tests_cumulative":19625065,"tests_positive_cumulative":2773436,"current_home_quarantine":1656697,"current_institutional_quarantine":17649,"active_cases":340542.0},{"date":"2021-03-31","discharged_today":23600.0,"discharged_total":2400727.0,"recovery_rate":85.34,"cases_new":39544.0,"deaths_new":227,"cfr":1.94,"tests_cumulative":19792143,"tests_positive_cumulative":2812980,"current_home_quarantine":1729816,"current_institutional_quarantine":17863,"active_cases":356243.0},{"date":"2021-04-04","discharged_today":27508.0,"discharged_total":2522823.0,"recovery_rate":83.8,"cases_new":57074.0,"deaths_new":222,"cfr":1.86,"tests_cumulative":20540111,"tests_positive_cumulative":3010597,"current_home_quarantine":2205899,"current_institutional_quarantine":19711,"active_cases":430503.0},{"date":"2021-04-05","discharged_today":26252.0,"discharged_total":2549075.0,"recovery_rate":83.36,"cases_new":47288.0,"deaths_new":155,"cfr":1.83,"tests_cumulative":20715793,"tests_positive_cumulative":3057885,"current_home_quarantine":2416981,"current_institutional_quarantine":20115,"active_cases":451375.0},{"date":"2021-04-06","discharged_today":34256.0,"discharged_total":2583331.0,"recovery_rate":82.98,"cases_new":55469.0,"deaths_new":297,"cfr":1.81,"tests_cumulative":20917486,"tests_positive_cumulative":3113354,"current_home_quarantine":2455498,"current_institutional_quarantine":22797,"active_cases":472283.0},{"date":"2021-04-07","discharged_today":30296.0,"discharged_total":2613627.0,"recovery_rate":82.36,"cases_new":59907.0,"deaths_new":322,"cfr":1.79,"tests_cumulative":21148736,"tests_positive_cumulative":3173261,"current_home_quarantine":2578530,"current_institutional_quarantine":21212,"active_cases":501559.0},{"date":"2021-04-08","discharged_today":36130.0,"discharged_total":2649757.0,"recovery_rate":82.05,"cases_new":56286.0,"deaths_new":376,"cfr":1.77,"tests_cumulative":21385551,"tests_positive_cumulative":3229547,"current_home_quarantine":2702613,"current_institutional_quarantine":22661,"active_cases":521317.0},{"date":"2021-04-11","discharged_today":34008.0,"discharged_total":2782161.0,"recovery_rate":81.65,"cases_new":63294.0,"deaths_new":349,"cfr":1.7,"tests_cumulative":22114372,"tests_positive_cumulative":3407245,"current_home_quarantine":3175585,"current_institutional_quarantine":25694,"active_cases":565587.0},{"date":"2021-04-14","discharged_today":39624.0,"discharged_total":2905721.0,"recovery_rate":81.21,"cases_new":58952.0,"deaths_new":278,"cfr":1.64,"tests_cumulative":22802200,"tests_positive_cumulative":3578160,"current_home_quarantine":3455206,"current_institutional_quarantine":28494,"active_cases":612070.0},{"date":"2021-04-18","discharged_today":45654.0,"discharged_total":3106828.0,"recovery_rate":80.92,"cases_new":68631.0,"deaths_new":503,"cfr":1.58,"tests_cumulative":23854185,"tests_positive_cumulative":3839338,"current_home_quarantine":3675518,"current_institutional_quarantine":26529,"active_cases":670388.0},{"date":"2021-04-25","discharged_today":61450.0,"discharged_total":3530060.0,"recovery_rate":82.19,"cases_new":66191.0,"deaths_new":832,"cfr":1.51,"tests_cumulative":25749543,"tests_positive_cumulative":4295027,"current_home_quarantine":4236825,"current_institutional_quarantine":29966,"active_cases":698354.0},{"date":"2021-04-26","discharged_today":71736.0,"discharged_total":3601796.0,"recovery_rate":82.92,"cases_new":48700.0,"deaths_new":524,"cfr":1.5,"tests_cumulative":25972018,"tests_positive_cumulative":4343727,"current_home_quarantine":3978420,"current_institutional_quarantine":30398,"active_cases":674770.0},{"date":"2021-04-27","discharged_today":67752.0,"discharged_total":3669548.0,"recovery_rate":83.21,"cases_new":66358.0,"deaths_new":895,"cfr":1.5,"tests_cumulative":26254737,"tests_positive_cumulative":4410085,"current_home_quarantine":4264936,"current_institutional_quarantine":30146,"active_cases":672434.0},{"date":"2021-04-28","discharged_today":61181.0,"discharged_total":3730729.0,"recovery_rate":83.4,"cases_new":63309.0,"deaths_new":985,"cfr":1.5,"tests_cumulative":26527862,"tests_positive_cumulative":4473394,"current_home_quarantine":4203547,"current_institutional_quarantine":31159,"active_cases":673481.0},{"date":"2021-05-02","discharged_today":51356.0,"discharged_total":3981658.0,"recovery_rate":84.31,"cases_new":56647.0,"deaths_new":669,"cfr":1.49,"tests_cumulative":27652758,"tests_positive_cumulative":4722401,"current_home_quarantine":3996946,"current_institutional_quarantine":27735,"active_cases":668353.0},{"date":"2021-05-03","discharged_today":59500.0,"discharged_total":4041158.0,"recovery_rate":84.7,"cases_new":48621.0,"deaths_new":567,"cfr":1.49,"tests_cumulative":27864426,"tests_positive_cumulative":4771022,"current_home_quarantine":3908491,"current_institutional_quarantine":28593,"active_cases":656870.0},{"date":"2021-05-05","discharged_today":57006.0,"discharged_total":4164098.0,"recovery_rate":85.32,"cases_new":57640.0,"deaths_new":920,"cfr":1.49,"tests_cumulative":28384582,"tests_positive_cumulative":4880542,"current_home_quarantine":3852501,"current_institutional_quarantine":32174,"active_cases":641569.0},{"date":"2021-05-06","discharged_today":63842.0,"discharged_total":4227940.0,"recovery_rate":85.54,"cases_new":62194.0,"deaths_new":853,"cfr":1.49,"tests_cumulative":28661668,"tests_positive_cumulative":4942736,"current_home_quarantine":3826089,"current_institutional_quarantine":29406,"active_cases":639075.0},{"date":"2021-05-10","discharged_today":61607.0,"discharged_total":4469425.0,"recovery_rate":86.97,"cases_new":37236.0,"deaths_new":549,"cfr":1.49,"tests_cumulative":29631127,"tests_positive_cumulative":5138973,"current_home_quarantine":3670320,"current_institutional_quarantine":26664,"active_cases":590818.0},{"date":"2021-05-11","discharged_today":71966.0,"discharged_total":4541391.0,"recovery_rate":87.67,"cases_new":40956.0,"deaths_new":793,"cfr":1.49,"tests_cumulative":29848791,"tests_positive_cumulative":5179929,"current_home_quarantine":3591783,"current_institutional_quarantine":29955,"active_cases":558996.0},{"date":"2021-05-13","discharged_today":54535.0,"discharged_total":4654731.0,"recovery_rate":88.34,"cases_new":42582.0,"deaths_new":850,"cfr":1.5,"tests_cumulative":30351356,"tests_positive_cumulative":5269292,"current_home_quarantine":3502630,"current_institutional_quarantine":28847,"active_cases":533294.0},{"date":"2021-05-16","discharged_today":59318.0,"discharged_total":4826371.0,"recovery_rate":89.74,"cases_new":34389.0,"deaths_new":974,"cfr":1.52,"tests_cumulative":31103991,"tests_positive_cumulative":5378452,"current_home_quarantine":3491981,"current_institutional_quarantine":28398,"active_cases":468109.0},{"date":"2021-05-18","discharged_today":52898.0,"discharged_total":4927480.0,"recovery_rate":90.69,"cases_new":28438.0,"deaths_new":679,"cfr":1.54,"tests_cumulative":31588717,"tests_positive_cumulative":5433506,"current_home_quarantine":3097161,"current_institutional_quarantine":25004,"active_cases":419727.0},{"date":"2021-05-19","discharged_today":51457.0,"discharged_total":4978937.0,"recovery_rate":91.06,"cases_new":34031.0,"deaths_new":594,"cfr":1.54,"tests_cumulative":31874364,"tests_positive_cumulative":5467537,"current_home_quarantine":3059095,"current_institutional_quarantine":23828,"active_cases":401695.0},{"date":"2021-05-20","discharged_today":47371.0,"discharged_total":5026308.0,"recovery_rate":91.43,"cases_new":29911.0,"deaths_new":738,"cfr":1.55,"tests_cumulative":32154275,"tests_positive_cumulative":5497448,"current_home_quarantine":2935409,"current_institutional_quarantine":21648,"active_cases":383253.0},{"date":"2021-05-23","discharged_today":29177.0,"discharged_total":5140272.0,"recovery_rate":92.12,"cases_new":26672.0,"deaths_new":594,"cfr":1.59,"tests_cumulative":33013516,"tests_positive_cumulative":5579897,"current_home_quarantine":2696306,"current_institutional_quarantine":21771,"active_cases":348395.0},{"date":"2021-05-24","discharged_today":42320.0,"discharged_total":5182592.0,"recovery_rate":92.51,"cases_new":22122.0,"deaths_new":361,"cfr":1.59,"tests_cumulative":33277290,"tests_positive_cumulative":5602019,"current_home_quarantine":2729301,"current_institutional_quarantine":24932,"active_cases":327580.0},{"date":"2021-05-26","discharged_today":23065.0,"discharged_total":5241833.0,"recovery_rate":92.76,"cases_new":24752.0,"deaths_new":453,"cfr":1.62,"tests_cumulative":33824959,"tests_positive_cumulative":5650907,"current_home_quarantine":2370326,"current_institutional_quarantine":19943,"active_cases":315042.0},{"date":"2021-05-30","discharged_today":22532.0,"discharged_total":5362370.0,"recovery_rate":93.55,"cases_new":18600.0,"deaths_new":402,"cfr":1.65,"tests_cumulative":34861608,"tests_positive_cumulative":5731815,"current_home_quarantine":1998976,"current_institutional_quarantine":12981,"active_cases":271801.0},{"date":"2021-06-02","discharged_today":29270.0,"discharged_total":5460589.0,"recovery_rate":94.54,"cases_new":15169.0,"deaths_new":285,"cfr":1.67,"tests_cumulative":35514594,"tests_positive_cumulative":5776184,"current_home_quarantine":1687643,"current_institutional_quarantine":7418,"active_cases":216016.0},{"date":"2021-06-03","discharged_today":25617.0,"discharged_total":5486206.0,"recovery_rate":94.73,"cases_new":15229.0,"deaths_new":307,"cfr":1.68,"tests_cumulative":35774626,"tests_positive_cumulative":5791413,"current_home_quarantine":1566490,"current_institutional_quarantine":7055,"active_cases":204974.0},{"date":"2021-06-06","discharged_today":14433.0,"discharged_total":5543267.0,"recovery_rate":95.05,"cases_new":12557.0,"deaths_new":233,"cfr":1.72,"tests_cumulative":36508967,"tests_positive_cumulative":5831781,"current_home_quarantine":1346389,"current_institutional_quarantine":6426,"active_cases":185527.0},{"date":"2021-06-07","discharged_today":21081.0,"discharged_total":5564348.0,"recovery_rate":95.25,"cases_new":10219.0,"deaths_new":154,"cfr":1.72,"tests_cumulative":36696139,"tests_positive_cumulative":5842000,"current_home_quarantine":1247033,"current_institutional_quarantine":6232,"active_cases":174320.0},{"date":"2021-06-09","discharged_today":16379.0,"discharged_total":5597304.0,"recovery_rate":95.45,"cases_new":10989.0,"deaths_new":261,"cfr":1.74,"tests_cumulative":37128093,"tests_positive_cumulative":5863880,"current_home_quarantine":1135347,"current_institutional_quarantine":6494,"active_cases":161864.0},{"date":"2021-06-13","discharged_today":7504.0,"discharged_total":5639271.0,"recovery_rate":95.44,"cases_new":10442.0,"deaths_new":483,"cfr":1.88,"tests_cumulative":38046590,"tests_positive_cumulative":5908992,"current_home_quarantine":962134,"current_institutional_quarantine":6160,"active_cases":155588.0},{"date":"2021-06-14","discharged_today":14732.0,"discharged_total":5654003.0,"recovery_rate":95.55,"cases_new":8129.0,"deaths_new":200,"cfr":1.9,"tests_cumulative":38215492,"tests_positive_cumulative":5917121,"current_home_quarantine":949251,"current_institutional_quarantine":5997,"active_cases":147354.0},{"date":"2021-06-15","discharged_today":15176.0,"discharged_total":5669179.0,"recovery_rate":95.69,"cases_new":9350.0,"deaths_new":388,"cfr":1.93,"tests_cumulative":38418130,"tests_positive_cumulative":5924773,"current_home_quarantine":904462,"current_institutional_quarantine":5621,"active_cases":138361.0},{"date":"2021-06-16","discharged_today":10567.0,"discharged_total":5679746.0,"recovery_rate":95.7,"cases_new":10107.0,"deaths_new":237,"cfr":1.94,"tests_cumulative":38641639,"tests_positive_cumulative":5934880,"current_home_quarantine":878781,"current_institutional_quarantine":5401,"active_cases":136661.0},{"date":"2021-06-17","discharged_today":5890.0,"discharged_total":5685636.0,"recovery_rate":95.64,"cases_new":9830.0,"deaths_new":236,"cfr":1.95,"tests_cumulative":38857644,"tests_positive_cumulative":5944710,"current_home_quarantine":850663,"current_institutional_quarantine":4964,"active_cases":139960.0},{"date":"2021-06-21","discharged_today":13758.0,"discharged_total":5733215.0,"recovery_rate":95.89,"cases_new":6270.0,"deaths_new":94,"cfr":1.98,"tests_cumulative":39669693,"tests_positive_cumulative":5979051,"current_home_quarantine":671685,"current_institutional_quarantine":4472,"active_cases":124398.0},{"date":"2021-06-22","discharged_today":9043.0,"discharged_total":5742258.0,"recovery_rate":95.9,"cases_new":8470.0,"deaths_new":188,"cfr":1.98,"tests_cumulative":39886554,"tests_positive_cumulative":5987521,"current_home_quarantine":658863,"current_institutional_quarantine":4196,"active_cases":123340.0},{"date":"2021-06-23","discharged_today":11032.0,"discharged_total":5753290.0,"recovery_rate":95.93,"cases_new":10066.0,"deaths_new":163,"cfr":1.99,"tests_cumulative":40128355,"tests_positive_cumulative":5997587,"current_home_quarantine":592108,"current_institutional_quarantine":4223,"active_cases":121859.0},{"date":"2021-06-24","discharged_today":9371.0,"discharged_total":5762661.0,"recovery_rate":95.93,"cases_new":9844.0,"deaths_new":197,"cfr":2.0,"tests_cumulative":40360931,"tests_positive_cumulative":6007431,"current_home_quarantine":632453,"current_institutional_quarantine":4166,"active_cases":121767.0},{"date":"2021-06-27","discharged_today":8562.0,"discharged_total":5790113.0,"recovery_rate":95.91,"cases_new":9974.0,"deaths_new":143,"cfr":2.0,"tests_cumulative":41042198,"tests_positive_cumulative":6036821,"current_home_quarantine":619168,"current_institutional_quarantine":4240,"active_cases":122252.0},{"date":"2021-06-28","discharged_today":10812.0,"discharged_total":5800925.0,"recovery_rate":95.99,"cases_new":6727.0,"deaths_new":101,"cfr":2.01,"tests_cumulative":41208361,"tests_positive_cumulative":6043548,"current_home_quarantine":615839,"current_institutional_quarantine":4245,"active_cases":117874.0},{"date":"2021-06-29","discharged_today":8623.0,"discharged_total":5809548.0,"recovery_rate":96.0,"cases_new":8085.0,"deaths_new":231,"cfr":2.01,"tests_cumulative":41398501,"tests_positive_cumulative":6051633,"current_home_quarantine":621377,"current_institutional_quarantine":3584,"active_cases":117098.0},{"date":"2021-06-30","discharged_today":10353.0,"discharged_total":5819901.0,"recovery_rate":96.02,"cases_new":9771.0,"deaths_new":141,"cfr":2.01,"tests_cumulative":41637950,"tests_positive_cumulative":6061404,"current_home_quarantine":617926,"current_institutional_quarantine":4173,"active_cases":116364.0},{"date":"2021-07-01","discharged_today":8634.0,"discharged_total":5828535.0,"recovery_rate":96.01,"cases_new":9195.0,"deaths_new":252,"cfr":2.01,"tests_cumulative":41875217,"tests_positive_cumulative":6070599,"current_home_quarantine":615285,"current_institutional_quarantine":4339,"active_cases":116667.0},{"date":"2021-07-04","discharged_today":3378.0,"discharged_total":5848693.0,"recovery_rate":95.91,"cases_new":9336.0,"deaths_new":123,"cfr":2.01,"tests_cumulative":42542943,"tests_positive_cumulative":6098177,"current_home_quarantine":638004,"current_institutional_quarantine":4198,"active_cases":123225.0},{"date":"2021-07-07","discharged_today":8899.0,"discharged_total":5881167.0,"recovery_rate":96.05,"cases_new":8418.0,"deaths_new":147,"cfr":2.02,"tests_cumulative":43124800,"tests_positive_cumulative":6122893,"current_home_quarantine":634423,"current_institutional_quarantine":4645,"active_cases":114625.0},{"date":"2021-07-08","discharged_today":8815.0,"discharged_total":5889982.0,"recovery_rate":96.05,"cases_new":9114.0,"deaths_new":121,"cfr":2.02,"tests_cumulative":43350257,"tests_positive_cumulative":6131976,"current_home_quarantine":624511,"current_institutional_quarantine":4572,"active_cases":114444.0},{"date":"2021-07-18","discharged_today":5756.0,"discharged_total":5980350.0,"recovery_rate":96.24,"cases_new":9000.0,"deaths_new":180,"cfr":2.04,"tests_cumulative":45481252,"tests_positive_cumulative":6214190,"current_home_quarantine":567585,"current_institutional_quarantine":4066,"active_cases":103486.0},{"date":"2021-07-19","discharged_today":13051.0,"discharged_total":5993401.0,"recovery_rate":96.35,"cases_new":6017.0,"deaths_new":66,"cfr":2.04,"tests_cumulative":45648898,"tests_positive_cumulative":6220207,"current_home_quarantine":561796,"current_institutional_quarantine":4052,"active_cases":96375.0},{"date":"2021-07-21","discharged_today":7839.0,"discharged_total":6008750.0,"recovery_rate":96.33,"cases_new":8159.0,"deaths_new":165,"cfr":2.09,"tests_cumulative":46068435,"tests_positive_cumulative":6237755,"current_home_quarantine":551521,"current_institutional_quarantine":3795,"active_cases":94745.0},{"date":"2021-07-22","discharged_today":7756.0,"discharged_total":6016506.0,"recovery_rate":96.34,"cases_new":7302.0,"deaths_new":120,"cfr":2.09,"tests_cumulative":46264059,"tests_positive_cumulative":6245057,"current_home_quarantine":551872,"current_institutional_quarantine":3743,"active_cases":94168.0},{"date":"2021-07-25","discharged_today":5212.0,"discharged_total":6035029.0,"recovery_rate":96.33,"cases_new":6843.0,"deaths_new":123,"cfr":2.09,"tests_cumulative":46846984,"tests_positive_cumulative":6264922,"current_home_quarantine":517362,"current_institutional_quarantine":3506,"active_cases":94985.0},{"date":"2021-07-26","discharged_today":11077.0,"discharged_total":6046106.0,"recovery_rate":96.43,"cases_new":4877.0,"deaths_new":53,"cfr":2.09,"tests_cumulative":46995122,"tests_positive_cumulative":6269799,"current_home_quarantine":501758,"current_institutional_quarantine":3518,"active_cases":88729.0},{"date":"2021-07-27","discharged_today":12645.0,"discharged_total":6058751.0,"recovery_rate":96.54,"cases_new":6258.0,"deaths_new":254,"cfr":2.1,"tests_cumulative":47176715,"tests_positive_cumulative":6276057,"current_home_quarantine":498933,"current_institutional_quarantine":3456,"active_cases":82082.0},{"date":"2021-07-28","discharged_today":6105.0,"discharged_total":6064856.0,"recovery_rate":96.53,"cases_new":6857.0,"deaths_new":286,"cfr":2.1,"tests_cumulative":47369757,"tests_positive_cumulative":6282914,"current_home_quarantine":488537,"current_institutional_quarantine":3364,"active_cases":82545.0},{"date":"2021-08-02","discharged_today":8429.0,"discharged_total":6103325.0,"recovery_rate":96.65,"cases_new":4869.0,"deaths_new":90,"cfr":2.1,"tests_cumulative":48352467,"tests_positive_cumulative":6315063,"current_home_quarantine":461637,"current_institutional_quarantine":3103,"active_cases":75303.0},{"date":"2021-08-03","discharged_today":6799.0,"discharged_total":6110124.0,"recovery_rate":96.66,"cases_new":6005.0,"deaths_new":177,"cfr":2.1,"tests_cumulative":48532523,"tests_positive_cumulative":6321068,"current_home_quarantine":451971,"current_institutional_quarantine":3009,"active_cases":74318.0},{"date":"2021-08-04","discharged_today":7436.0,"discharged_total":6117560.0,"recovery_rate":96.69,"cases_new":6126.0,"deaths_new":195,"cfr":2.1,"tests_cumulative":48744201,"tests_positive_cumulative":6327194,"current_home_quarantine":447681,"current_institutional_quarantine":2928,"active_cases":72810.0},{"date":"2021-08-23","discharged_today":6795.0,"discharged_total":6238794.0,"recovery_rate":97.05,"cases_new":3643.0,"deaths_new":105,"cfr":2.11,"tests_cumulative":52445689,"tests_positive_cumulative":6428294,"current_home_quarantine":302888,"current_institutional_quarantine":2487,"active_cases":49924.0},{"date":"2021-08-24","discharged_today":4240.0,"discharged_total":6243034.0,"recovery_rate":97.05,"cases_new":4355.0,"deaths_new":119,"cfr":2.11,"tests_cumulative":52632810,"tests_positive_cumulative":6432649,"current_home_quarantine":301955,"current_institutional_quarantine":2330,"active_cases":49752.0},{"date":"2021-08-25","discharged_today":4380.0,"discharged_total":6247414.0,"recovery_rate":97.04,"cases_new":5031.0,"deaths_new":216,"cfr":2.12,"tests_cumulative":52840805,"tests_positive_cumulative":6437680,"current_home_quarantine":298264,"current_institutional_quarantine":2369,"active_cases":50183.0},{"date":"2021-08-29","discharged_today":3510.0,"discharged_total":6263416.0,"recovery_rate":97.0,"cases_new":4666.0,"deaths_new":131,"cfr":2.12,"tests_cumulative":53659613,"tests_positive_cumulative":6456939,"current_home_quarantine":291522,"current_institutional_quarantine":2315,"active_cases":52844.0},{"date":"2021-08-31","discharged_today":4688.0,"discharged_total":6272800.0,"recovery_rate":97.03,"cases_new":4196.0,"deaths_new":104,"cfr":2.12,"tests_cumulative":53976886,"tests_positive_cumulative":6464876,"current_home_quarantine":291701,"current_institutional_quarantine":2121,"active_cases":51238.0},{"date":"2021-09-01","discharged_today":4430.0,"discharged_total":6277230.0,"recovery_rate":97.03,"cases_new":4456.0,"deaths_new":183,"cfr":2.12,"tests_cumulative":54154890,"tests_positive_cumulative":6469332,"current_home_quarantine":290427,"current_institutional_quarantine":2071,"active_cases":51078.0},{"date":"2021-09-02","discharged_today":4755.0,"discharged_total":6281985.0,"recovery_rate":97.04,"cases_new":4342.0,"deaths_new":55,"cfr":2.12,"tests_cumulative":54327469,"tests_positive_cumulative":6473674,"current_home_quarantine":287385,"current_institutional_quarantine":1971,"active_cases":50607.0},{"date":"2021-09-05","discharged_today":5916.0,"discharged_total":6294767.0,"recovery_rate":97.05,"cases_new":4057.0,"deaths_new":67,"cfr":2.12,"tests_cumulative":54854018,"tests_positive_cumulative":6486174,"current_home_quarantine":299905,"current_institutional_quarantine":2007,"active_cases":50095.0},{"date":"2021-09-06","discharged_today":5988.0,"discharged_total":6300755.0,"recovery_rate":97.09,"cases_new":3626.0,"deaths_new":37,"cfr":2.12,"tests_cumulative":54999475,"tests_positive_cumulative":6489800,"current_home_quarantine":303169,"current_institutional_quarantine":1963,"active_cases":47695.0},{"date":"2021-09-13","discharged_today":3233.0,"discharged_total":6309021.0,"recovery_rate":97.05,"cases_new":2740.0,"deaths_new":27,"cfr":2.12,"tests_cumulative":56088114,"tests_positive_cumulative":6500617,"current_home_quarantine":299192,"current_institutional_quarantine":1883,"active_cases":49880.0},{"date":"2021-09-14","discharged_today":3685.0,"discharged_total":6312706.0,"recovery_rate":97.06,"cases_new":3530.0,"deaths_new":52,"cfr":2.12,"tests_cumulative":56225304,"tests_positive_cumulative":6504147,"current_home_quarantine":296176,"current_institutional_quarantine":1875,"active_cases":49671.0},{"date":"2021-09-15","discharged_today":4364.0,"discharged_total":6317070.0,"recovery_rate":97.07,"cases_new":3783.0,"deaths_new":56,"cfr":2.12,"tests_cumulative":56361089,"tests_positive_cumulative":6507930,"current_home_quarantine":287356,"current_institutional_quarantine":1926,"active_cases":49034.0},{"date":"2021-09-16","discharged_today":3240.0,"discharged_total":6320310.0,"recovery_rate":97.06,"cases_new":3595.0,"deaths_new":45,"cfr":2.12,"tests_cumulative":56529882,"tests_positive_cumulative":6511525,"current_home_quarantine":289425,"current_institutional_quarantine":1908,"active_cases":49342.0},{"date":"2021-09-19","discharged_today":8326.0,"discharged_total":6336887.0,"recovery_rate":97.16,"cases_new":3413.0,"deaths_new":49,"cfr":2.12,"tests_cumulative":57028476,"tests_positive_cumulative":6521915,"current_home_quarantine":281561,"current_institutional_quarantine":1752,"active_cases":42955.0},{"date":"2021-09-20","discharged_today":3836.0,"discharged_total":6340723.0,"recovery_rate":97.18,"cases_new":2583.0,"deaths_new":28,"cfr":2.12,"tests_cumulative":57164401,"tests_positive_cumulative":6524498,"current_home_quarantine":275736,"current_institutional_quarantine":1677,"active_cases":41672.0},{"date":"2021-09-22","discharged_today":4285.0,"discharged_total":6349029.0,"recovery_rate":97.21,"cases_new":3608.0,"deaths_new":48,"cfr":2.12,"tests_cumulative":57476142,"tests_positive_cumulative":6531237,"current_home_quarantine":264416,"current_institutional_quarantine":1678,"active_cases":39984.0},{"date":"2021-09-23","discharged_today":4050.0,"discharged_total":6353079.0,"recovery_rate":97.22,"cases_new":3320.0,"deaths_new":61,"cfr":2.12,"tests_cumulative":57646515,"tests_positive_cumulative":6534557,"current_home_quarantine":261842,"current_institutional_quarantine":1461,"active_cases":39191.0},{"date":"2021-09-26","discharged_today":3292.0,"discharged_total":6364027.0,"recovery_rate":97.24,"cases_new":3206.0,"deaths_new":36,"cfr":2.12,"tests_cumulative":58158000,"tests_positive_cumulative":6544325,"current_home_quarantine":261072,"current_institutional_quarantine":1515,"active_cases":37860.0},{"date":"2021-09-28","discharged_today":3029.0,"discharged_total":6365277.0,"recovery_rate":97.26,"cases_new":2844.0,"deaths_new":60,"cfr":2.12,"tests_cumulative":58429804,"tests_positive_cumulative":6544606,"current_home_quarantine":254985,"current_institutional_quarantine":1514,"active_cases":36794.0},{"date":"2021-09-29","discharged_today":3253.0,"discharged_total":6368530.0,"recovery_rate":97.26,"cases_new":3187.0,"deaths_new":49,"cfr":2.12,"tests_cumulative":58884819,"tests_positive_cumulative":6547793,"current_home_quarantine":252309,"current_institutional_quarantine":1453,"active_cases":36675.0},{"date":"2021-09-30","discharged_today":3198.0,"discharged_total":6371728.0,"recovery_rate":97.27,"cases_new":3063.0,"deaths_new":56,"cfr":2.12,"tests_cumulative":58739974,"tests_positive_cumulative":6550856,"current_home_quarantine":245427,"current_institutional_quarantine":1423,"active_cases":36484.0},{"date":"2021-10-03","discharged_today":2716.0,"discharged_total":6380670.0,"recovery_rate":97.28,"cases_new":2692.0,"deaths_new":41,"cfr":2.12,"tests_cumulative":59222263,"tests_positive_cumulative":6559349,"current_home_quarantine":243152,"current_institutional_quarantine":1386,"active_cases":35888.0},{"date":"2021-10-04","discharged_today":5389.0,"discharged_total":6386059.0,"recovery_rate":97.31,"cases_new":2026.0,"deaths_new":26,"cfr":2.12,"tests_cumulative":59337713,"tests_positive_cumulative":6562514,"current_home_quarantine":240088,"current_institutional_quarantine":1355,"active_cases":33637.0},{"date":"2021-10-05","discharged_today":2840.0,"discharged_total":6388899.0,"recovery_rate":97.32,"cases_new":2401.0,"deaths_new":39,"cfr":2.12,"tests_cumulative":59469053,"tests_positive_cumulative":6564915,"current_home_quarantine":240052,"current_institutional_quarantine":1338,"active_cases":33159.0},{"date":"2021-10-06","discharged_today":2763.0,"discharged_total":6391662.0,"recovery_rate":97.32,"cases_new":2876.0,"deaths_new":90,"cfr":2.12,"tests_cumulative":59619637,"tests_positive_cumulative":6567791,"current_home_quarantine":239760,"current_institutional_quarantine":1416,"active_cases":33181.0},{"date":"2021-10-10","discharged_today":1823.0,"discharged_total":6401287.0,"recovery_rate":97.32,"cases_new":2294.0,"deaths_new":28,"cfr":2.12,"tests_cumulative":60198173,"tests_positive_cumulative":6577872,"current_home_quarantine":241892,"current_institutional_quarantine":1093,"active_cases":33449.0},{"date":"2021-10-11","discharged_today":3033.0,"discharged_total":6404320.0,"recovery_rate":97.34,"cases_new":1736.0,"deaths_new":36,"cfr":2.12,"tests_cumulative":60303740,"tests_positive_cumulative":6579608,"current_home_quarantine":238474,"current_institutional_quarantine":1163,"active_cases":32115.0},{"date":"2021-10-12","discharged_today":3616.0,"discharged_total":6407936.0,"recovery_rate":97.36,"cases_new":2069.0,"deaths_new":43,"cfr":2.12,"tests_cumulative":60420515,"tests_positive_cumulative":6581677,"current_home_quarantine":231099,"current_institutional_quarantine":1131,"active_cases":30525.0},{"date":"2021-10-19","discharged_today":2791.0,"discharged_total":6424547.0,"recovery_rate":97.42,"cases_new":1638.0,"deaths_new":49,"cfr":2.12,"tests_cumulative":61248820,"tests_positive_cumulative":6594820,"current_home_quarantine":209798,"current_institutional_quarantine":928,"active_cases":26805.0},{"date":"2021-10-20","discharged_today":2879.0,"discharged_total":6427426.0,"recovery_rate":97.43,"cases_new":1825.0,"deaths_new":21,"cfr":2.12,"tests_cumulative":61370390,"tests_positive_cumulative":6596645,"current_home_quarantine":205205,"current_institutional_quarantine":1004,"active_cases":25728.0},{"date":"2021-10-21","discharged_today":2968.0,"discharged_total":6430394.0,"recovery_rate":97.46,"cases_new":1573.0,"deaths_new":39,"cfr":2.12,"tests_cumulative":61494090,"tests_positive_cumulative":6598218,"current_home_quarantine":201162,"current_institutional_quarantine":1007,"active_cases":24292.0},{"date":"2021-10-24","discharged_today":1520.0,"discharged_total":6435439.0,"recovery_rate":97.46,"cases_new":1410.0,"deaths_new":18,"cfr":2.12,"tests_cumulative":61893695,"tests_positive_cumulative":6602961,"current_home_quarantine":191401,"current_institutional_quarantine":903,"active_cases":23894.0},{"date":"2021-10-25","discharged_today":1586.0,"discharged_total":6437025.0,"recovery_rate":97.47,"cases_new":889.0,"deaths_new":12,"cfr":2.12,"tests_cumulative":61978155,"tests_positive_cumulative":6603850,"current_home_quarantine":183092,"current_institutional_quarantine":957,"active_cases":23184.0},{"date":"2021-10-26","discharged_today":1370.0,"discharged_total":6438395.0,"recovery_rate":97.48,"cases_new":1201.0,"deaths_new":32,"cfr":2.12,"tests_cumulative":62080203,"tests_positive_cumulative":6605051,"current_home_quarantine":176191,"current_institutional_quarantine":961,"active_cases":22981.0},{"date":"2021-10-27","discharged_today":2536.0,"discharged_total":6443342.0,"recovery_rate":97.53,"cases_new":1485.0,"deaths_new":38,"cfr":2.12,"tests_cumulative":62202811,"tests_positive_cumulative":6606536,"current_home_quarantine":172600,"current_institutional_quarantine":933,"active_cases":19480.0},{"date":"2021-10-28","discharged_today":2112.0,"discharged_total":6445454.0,"recovery_rate":97.54,"cases_new":1418.0,"deaths_new":36,"cfr":2.12,"tests_cumulative":62316910,"tests_positive_cumulative":6607954,"current_home_quarantine":171200,"current_institutional_quarantine":896,"active_cases":18748.0},{"date":"2021-10-31","discharged_today":1399.0,"discharged_total":6450585.0,"recovery_rate":97.57,"cases_new":1172.0,"deaths_new":20,"cfr":2.12,"tests_cumulative":62667211,"tests_positive_cumulative":6611078,"current_home_quarantine":165826,"current_institutional_quarantine":867,"active_cases":16658.0},{"date":"2021-11-01","discharged_today":1901.0,"discharged_total":6452486.0,"recovery_rate":97.59,"cases_new":809.0,"deaths_new":10,"cfr":2.12,"tests_cumulative":62752687,"tests_positive_cumulative":6611887,"current_home_quarantine":160432,"current_institutional_quarantine":933,"active_cases":15552.0},{"date":"2021-11-02","discharged_today":1095.0,"discharged_total":6453581.0,"recovery_rate":97.59,"cases_new":1078.0,"deaths_new":48,"cfr":2.12,"tests_cumulative":62843792,"tests_positive_cumulative":6612965,"current_home_quarantine":191497,"current_institutional_quarantine":919,"active_cases":15485.0},{"date":"2021-11-07","discharged_today":1063.0,"discharged_total":6459108.0,"recovery_rate":97.6,"cases_new":892.0,"deaths_new":16,"cfr":2.12,"tests_cumulative":63240769,"tests_positive_cumulative":6617654,"current_home_quarantine":148743,"current_institutional_quarantine":968,"active_cases":14526.0},{"date":"2021-11-08","discharged_today":1555.0,"discharged_total":6460663.0,"recovery_rate":97.62,"cases_new":751.0,"deaths_new":15,"cfr":2.12,"tests_cumulative":63302489,"tests_positive_cumulative":6618347,"current_home_quarantine":138179,"current_institutional_quarantine":865,"active_cases":13649.0},{"date":"2021-11-09","discharged_today":1293.0,"discharged_total":6461956.0,"recovery_rate":97.62,"cases_new":982.0,"deaths_new":27,"cfr":2.12,"tests_cumulative":63399355,"tests_positive_cumulative":6619329,"current_home_quarantine":133262,"current_institutional_quarantine":867,"active_cases":13311.0},{"date":"2021-11-10","discharged_today":1976.0,"discharged_total":6463932.0,"recovery_rate":97.64,"cases_new":1094.0,"deaths_new":17,"cfr":2.12,"tests_cumulative":63522546,"tests_positive_cumulative":6620423,"current_home_quarantine":129714,"current_institutional_quarantine":870,"active_cases":12410.0},{"date":"2021-11-11","discharged_today":1016.0,"discharged_total":6464948.0,"recovery_rate":97.64,"cases_new":997.0,"deaths_new":28,"cfr":2.12,"tests_cumulative":63630632,"tests_positive_cumulative":6621420,"current_home_quarantine":110264,"current_institutional_quarantine":876,"active_cases":12352.0},{"date":"2021-11-14","discharged_today":966.0,"discharged_total":6467879.0,"recovery_rate":97.64,"cases_new":956.0,"deaths_new":18,"cfr":2.12,"tests_cumulative":63970588,"tests_positive_cumulative":6624300,"current_home_quarantine":102268,"current_institutional_quarantine":1016,"active_cases":12191.0},{"date":"2021-11-15","discharged_today":912.0,"discharged_total":6468791.0,"recovery_rate":97.64,"cases_new":686.0,"deaths_new":19,"cfr":2.12,"tests_cumulative":64052219,"tests_positive_cumulative":6624986,"current_home_quarantine":99859,"current_institutional_quarantine":1016,"active_cases":11943.0},{"date":"2021-11-16","discharged_today":948.0,"discharged_total":6469739.0,"recovery_rate":97.64,"cases_new":886.0,"deaths_new":34,"cfr":2.12,"tests_cumulative":64155107,"tests_positive_cumulative":6625872,"current_home_quarantine":98703,"current_institutional_quarantine":1024,"active_cases":11847.0},{"date":"2021-11-17","discharged_today":1052.0,"discharged_total":6470791.0,"recovery_rate":97.64,"cases_new":1003.0,"deaths_new":32,"cfr":2.12,"tests_cumulative":64267953,"tests_positive_cumulative":6626875,"current_home_quarantine":100517,"current_institutional_quarantine":1056,"active_cases":11766.0},{"date":"2021-11-21","discharged_today":730.0,"discharged_total":6475682.0,"recovery_rate":97.67,"cases_new":845.0,"deaths_new":17,"cfr":2.12,"tests_cumulative":64687403,"tests_positive_cumulative":6629875,"current_home_quarantine":97482,"current_institutional_quarantine":1019,"active_cases":9799.0},{"date":"2021-11-22","discharged_today":768.0,"discharged_total":6476450.0,"recovery_rate":97.68,"cases_new":656.0,"deaths_new":8,"cfr":2.12,"tests_cumulative":64757390,"tests_positive_cumulative":6630531,"current_home_quarantine":96042,"current_institutional_quarantine":1033,"active_cases":9678.0},{"date":"2021-11-23","discharged_today":929.0,"discharged_total":6477379.0,"recovery_rate":97.68,"cases_new":766.0,"deaths_new":19,"cfr":2.12,"tests_cumulative":64844896,"tests_positive_cumulative":6631297,"current_home_quarantine":85335,"current_institutional_quarantine":1077,"active_cases":9493.0},{"date":"2021-11-25","discharged_today":974.0,"discharged_total":6479396.0,"recovery_rate":97.68,"cases_new":848.0,"deaths_new":50,"cfr":2.12,"tests_cumulative":65047491,"tests_positive_cumulative":6633105,"current_home_quarantine":90538,"current_institutional_quarantine":1065,"active_cases":9187.0},{"date":"2021-11-28","discharged_today":841.0,"discharged_total":6481640.0,"recovery_rate":97.7,"cases_new":832.0,"deaths_new":33,"cfr":2.12,"tests_cumulative":65357358,"tests_positive_cumulative":6634444,"current_home_quarantine":85874,"current_institutional_quarantine":1043,"active_cases":8193.0},{"date":"2021-11-29","discharged_today":853.0,"discharged_total":6482493.0,"recovery_rate":97.7,"cases_new":536.0,"deaths_new":21,"cfr":2.12,"tests_cumulative":65420117,"tests_positive_cumulative":6634980,"current_home_quarantine":85800,"current_institutional_quarantine":1028,"active_cases":7854.0},{"date":"2021-11-30","discharged_today":942.0,"discharged_total":6483435.0,"recovery_rate":97.71,"cases_new":678.0,"deaths_new":35,"cfr":2.12,"tests_cumulative":65511394,"tests_positive_cumulative":6635658,"current_home_quarantine":83421,"current_institutional_quarantine":963,"active_cases":7555.0},{"date":"2021-12-01","discharged_today":903.0,"discharged_total":6484338.0,"recovery_rate":97.71,"cases_new":767.0,"deaths_new":28,"cfr":2.12,"tests_cumulative":65619951,"tests_positive_cumulative":6636425,"current_home_quarantine":74812,"current_institutional_quarantine":923,"active_cases":7391.0},{"date":"2021-12-02","discharged_today":952.0,"discharged_total":6485290.0,"recovery_rate":97.71,"cases_new":796.0,"deaths_new":24,"cfr":2.12,"tests_cumulative":65728280,"tests_positive_cumulative":6637221,"current_home_quarantine":73024,"current_institutional_quarantine":897,"active_cases":7209.0},{"date":"2021-12-06","discharged_today":811.0,"discharged_total":6487593.0,"recovery_rate":97.72,"cases_new":518.0,"deaths_new":5,"cfr":2.12,"tests_cumulative":66156544,"tests_positive_cumulative":6639296,"current_home_quarantine":78801,"current_institutional_quarantine":893,"active_cases":6853.0},{"date":"2021-12-07","discharged_today":1087.0,"discharged_total":6488680.0,"recovery_rate":97.72,"cases_new":699.0,"deaths_new":19,"cfr":2.12,"tests_cumulative":66255554,"tests_positive_cumulative":6639995,"current_home_quarantine":77642,"current_institutional_quarantine":896,"active_cases":6445.0},{"date":"2021-12-08","discharged_today":1040.0,"discharged_total":6489720.0,"recovery_rate":97.72,"cases_new":893.0,"deaths_new":10,"cfr":2.12,"tests_cumulative":66388902,"tests_positive_cumulative":6640888,"current_home_quarantine":74170,"current_institutional_quarantine":891,"active_cases":null},{"date":"2021-12-09","discharged_today":585.0,"discharged_total":6490305.0,"recovery_rate":97.72,"cases_new":789.0,"deaths_new":7,"cfr":2.12,"tests_cumulative":66517323,"tests_positive_cumulative":6641677,"current_home_quarantine":74353,"current_institutional_quarantine":887,"active_cases":null},{"date":"2021-12-12","discharged_today":699.0,"discharged_total":6492504.0,"recovery_rate":97.72,"cases_new":704.0,"deaths_new":16,"cfr":2.12,"tests_cumulative":66875975,"tests_positive_cumulative":6643883,"current_home_quarantine":75313,"current_institutional_quarantine":855,"active_cases":null},{"date":"2021-12-13","discharged_today":498.0,"discharged_total":6493002.0,"recovery_rate":97.72,"cases_new":569.0,"deaths_new":5,"cfr":2.12,"tests_cumulative":66958681,"tests_positive_cumulative":6644452,"current_home_quarantine":74190,"current_institutional_quarantine":887,"active_cases":null},{"date":"2021-12-15","discharged_today":929.0,"discharged_total":6494617.0,"recovery_rate":97.72,"cases_new":925.0,"deaths_new":10,"cfr":2.12,"tests_cumulative":67182510,"tests_positive_cumulative":6646061,"current_home_quarantine":75868,"current_institutional_quarantine":864,"active_cases":null},{"date":"2021-12-16","discharged_today":632.0,"discharged_total":6495249.0,"recovery_rate":97.72,"cases_new":877.0,"deaths_new":19,"cfr":2.12,"tests_cumulative":67306860,"tests_positive_cumulative":6646938,"current_home_quarantine":77371,"current_institutional_quarantine":839,"active_cases":null},{"date":"2021-12-19","discharged_today":767.0,"discharged_total":6497500.0,"recovery_rate":97.71,"cases_new":902.0,"deaths_new":9,"cfr":2.12,"tests_cumulative":67684674,"tests_positive_cumulative":6649596,"current_home_quarantine":72982,"current_institutional_quarantine":898,"active_cases":null},{"date":"2021-12-20","discharged_today":515.0,"discharged_total":6498015.0,"recovery_rate":97.71,"cases_new":544.0,"deaths_new":4,"cfr":2.12,"tests_cumulative":67771676,"tests_positive_cumulative":6650140,"current_home_quarantine":81661,"current_institutional_quarantine":877,"active_cases":null},{"date":"2021-12-22","discharged_today":953.0,"discharged_total":6499760.0,"recovery_rate":97.71,"cases_new":1201.0,"deaths_new":8,"cfr":2.12,"tests_cumulative":68006322,"tests_positive_cumulative":6652166,"current_home_quarantine":75273,"current_institutional_quarantine":860,"active_cases":null},{"date":"2021-12-23","discharged_today":615.0,"discharged_total":6500375.0,"recovery_rate":97.7,"cases_new":1179.0,"deaths_new":17,"cfr":2.12,"tests_cumulative":68117319,"tests_positive_cumulative":6653345,"current_home_quarantine":76373,"current_institutional_quarantine":899,"active_cases":null},{"date":"2021-12-26","discharged_today":918.0,"discharged_total":6502957.0,"recovery_rate":97.67,"cases_new":1648.0,"deaths_new":17,"cfr":2.12,"tests_cumulative":68455314,"tests_positive_cumulative":6657888,"current_home_quarantine":89251,"current_institutional_quarantine":891,"active_cases":null},{"date":"2021-12-27","discharged_today":776.0,"discharged_total":6503733.0,"recovery_rate":97.66,"cases_new":1426.0,"deaths_new":21,"cfr":2.12,"tests_cumulative":68549133,"tests_positive_cumulative":6659314,"current_home_quarantine":91464,"current_institutional_quarantine":880,"active_cases":null},{"date":"2021-12-28","discharged_today":1098.0,"discharged_total":6504831.0,"recovery_rate":97.65,"cases_new":2172.0,"deaths_new":22,"cfr":2.12,"tests_cumulative":68645512,"tests_positive_cumulative":6661486,"current_home_quarantine":111232,"current_institutional_quarantine":910,"active_cases":null},{"date":"2021-12-29","discharged_today":1306.0,"discharged_total":6506137.0,"recovery_rate":97.61,"cases_new":3900.0,"deaths_new":20,"cfr":2.12,"tests_cumulative":68768760,"tests_positive_cumulative":6665386,"current_home_quarantine":122906,"current_institutional_quarantine":905,"active_cases":null},{"date":"2021-12-30","discharged_today":1193.0,"discharged_total":6507330.0,"recovery_rate":97.55,"cases_new":5368.0,"deaths_new":22,"cfr":2.12,"tests_cumulative":68887303,"tests_positive_cumulative":6670754,"current_home_quarantine":133748,"current_institutional_quarantine":1078,"active_cases":null},{"date":"2022-01-02","discharged_today":2069.0,"discharged_total":6512610.0,"recovery_rate":97.21,"cases_new":11877.0,"deaths_new":9,"cfr":2.11,"tests_cumulative":69259618,"tests_positive_cumulative":6699868,"current_home_quarantine":243250,"current_institutional_quarantine":1091,"active_cases":null},{"date":"2022-01-04","discharged_today":4558.0,"discharged_total":6518916.0,"recovery_rate":96.86,"cases_new":18466.0,"deaths_new":20,"cfr":2.1,"tests_cumulative":69509260,"tests_positive_cumulative":6730494,"current_home_quarantine":398391,"current_institutional_quarantine":1110,"active_cases":null},{"date":"2022-01-05","discharged_today":5331.0,"discharged_total":6524247.0,"recovery_rate":96.55,"cases_new":26538.0,"deaths_new":8,"cfr":2.09,"tests_cumulative":69777007,"tests_positive_cumulative":6757032,"current_home_quarantine":513758,"current_institutional_quarantine":1366,"active_cases":null},{"date":"2022-01-06","discharged_today":8907.0,"discharged_total":6533154.0,"recovery_rate":96.17,"cases_new":36265.0,"deaths_new":13,"cfr":2.08,"tests_cumulative":69947436,"tests_positive_cumulative":6793297,"current_home_quarantine":585758,"current_institutional_quarantine":1368,"active_cases":null},{"date":"2022-01-09","discharged_today":15351.0,"discharged_total":6572432.0,"recovery_rate":94.98,"cases_new":44388.0,"deaths_new":12,"cfr":2.04,"tests_cumulative":70545105,"tests_positive_cumulative":6920044,"current_home_quarantine":1076996,"current_institutional_quarantine":2614,"active_cases":null},{"date":"2022-01-10","discharged_today":29671.0,"discharged_total":6602103.0,"recovery_rate":94.95,"cases_new":33470.0,"deaths_new":8,"cfr":2.03,"tests_cumulative":70718911,"tests_positive_cumulative":6953514,"current_home_quarantine":1246729,"current_institutional_quarantine":2505,"active_cases":null},{"date":"2022-01-11","discharged_today":18967.0,"discharged_total":6621070.0,"recovery_rate":94.75,"cases_new":34424.0,"deaths_new":22,"cfr":2.02,"tests_cumulative":70928954,"tests_positive_cumulative":6987938,"current_home_quarantine":1464987,"current_institutional_quarantine":3032,"active_cases":null},{"date":"2022-01-12","discharged_today":28041.0,"discharged_total":6649111.0,"recovery_rate":94.52,"cases_new":46723.0,"deaths_new":32,"cfr":2.01,"tests_cumulative":71142569,"tests_positive_cumulative":7034661,"current_home_quarantine":1529452,"current_institutional_quarantine":6951,"active_cases":null},{"date":"2022-01-13","discharged_today":34658.0,"discharged_total":6683769.0,"recovery_rate":94.39,"cases_new":46406.0,"deaths_new":36,"cfr":2.0,"tests_cumulative":71359539,"tests_positive_cumulative":7081067,"current_home_quarantine":1795631,"current_institutional_quarantine":9124,"active_cases":null},{"date":"2022-01-16","discharged_today":40386.0,"discharged_total":6800900.0,"recovery_rate":94.3,"cases_new":41327.0,"deaths_new":29,"cfr":1.96,"tests_cumulative":71974335,"tests_positive_cumulative":7211810,"current_home_quarantine":2198414,"current_institutional_quarantine":2921,"active_cases":null},{"date":"2022-01-17","discharged_today":29092.0,"discharged_total":6829992.0,"recovery_rate":94.3,"cases_new":31111.0,"deaths_new":24,"cfr":1.95,"tests_cumulative":72124824,"tests_positive_cumulative":7242921,"current_home_quarantine":2264217,"current_institutional_quarantine":2994,"active_cases":null},{"date":"2022-01-19","discharged_today":46591.0,"discharged_total":6915407.0,"recovery_rate":94.4,"cases_new":43697.0,"deaths_new":49,"cfr":1.93,"tests_cumulative":72531814,"tests_positive_cumulative":7325825,"current_home_quarantine":2393704,"current_institutional_quarantine":3200,"active_cases":null},{"date":"2022-01-20","discharged_today":52025.0,"discharged_total":6967432.0,"recovery_rate":94.52,"cases_new":46197.0,"deaths_new":37,"cfr":1.92,"tests_cumulative":72745348,"tests_positive_cumulative":7371757,"current_home_quarantine":2421501,"current_institutional_quarantine":3391,"active_cases":null},{"date":"2022-01-24","discharged_today":21941.0,"discharged_total":7089936.0,"recovery_rate":94.09,"cases_new":28286.0,"deaths_new":36,"cfr":1.88,"tests_cumulative":73511861,"tests_positive_cumulative":7535511,"current_home_quarantine":1435141,"current_institutional_quarantine":3402,"active_cases":null}]