[{"date":"2021-06-10","total_vax_today":221185.0,"first_dose_today":209439.0,"second_dose_today":11746,"cumulative_vax":16931094.0,"cumulative_vax_first_dose":12981780.0,"cumulative_vax_sec_dose":3949314.0,"cvc_count":null,"aefi_cases":null,"vax_wastage":null},{"date":"2021-06-11","total_vax_today":192983.0,"first_dose_today":183690.0,"second_dose_today":9293,"cumulative_vax":17124077.0,"cumulative_vax_first_dose":13165470.0,"cumulative_vax_sec_dose":3958607.0,"cvc_count":null,"aefi_cases":null,"vax_wastage":null},{"date":"2021-06-12","total_vax_today":236621.0,"first_dose_today":215284.0,"second_dose_today":21337,"cumulative_vax":17360698.0,"cumulative_vax_first_dose":13380754.0,"cumulative_vax_sec_dose":3979944.0,"cvc_count":null,"aefi_cases":null,"vax_wastage":null},{"date":"2021-06-13","total_vax_today":214034.0,"first_dose_today":192863.0,"second_dose_today":21171,"cumulative_vax":17574732.0,"cumulative_vax_first_dose":13573617.0,"cumulative_vax_sec_dose":4001115.0,"cvc_count":null,"aefi_cases":null,"vax_wastage":null},{"date":"2021-06-14","total_vax_today":53910.0,"first_dose_today":50805.0,"second_dose_today":3105,"cumulative_vax":17628642.0,"cumulative_vax_first_dose":13624422.0,"cumulative_vax_sec_dose":4004220.0,"cvc_count":null,"aefi_cases":null,"vax_wastage":null},{"date":"2021-06-15","total_vax_today":199133.0,"first_dose_today":150123.0,"second_dose_today":49010,"cumulative_vax":17827775.0,"cumulative_vax_first_dose":13774545.0,"cumulative_vax_sec_dose":4053230.0,"cvc_count":null,"aefi_cases":null,"vax_wastage":null},{"date":"2021-06-16","total_vax_today":245411.0,"first_dose_today":206164.0,"second_dose_today":39247,"cumulative_vax":18073186.0,"cumulative_vax_first_dose":13980709.0,"cumulative_vax_sec_dose":4092477.0,"cvc_count":null,"aefi_cases":null,"vax_wastage":null},{"date":"2021-06-17","total_vax_today":119920.0,"first_dose_today":108640.0,"second_dose_today":11280,"cumulative_vax":18193106.0,"cumulative_vax_first_dose":14089349.0,"cumulative_vax_sec_dose":4103757.0,"cvc_count":null,"aefi_cases":null,"vax_wastage":null},{"date":"2021-06-18","total_vax_today":175843.0,"first_dose_today":149017.0,"second_dose_today":26826,"cumulative_vax":18368949.0,"cumulative_vax_first_dose":14238366.0,"cumulative_vax_sec_dose":4130583.0,"cvc_count":null,"aefi_cases":null,"vax_wastage":null},{"date":"2021-06-19","total_vax_today":206106.0,"first_dose_today":165115.0,"second_dose_today":40991,"cumulative_vax":18575055.0,"cumulative_vax_first_dose":14403481.0,"cumulative_vax_sec_dose":4171574.0,"cvc_count":null,"aefi_cases":null,"vax_wastage":null},{"date":"2021-06-20","total_vax_today":278994.0,"first_dose_today":210061.0,"second_dose_today":68933,"cumulative_vax":18854049.0,"cumulative_vax_first_dose":14613542.0,"cumulative_vax_sec_dose":4240507.0,"cvc_count":null,"aefi_cases":null,"vax_wastage":null},{"date":"2021-06-21","total_vax_today":67680.0,"first_dose_today":54540.0,"second_dose_today":13140,"cumulative_vax":18921729.0,"cumulative_vax_first_dose":14668082.0,"cumulative_vax_sec_dose":4253647.0,"cvc_count":null,"aefi_cases":null,"vax_wastage":null},{"date":"2021-06-22","total_vax_today":327989.0,"first_dose_today":249601.0,"second_dose_today":78388,"cumulative_vax":19249718.0,"cumulative_vax_first_dose":14917683.0,"cumulative_vax_sec_dose":4332035.0,"cvc_count":null,"aefi_cases":null,"vax_wastage":null},{"date":"2021-06-23","total_vax_today":301413.0,"first_dose_today":240147.0,"second_dose_today":61266,"cumulative_vax":19551131.0,"cumulative_vax_first_dose":15157830.0,"cumulative_vax_sec_dose":4393301.0,"cvc_count":null,"aefi_cases":null,"vax_wastage":null},{"date":"2021-06-24","total_vax_today":341440.0,"first_dose_today":271373.0,"second_dose_today":70067,"cumulative_vax":19892571.0,"cumulative_vax_first_dose":15429203.0,"cumulative_vax_sec_dose":4463368.0,"cvc_count":null,"aefi_cases":null,"vax_wastage":null},{"date":"2021-06-25","total_vax_today":316274.0,"first_dose_today":250230.0,"second_dose_today":66044,"cumulative_vax":20208845.0,"cumulative_vax_first_dose":15679433.0,"cumulative_vax_sec_dose":4529412.0,"cvc_count":null,"aefi_cases":1743.0,"vax_wastage":-6.0},{"date":"2021-06-26","total_vax_today":383795.0,"first_dose_today":295641.0,"second_dose_today":88154,"cumulative_vax":20592640.0,"cumulative_vax_first_dose":15975074.0,"cumulative_vax_sec_dose":4617566.0,"cvc_count":null,"aefi_cases":1753.0,"vax_wastage":-6.0},{"date":"2021-06-27","total_vax_today":295801.0,"first_dose_today":215242.0,"second_dose_today":80559,"cumulative_vax":20888441.0,"cumulative_vax_first_dose":16190316.0,"cumulative_vax_sec_dose":4698125.0,"cvc_count":null,"aefi_cases":1823.0,"vax_wastage":-6.0},{"date":"2021-06-28","total_vax_today":79609.0,"first_dose_today":57737.0,"second_dose_today":21872,"cumulative_vax":20968050.0,"cumulative_vax_first_dose":16248053.0,"cumulative_vax_sec_dose":4719997.0,"cvc_count":null,"aefi_cases":1836.0,"vax_wastage":-6.0},{"date":"2021-06-29","total_vax_today":297896.0,"first_dose_today":180418.0,"second_dose_today":117478,"cumulative_vax":21265946.0,"cumulative_vax_first_dose":16428471.0,"cumulative_vax_sec_dose":4837475.0,"cvc_count":null,"aefi_cases":1864.0,"vax_wastage":-6.0},{"date":"2021-06-30","total_vax_today":281683.0,"first_dose_today":163766.0,"second_dose_today":117917,"cumulative_vax":21547629.0,"cumulative_vax_first_dose":16592237.0,"cumulative_vax_sec_dose":4955392.0,"cvc_count":null,"aefi_cases":1870.0,"vax_wastage":-6.0},{"date":"2021-07-01","total_vax_today":176029.0,"first_dose_today":101906.0,"second_dose_today":74123,"cumulative_vax":21723658.0,"cumulative_vax_first_dose":16694143.0,"cumulative_vax_sec_dose":5029515.0,"cvc_count":null,"aefi_cases":1898.0,"vax_wastage":-6.0},{"date":"2021-07-02","total_vax_today":115622.0,"first_dose_today":64339.0,"second_dose_today":51283,"cumulative_vax":21839280.0,"cumulative_vax_first_dose":16758482.0,"cumulative_vax_sec_dose":5080798.0,"cvc_count":null,"aefi_cases":1900.0,"vax_wastage":-6.0},{"date":"2021-07-03","total_vax_today":308850.0,"first_dose_today":118060.0,"second_dose_today":190790,"cumulative_vax":22148130.0,"cumulative_vax_first_dose":16876542.0,"cumulative_vax_sec_dose":5271588.0,"cvc_count":null,"aefi_cases":1926.0,"vax_wastage":-6.0},{"date":"2021-07-04","total_vax_today":265710.0,"first_dose_today":113989.0,"second_dose_today":151721,"cumulative_vax":22413840.0,"cumulative_vax_first_dose":16990531.0,"cumulative_vax_sec_dose":5423309.0,"cvc_count":null,"aefi_cases":1936.0,"vax_wastage":-6.0},{"date":"2021-07-05","total_vax_today":67783.0,"first_dose_today":29578.0,"second_dose_today":38205,"cumulative_vax":22481623.0,"cumulative_vax_first_dose":17020109.0,"cumulative_vax_sec_dose":5461514.0,"cvc_count":null,"aefi_cases":1942.0,"vax_wastage":-6.0},{"date":"2021-07-06","total_vax_today":298857.0,"first_dose_today":120147.0,"second_dose_today":178710,"cumulative_vax":22780480.0,"cumulative_vax_first_dose":17140256.0,"cumulative_vax_sec_dose":5640224.0,"cvc_count":null,"aefi_cases":1951.0,"vax_wastage":-6.0},{"date":"2021-07-07","total_vax_today":240706.0,"first_dose_today":94693.0,"second_dose_today":146013,"cumulative_vax":23021186.0,"cumulative_vax_first_dose":17234949.0,"cumulative_vax_sec_dose":5786237.0,"cvc_count":null,"aefi_cases":1960.0,"vax_wastage":-6.0},{"date":"2021-07-08","total_vax_today":158380.0,"first_dose_today":70833.0,"second_dose_today":87547,"cumulative_vax":23179566.0,"cumulative_vax_first_dose":17305782.0,"cumulative_vax_sec_dose":5873784.0,"cvc_count":null,"aefi_cases":1966.0,"vax_wastage":-6.0},{"date":"2021-07-09","total_vax_today":244714.0,"first_dose_today":94647.0,"second_dose_today":150067,"cumulative_vax":23424280.0,"cumulative_vax_first_dose":17400429.0,"cumulative_vax_sec_dose":6023851.0,"cvc_count":null,"aefi_cases":1991.0,"vax_wastage":-6.0},{"date":"2021-07-10","total_vax_today":237821.0,"first_dose_today":82011.0,"second_dose_today":155810,"cumulative_vax":23662101.0,"cumulative_vax_first_dose":17482440.0,"cumulative_vax_sec_dose":6179661.0,"cvc_count":null,"aefi_cases":2001.0,"vax_wastage":-6.0},{"date":"2021-07-11","total_vax_today":211283.0,"first_dose_today":70703.0,"second_dose_today":140580,"cumulative_vax":23873384.0,"cumulative_vax_first_dose":17553143.0,"cumulative_vax_sec_dose":6320241.0,"cvc_count":null,"aefi_cases":2008.0,"vax_wastage":-6.0},{"date":"2021-07-12","total_vax_today":88391.0,"first_dose_today":27665.0,"second_dose_today":60726,"cumulative_vax":23961775.0,"cumulative_vax_first_dose":17580808.0,"cumulative_vax_sec_dose":6380967.0,"cvc_count":null,"aefi_cases":2010.0,"vax_wastage":-6.0},{"date":"2021-07-13","total_vax_today":199123.0,"first_dose_today":64924.0,"second_dose_today":134199,"cumulative_vax":24160898.0,"cumulative_vax_first_dose":17645732.0,"cumulative_vax_sec_dose":6515166.0,"cvc_count":null,"aefi_cases":2014.0,"vax_wastage":-6.0},{"date":"2021-07-14","total_vax_today":225015.0,"first_dose_today":96680.0,"second_dose_today":128335,"cumulative_vax":24385913.0,"cumulative_vax_first_dose":17742412.0,"cumulative_vax_sec_dose":6643501.0,"cvc_count":null,"aefi_cases":2022.0,"vax_wastage":-7.0},{"date":"2021-07-15","total_vax_today":319395.0,"first_dose_today":114100.0,"second_dose_today":205295,"cumulative_vax":24705308.0,"cumulative_vax_first_dose":17856512.0,"cumulative_vax_sec_dose":6848796.0,"cvc_count":null,"aefi_cases":2058.0,"vax_wastage":-7.0},{"date":"2021-07-16","total_vax_today":232620.0,"first_dose_today":108839.0,"second_dose_today":123781,"cumulative_vax":24937928.0,"cumulative_vax_first_dose":17965351.0,"cumulative_vax_sec_dose":6972577.0,"cvc_count":null,"aefi_cases":2068.0,"vax_wastage":-7.0},{"date":"2021-07-17","total_vax_today":304530.0,"first_dose_today":110319.0,"second_dose_today":194211,"cumulative_vax":25242458.0,"cumulative_vax_first_dose":18075670.0,"cumulative_vax_sec_dose":7166788.0,"cvc_count":null,"aefi_cases":2075.0,"vax_wastage":-7.0},{"date":"2021-07-18","total_vax_today":384899.0,"first_dose_today":159226.0,"second_dose_today":225673,"cumulative_vax":25627357.0,"cumulative_vax_first_dose":18234896.0,"cumulative_vax_sec_dose":7392461.0,"cvc_count":null,"aefi_cases":2084.0,"vax_wastage":-7.0},{"date":"2021-07-19","total_vax_today":90508.0,"first_dose_today":46635.0,"second_dose_today":43873,"cumulative_vax":25717865.0,"cumulative_vax_first_dose":18281531.0,"cumulative_vax_sec_dose":7436334.0,"cvc_count":null,"aefi_cases":2086.0,"vax_wastage":-7.0},{"date":"2021-07-20","total_vax_today":324254.0,"first_dose_today":160107.0,"second_dose_today":164147,"cumulative_vax":26042119.0,"cumulative_vax_first_dose":18441638.0,"cumulative_vax_sec_dose":7600481.0,"cvc_count":null,"aefi_cases":2107.0,"vax_wastage":-7.0},{"date":"2021-07-21","total_vax_today":254629.0,"first_dose_today":139211.0,"second_dose_today":115418,"cumulative_vax":26296748.0,"cumulative_vax_first_dose":18580849.0,"cumulative_vax_sec_dose":7715899.0,"cvc_count":null,"aefi_cases":2117.0,"vax_wastage":-7.0},{"date":"2021-07-22","total_vax_today":88485.0,"first_dose_today":57033.0,"second_dose_today":31452,"cumulative_vax":26385233.0,"cumulative_vax_first_dose":18637882.0,"cumulative_vax_sec_dose":7747351.0,"cvc_count":null,"aefi_cases":2128.0,"vax_wastage":-7.0},{"date":"2021-07-23","total_vax_today":217496.0,"first_dose_today":117139.0,"second_dose_today":100357,"cumulative_vax":26602729.0,"cumulative_vax_first_dose":18755021.0,"cumulative_vax_sec_dose":7847708.0,"cvc_count":null,"aefi_cases":2152.0,"vax_wastage":-7.0},{"date":"2021-07-24","total_vax_today":340991.0,"first_dose_today":190932.0,"second_dose_today":150059,"cumulative_vax":26943720.0,"cumulative_vax_first_dose":18945953.0,"cumulative_vax_sec_dose":7997767.0,"cvc_count":null,"aefi_cases":2163.0,"vax_wastage":-7.0},{"date":"2021-07-25","total_vax_today":333770.0,"first_dose_today":220774.0,"second_dose_today":112996,"cumulative_vax":27277490.0,"cumulative_vax_first_dose":19166727.0,"cumulative_vax_sec_dose":8110763.0,"cvc_count":null,"aefi_cases":2220.0,"vax_wastage":-7.0},{"date":"2021-07-26","total_vax_today":74102.0,"first_dose_today":59262.0,"second_dose_today":14840,"cumulative_vax":27351592.0,"cumulative_vax_first_dose":19225989.0,"cumulative_vax_sec_dose":8125603.0,"cvc_count":null,"aefi_cases":2240.0,"vax_wastage":-7.0},{"date":"2021-07-27","total_vax_today":304537.0,"first_dose_today":212057.0,"second_dose_today":92480,"cumulative_vax":27656129.0,"cumulative_vax_first_dose":19438046.0,"cumulative_vax_sec_dose":8218083.0,"cvc_count":null,"aefi_cases":2266.0,"vax_wastage":-7.0},{"date":"2021-07-28","total_vax_today":261592.0,"first_dose_today":190440.0,"second_dose_today":71152,"cumulative_vax":27917721.0,"cumulative_vax_first_dose":19628486.0,"cumulative_vax_sec_dose":8289235.0,"cvc_count":null,"aefi_cases":2284.0,"vax_wastage":-7.0},{"date":"2021-07-29","total_vax_today":396719.0,"first_dose_today":374732.0,"second_dose_today":21987,"cumulative_vax":28314440.0,"cumulative_vax_first_dose":20003218.0,"cumulative_vax_sec_dose":8311222.0,"cvc_count":null,"aefi_cases":2302.0,"vax_wastage":-7.0},{"date":"2021-07-30","total_vax_today":275460.0,"first_dose_today":193344.0,"second_dose_today":82116,"cumulative_vax":28589900.0,"cumulative_vax_first_dose":20196562.0,"cumulative_vax_sec_dose":8393338.0,"cvc_count":null,"aefi_cases":2309.0,"vax_wastage":-7.0},{"date":"2021-08-01","total_vax_today":371595.0,"first_dose_today":293409.0,"second_dose_today":78186,"cumulative_vax":29336355.0,"cumulative_vax_first_dose":20768841.0,"cumulative_vax_sec_dose":8567514.0,"cvc_count":null,"aefi_cases":2340.0,"vax_wastage":-7.0},{"date":"2021-08-02","total_vax_today":271835.0,"first_dose_today":187252.0,"second_dose_today":84583,"cumulative_vax":29608190.0,"cumulative_vax_first_dose":20956093.0,"cumulative_vax_sec_dose":8652097.0,"cvc_count":null,"aefi_cases":2342.0,"vax_wastage":-7.0},{"date":"2021-08-03","total_vax_today":480089.0,"first_dose_today":388923.0,"second_dose_today":91166,"cumulative_vax":30088279.0,"cumulative_vax_first_dose":21345016.0,"cumulative_vax_sec_dose":8743263.0,"cvc_count":null,"aefi_cases":2362.0,"vax_wastage":-7.0},{"date":"2021-08-04","total_vax_today":478394.0,"first_dose_today":388408.0,"second_dose_today":89986,"cumulative_vax":30566673.0,"cumulative_vax_first_dose":21733424.0,"cumulative_vax_sec_dose":8833249.0,"cvc_count":null,"aefi_cases":2372.0,"vax_wastage":-7.0},{"date":"2021-08-05","total_vax_today":299805.0,"first_dose_today":239891.0,"second_dose_today":59914,"cumulative_vax":30866478.0,"cumulative_vax_first_dose":21973315.0,"cumulative_vax_sec_dose":8893163.0,"cvc_count":null,"aefi_cases":2384.0,"vax_wastage":-7.0},{"date":"2021-08-06","total_vax_today":409863.0,"first_dose_today":339911.0,"second_dose_today":69952,"cumulative_vax":31276341.0,"cumulative_vax_first_dose":22313226.0,"cumulative_vax_sec_dose":8963115.0,"cvc_count":null,"aefi_cases":2403.0,"vax_wastage":-7.0},{"date":"2021-08-07","total_vax_today":391898.0,"first_dose_today":336896.0,"second_dose_today":55002,"cumulative_vax":31668239.0,"cumulative_vax_first_dose":22650122.0,"cumulative_vax_sec_dose":9018117.0,"cvc_count":null,"aefi_cases":2442.0,"vax_wastage":-7.0},{"date":"2021-08-08","total_vax_today":271896.0,"first_dose_today":219927.0,"second_dose_today":51969,"cumulative_vax":31940135.0,"cumulative_vax_first_dose":22870049.0,"cumulative_vax_sec_dose":9070086.0,"cvc_count":null,"aefi_cases":2461.0,"vax_wastage":-7.0},{"date":"2021-08-09","total_vax_today":97755.0,"first_dose_today":87780.0,"second_dose_today":9975,"cumulative_vax":32037890.0,"cumulative_vax_first_dose":22957829.0,"cumulative_vax_sec_dose":9080061.0,"cvc_count":null,"aefi_cases":2475.0,"vax_wastage":-7.0},{"date":"2021-08-10","total_vax_today":294212.0,"first_dose_today":239885.0,"second_dose_today":54327,"cumulative_vax":32332102.0,"cumulative_vax_first_dose":23197714.0,"cumulative_vax_sec_dose":9134388.0,"cvc_count":null,"aefi_cases":2512.0,"vax_wastage":-7.0},{"date":"2021-08-11","total_vax_today":349335.0,"first_dose_today":298857.0,"second_dose_today":50478,"cumulative_vax":32681437.0,"cumulative_vax_first_dose":23496571.0,"cumulative_vax_sec_dose":9184866.0,"cvc_count":null,"aefi_cases":2558.0,"vax_wastage":-7.0},{"date":"2021-08-12","total_vax_today":299872.0,"first_dose_today":255895.0,"second_dose_today":43977,"cumulative_vax":32981309.0,"cumulative_vax_first_dose":23752466.0,"cumulative_vax_sec_dose":9228843.0,"cvc_count":null,"aefi_cases":2576.0,"vax_wastage":-7.0},{"date":"2021-08-13","total_vax_today":340072.0,"first_dose_today":288874.0,"second_dose_today":51198,"cumulative_vax":33321381.0,"cumulative_vax_first_dose":24041340.0,"cumulative_vax_sec_dose":9280041.0,"cvc_count":null,"aefi_cases":2604.0,"vax_wastage":-7.0},{"date":"2021-08-14","total_vax_today":445166.0,"first_dose_today":386925.0,"second_dose_today":58241,"cumulative_vax":33766547.0,"cumulative_vax_first_dose":24428265.0,"cumulative_vax_sec_dose":9338282.0,"cvc_count":null,"aefi_cases":2637.0,"vax_wastage":-7.0},{"date":"2021-08-15","total_vax_today":null,"first_dose_today":null,"second_dose_today":50944,"cumulative_vax":null,"cumulative_vax_first_dose":null,"cumulative_vax_sec_dose":null,"cvc_count":null,"aefi_cases":2676.0,"vax_wastage":null},{"date":"2021-08-16","total_vax_today":67217.0,"first_dose_today":61298.0,"second_dose_today":5919,"cumulative_vax":34224606.0,"cumulative_vax_first_dose":24829461.0,"cumulative_vax_sec_dose":9395145.0,"cvc_count":null,"aefi_cases":2740.0,"vax_wastage":-7.0},{"date":"2021-08-17","total_vax_today":357544.0,"first_dose_today":289998.0,"second_dose_today":67546,"cumulative_vax":34582150.0,"cumulative_vax_first_dose":25119459.0,"cumulative_vax_sec_dose":9462691.0,"cvc_count":null,"aefi_cases":2773.0,"vax_wastage":-7.0},{"date":"2021-08-18","total_vax_today":349079.0,"first_dose_today":279975.0,"second_dose_today":69104,"cumulative_vax":34931229.0,"cumulative_vax_first_dose":25399434.0,"cumulative_vax_sec_dose":9531795.0,"cvc_count":null,"aefi_cases":2867.0,"vax_wastage":-7.0},{"date":"2021-08-19","total_vax_today":null,"first_dose_today":null,"second_dose_today":77380,"cumulative_vax":null,"cumulative_vax_first_dose":null,"cumulative_vax_sec_dose":null,"cvc_count":null,"aefi_cases":2967.0,"vax_wastage":null},{"date":"2021-08-20","total_vax_today":292768.0,"first_dose_today":217985.0,"second_dose_today":74783,"cumulative_vax":35497375.0,"cumulative_vax_first_dose":25813417.0,"cumulative_vax_sec_dose":9683958.0,"cvc_count":null,"aefi_cases":3019.0,"vax_wastage":-7.0},{"date":"2021-08-21","total_vax_today":202730.0,"first_dose_today":138994.0,"second_dose_today":63736,"cumulative_vax":35700105.0,"cumulative_vax_first_dose":25952411.0,"cumulative_vax_sec_dose":9747694.0,"cvc_count":null,"aefi_cases":3062.0,"vax_wastage":-7.0},{"date":"2021-08-22","total_vax_today":null,"first_dose_today":null,"second_dose_today":132964,"cumulative_vax":null,"cumulative_vax_first_dose":null,"cumulative_vax_sec_dose":null,"cvc_count":null,"aefi_cases":3091.0,"vax_wastage":null},{"date":"2021-08-23","total_vax_today":98579.0,"first_dose_today":63898.0,"second_dose_today":34681,"cumulative_vax":36177644.0,"cumulative_vax_first_dose":26262305.0,"cumulative_vax_sec_dose":9915339.0,"cvc_count":null,"aefi_cases":3110.0,"vax_wastage":-7.0},{"date":"2021-08-24","total_vax_today":519250.0,"first_dose_today":310430.0,"second_dose_today":208820,"cumulative_vax":36696894.0,"cumulative_vax_first_dose":26572735.0,"cumulative_vax_sec_dose":10124159.0,"cvc_count":null,"aefi_cases":3148.0,"vax_wastage":-7.0},{"date":"2021-08-25","total_vax_today":452793.0,"first_dose_today":270896.0,"second_dose_today":181897,"cumulative_vax":37149687.0,"cumulative_vax_first_dose":26843631.0,"cumulative_vax_sec_dose":10306056.0,"cvc_count":null,"aefi_cases":3186.0,"vax_wastage":-7.0},{"date":"2021-08-27","total_vax_today":438782.0,"first_dose_today":278628.0,"second_dose_today":160154,"cumulative_vax":38058400.0,"cumulative_vax_first_dose":27405427.0,"cumulative_vax_sec_dose":10652973.0,"cvc_count":null,"aefi_cases":3279.0,"vax_wastage":-7.0},{"date":"2021-08-28","total_vax_today":556573.0,"first_dose_today":343691.0,"second_dose_today":212882,"cumulative_vax":38614973.0,"cumulative_vax_first_dose":27749118.0,"cumulative_vax_sec_dose":10865855.0,"cvc_count":null,"aefi_cases":3350.0,"vax_wastage":-7.0},{"date":"2021-08-29","total_vax_today":505172.0,"first_dose_today":319449.0,"second_dose_today":185723,"cumulative_vax":39120145.0,"cumulative_vax_first_dose":28068567.0,"cumulative_vax_sec_dose":11051578.0,"cvc_count":null,"aefi_cases":3381.0,"vax_wastage":-7.0},{"date":"2021-08-30","total_vax_today":293495.0,"first_dose_today":216106.0,"second_dose_today":77389,"cumulative_vax":39413640.0,"cumulative_vax_first_dose":28284673.0,"cumulative_vax_sec_dose":11128967.0,"cvc_count":null,"aefi_cases":3472.0,"vax_wastage":-7.0},{"date":"2021-08-31","total_vax_today":398358.0,"first_dose_today":271315.0,"second_dose_today":127043,"cumulative_vax":39811998.0,"cumulative_vax_first_dose":28555988.0,"cumulative_vax_sec_dose":11256010.0,"cvc_count":null,"aefi_cases":3510.0,"vax_wastage":-7.0},{"date":"2021-09-01","total_vax_today":1247267.0,"first_dose_today":957497.0,"second_dose_today":289770,"cumulative_vax":41059265.0,"cumulative_vax_first_dose":29513485.0,"cumulative_vax_sec_dose":11545780.0,"cvc_count":null,"aefi_cases":3587.0,"vax_wastage":-7.0},{"date":"2021-09-02","total_vax_today":487968.0,"first_dose_today":338999.0,"second_dose_today":148969,"cumulative_vax":41547233.0,"cumulative_vax_first_dose":29852484.0,"cumulative_vax_sec_dose":11694749.0,"cvc_count":null,"aefi_cases":3616.0,"vax_wastage":-7.0},{"date":"2021-09-03","total_vax_today":608700.0,"first_dose_today":440447.0,"second_dose_today":168253,"cumulative_vax":42155933.0,"cumulative_vax_first_dose":30292931.0,"cumulative_vax_sec_dose":11863002.0,"cvc_count":null,"aefi_cases":3616.0,"vax_wastage":-7.0},{"date":"2021-09-04","total_vax_today":543871.0,"first_dose_today":373995.0,"second_dose_today":169876,"cumulative_vax":42699804.0,"cumulative_vax_first_dose":30666926.0,"cumulative_vax_sec_dose":12032878.0,"cvc_count":null,"aefi_cases":3652.0,"vax_wastage":-7.0},{"date":"2021-09-05","total_vax_today":null,"first_dose_today":null,"second_dose_today":145988,"cumulative_vax":null,"cumulative_vax_first_dose":null,"cumulative_vax_sec_dose":null,"cvc_count":null,"aefi_cases":3652.0,"vax_wastage":null},{"date":"2021-09-06","total_vax_today":197059.0,"first_dose_today":129971.0,"second_dose_today":67088,"cumulative_vax":43296847.0,"cumulative_vax_first_dose":31050893.0,"cumulative_vax_sec_dose":12245954.0,"cvc_count":null,"aefi_cases":3652.0,"vax_wastage":-7.0},{"date":"2021-09-07","total_vax_today":704874.0,"first_dose_today":489969.0,"second_dose_today":214905,"cumulative_vax":44001721.0,"cumulative_vax_first_dose":31540862.0,"cumulative_vax_sec_dose":12460859.0,"cvc_count":null,"aefi_cases":3769.0,"vax_wastage":-7.0},{"date":"2021-09-08","total_vax_today":560553.0,"first_dose_today":380901.0,"second_dose_today":179652,"cumulative_vax":44562274.0,"cumulative_vax_first_dose":31921763.0,"cumulative_vax_sec_dose":12640511.0,"cvc_count":null,"aefi_cases":3796.0,"vax_wastage":-7.0},{"date":"2021-09-09","total_vax_today":695650.0,"first_dose_today":499681.0,"second_dose_today":195969,"cumulative_vax":45257924.0,"cumulative_vax_first_dose":32421444.0,"cumulative_vax_sec_dose":12836480.0,"cvc_count":null,"aefi_cases":3818.0,"vax_wastage":-7.0},{"date":"2021-09-10","total_vax_today":499781.0,"first_dose_today":339129.0,"second_dose_today":160652,"cumulative_vax":45757705.0,"cumulative_vax_first_dose":32760573.0,"cumulative_vax_sec_dose":12997132.0,"cvc_count":null,"aefi_cases":3848.0,"vax_wastage":-7.0},{"date":"2021-09-11","total_vax_today":747904.0,"first_dose_today":519005.0,"second_dose_today":228899,"cumulative_vax":46505609.0,"cumulative_vax_first_dose":33279578.0,"cumulative_vax_sec_dose":13226031.0,"cvc_count":null,"aefi_cases":3907.0,"vax_wastage":-7.0},{"date":"2021-09-12","total_vax_today":null,"first_dose_today":null,"second_dose_today":189463,"cumulative_vax":null,"cumulative_vax_first_dose":null,"cumulative_vax_sec_dose":null,"cvc_count":null,"aefi_cases":3925.0,"vax_wastage":null},{"date":"2021-09-13","total_vax_today":183858.0,"first_dose_today":143913.0,"second_dose_today":39945,"cumulative_vax":47257831.0,"cumulative_vax_first_dose":33802392.0,"cumulative_vax_sec_dose":13455439.0,"cvc_count":null,"aefi_cases":3928.0,"vax_wastage":-7.0},{"date":"2021-09-14","total_vax_today":448662.0,"first_dose_today":289989.0,"second_dose_today":158673,"cumulative_vax":47706493.0,"cumulative_vax_first_dose":34092381.0,"cumulative_vax_sec_dose":13614112.0,"cvc_count":null,"aefi_cases":3993.0,"vax_wastage":-7.0},{"date":"2021-09-15","total_vax_today":363333.0,"first_dose_today":222247.0,"second_dose_today":141086,"cumulative_vax":48069826.0,"cumulative_vax_first_dose":34314628.0,"cumulative_vax_sec_dose":13755198.0,"cvc_count":null,"aefi_cases":4030.0,"vax_wastage":-7.0},{"date":"2021-09-16","total_vax_today":409353.0,"first_dose_today":199898.0,"second_dose_today":209455,"cumulative_vax":48479179.0,"cumulative_vax_first_dose":34514526.0,"cumulative_vax_sec_dose":13964653.0,"cvc_count":null,"aefi_cases":4030.0,"vax_wastage":-7.0},{"date":"2021-09-17","total_vax_today":null,"first_dose_today":null,"second_dose_today":202677,"cumulative_vax":null,"cumulative_vax_first_dose":null,"cumulative_vax_sec_dose":null,"cvc_count":null,"aefi_cases":4146.0,"vax_wastage":null},{"date":"2021-09-18","total_vax_today":404924.0,"first_dose_today":249452.0,"second_dose_today":155472,"cumulative_vax":49281189.0,"cumulative_vax_first_dose":34958387.0,"cumulative_vax_sec_dose":14322802.0,"cvc_count":null,"aefi_cases":4240.0,"vax_wastage":-7.0},{"date":"2021-09-19","total_vax_today":null,"first_dose_today":null,"second_dose_today":339031,"cumulative_vax":null,"cumulative_vax_first_dose":null,"cumulative_vax_sec_dose":null,"cvc_count":null,"aefi_cases":4274.0,"vax_wastage":null},{"date":"2021-09-20","total_vax_today":null,"first_dose_today":null,"second_dose_today":62659,"cumulative_vax":null,"cumulative_vax_first_dose":null,"cumulative_vax_sec_dose":null,"cvc_count":null,"aefi_cases":4275.0,"vax_wastage":null},{"date":"2021-09-21","total_vax_today":895357.0,"first_dose_today":637727.0,"second_dose_today":257630,"cumulative_vax":51717266.0,"cumulative_vax_first_dose":36735144.0,"cumulative_vax_sec_dose":14982122.0,"cvc_count":null,"aefi_cases":4315.0,"vax_wastage":-7.0},{"date":"2021-09-22","total_vax_today":null,"first_dose_today":null,"second_dose_today":264312,"cumulative_vax":null,"cumulative_vax_first_dose":null,"cumulative_vax_sec_dose":null,"cvc_count":null,"aefi_cases":4376.0,"vax_wastage":null},{"date":"2021-09-23","total_vax_today":595596.0,"first_dose_today":395990.0,"second_dose_today":199606,"cumulative_vax":53456771.0,"cumulative_vax_first_dose":38010731.0,"cumulative_vax_sec_dose":15446040.0,"cvc_count":null,"aefi_cases":4412.0,"vax_wastage":-7.0},{"date":"2021-09-24","total_vax_today":494390.0,"first_dose_today":321097.0,"second_dose_today":173293,"cumulative_vax":53951161.0,"cumulative_vax_first_dose":38331828.0,"cumulative_vax_sec_dose":15619333.0,"cvc_count":null,"aefi_cases":4494.0,"vax_wastage":-7.0},{"date":"2021-09-25","total_vax_today":null,"first_dose_today":null,"second_dose_today":242068,"cumulative_vax":null,"cumulative_vax_first_dose":null,"cumulative_vax_sec_dose":null,"cvc_count":null,"aefi_cases":4540.0,"vax_wastage":null},{"date":"2021-09-26","total_vax_today":null,"first_dose_today":null,"second_dose_today":178406,"cumulative_vax":null,"cumulative_vax_first_dose":null,"cumulative_vax_sec_dose":null,"cvc_count":null,"aefi_cases":4544.0,"vax_wastage":null},{"date":"2021-09-27","total_vax_today":null,"first_dose_today":null,"second_dose_today":31399,"cumulative_vax":null,"cumulative_vax_first_dose":null,"cumulative_vax_sec_dose":null,"cvc_count":null,"aefi_cases":4546.0,"vax_wastage":null},{"date":"2021-09-28","total_vax_today":null,"first_dose_today":null,"second_dose_today":172382,"cumulative_vax":null,"cumulative_vax_first_dose":null,"cumulative_vax_sec_dose":null,"cvc_count":null,"aefi_cases":4556.0,"vax_wastage":null},{"date":"2021-09-29","total_vax_today":null,"first_dose_today":null,"second_dose_today":159038,"cumulative_vax":null,"cumulative_vax_first_dose":null,"cumulative_vax_sec_dose":null,"cvc_count":null,"aefi_cases":4565.0,"vax_wastage":null},{"date":"2021-09-30","total_vax_today":499018.0,"first_dose_today":381505.0,"second_dose_today":117513,"cumulative_vax":57217365.0,"cumulative_vax_first_dose":40697226.0,"cumulative_vax_sec_dose":16520139.0,"cvc_count":null,"aefi_cases":4569.0,"vax_wastage":-7.0},{"date":"2021-10-01","total_vax_today":497696.0,"first_dose_today":357318.0,"second_dose_today":140378,"cumulative_vax":57715061.0,"cumulative_vax_first_dose":41054544.0,"cumulative_vax_sec_dose":16660517.0,"cvc_count":null,"aefi_cases":4609.0,"vax_wastage":-7.0},{"date":"2021-10-02","total_vax_today":null,"first_dose_today":null,"second_dose_today":179917,"cumulative_vax":null,"cumulative_vax_first_dose":null,"cumulative_vax_sec_dose":null,"cvc_count":null,"aefi_cases":4629.0,"vax_wastage":null},{"date":"2021-10-03","total_vax_today":294226.0,"first_dose_today":218758.0,"second_dose_today":75468,"cumulative_vax":58650132.0,"cumulative_vax_first_dose":41734230.0,"cumulative_vax_sec_dose":16915902.0,"cvc_count":null,"aefi_cases":4633.0,"vax_wastage":-7.0},{"date":"2021-10-04","total_vax_today":98376.0,"first_dose_today":73903.0,"second_dose_today":24473,"cumulative_vax":58748508.0,"cumulative_vax_first_dose":41808133.0,"cumulative_vax_sec_dose":16940375.0,"cvc_count":null,"aefi_cases":4633.0,"vax_wastage":-7.0},{"date":"2021-10-05","total_vax_today":583520.0,"first_dose_today":422039.0,"second_dose_today":161481,"cumulative_vax":59332028.0,"cumulative_vax_first_dose":42230172.0,"cumulative_vax_sec_dose":17101856.0,"cvc_count":null,"aefi_cases":4649.0,"vax_wastage":-7.0},{"date":"2021-10-06","total_vax_today":1038181.0,"first_dose_today":853918.0,"second_dose_today":184263,"cumulative_vax":60370209.0,"cumulative_vax_first_dose":43084090.0,"cumulative_vax_sec_dose":17286119.0,"cvc_count":null,"aefi_cases":4668.0,"vax_wastage":-7.0},{"date":"2021-10-07","total_vax_today":387800.0,"first_dose_today":309980.0,"second_dose_today":77820,"cumulative_vax":60758009.0,"cumulative_vax_first_dose":43394070.0,"cumulative_vax_sec_dose":17363939.0,"cvc_count":null,"aefi_cases":4673.0,"vax_wastage":-7.0},{"date":"2021-10-08","total_vax_today":1142256.0,"first_dose_today":952701.0,"second_dose_today":189555,"cumulative_vax":61900265.0,"cumulative_vax_first_dose":44346771.0,"cumulative_vax_sec_dose":17553494.0,"cvc_count":null,"aefi_cases":4710.0,"vax_wastage":-7.0},{"date":"2021-10-10","total_vax_today":null,"first_dose_today":null,"second_dose_today":187724,"cumulative_vax":null,"cumulative_vax_first_dose":null,"cumulative_vax_sec_dose":null,"cvc_count":null,"aefi_cases":4739.0,"vax_wastage":null},{"date":"2021-10-11","total_vax_today":226673.0,"first_dose_today":192742.0,"second_dose_today":33931,"cumulative_vax":64386556.0,"cumulative_vax_first_dose":46435336.0,"cumulative_vax_sec_dose":17951220.0,"cvc_count":null,"aefi_cases":4742.0,"vax_wastage":-7.0},{"date":"2021-10-12","total_vax_today":503485.0,"first_dose_today":415198.0,"second_dose_today":88287,"cumulative_vax":64890041.0,"cumulative_vax_first_dose":46850534.0,"cumulative_vax_sec_dose":18039507.0,"cvc_count":null,"aefi_cases":4747.0,"vax_wastage":-7.0},{"date":"2021-10-13","total_vax_today":null,"first_dose_today":null,"second_dose_today":38846,"cumulative_vax":null,"cumulative_vax_first_dose":null,"cumulative_vax_sec_dose":null,"cvc_count":null,"aefi_cases":4759.0,"vax_wastage":null},{"date":"2021-10-14","total_vax_today":null,"first_dose_today":null,"second_dose_today":2373,"cumulative_vax":null,"cumulative_vax_first_dose":null,"cumulative_vax_sec_dose":null,"cvc_count":null,"aefi_cases":4759.0,"vax_wastage":null},{"date":"2021-10-15","total_vax_today":null,"first_dose_today":null,"second_dose_today":9848,"cumulative_vax":null,"cumulative_vax_first_dose":null,"cumulative_vax_sec_dose":null,"cvc_count":null,"aefi_cases":4759.0,"vax_wastage":null},{"date":"2021-10-16","total_vax_today":null,"first_dose_today":null,"second_dose_today":9980,"cumulative_vax":null,"cumulative_vax_first_dose":null,"cumulative_vax_sec_dose":null,"cvc_count":null,"aefi_cases":4765.0,"vax_wastage":null},{"date":"2021-10-17","total_vax_today":null,"first_dose_today":null,"second_dose_today":139885,"cumulative_vax":null,"cumulative_vax_first_dose":null,"cumulative_vax_sec_dose":null,"cvc_count":null,"aefi_cases":4767.0,"vax_wastage":null},{"date":"2021-10-18","total_vax_today":299947.0,"first_dose_today":263985.0,"second_dose_today":35962,"cumulative_vax":66501315.0,"cumulative_vax_first_dose":48224914.0,"cumulative_vax_sec_dose":18276401.0,"cvc_count":null,"aefi_cases":4768.0,"vax_wastage":-7.0},{"date":"2021-10-19","total_vax_today":1047638.0,"first_dose_today":823720.0,"second_dose_today":223918,"cumulative_vax":67548953.0,"cumulative_vax_first_dose":49048634.0,"cumulative_vax_sec_dose":18500319.0,"cvc_count":null,"aefi_cases":4780.0,"vax_wastage":-7.0},{"date":"2021-10-20","total_vax_today":658691.0,"first_dose_today":489172.0,"second_dose_today":169519,"cumulative_vax":68207644.0,"cumulative_vax_first_dose":49537806.0,"cumulative_vax_sec_dose":18669838.0,"cvc_count":null,"aefi_cases":4788.0,"vax_wastage":-7.0},{"date":"2021-10-21","total_vax_today":592500.0,"first_dose_today":469503.0,"second_dose_today":122997,"cumulative_vax":68800144.0,"cumulative_vax_first_dose":50007309.0,"cumulative_vax_sec_dose":18792835.0,"cvc_count":null,"aefi_cases":4795.0,"vax_wastage":-7.0},{"date":"2021-10-22","total_vax_today":1229565.0,"first_dose_today":837379.0,"second_dose_today":392186,"cumulative_vax":70029709.0,"cumulative_vax_first_dose":50844688.0,"cumulative_vax_sec_dose":19185021.0,"cvc_count":null,"aefi_cases":4809.0,"vax_wastage":-7.0},{"date":"2021-10-23","total_vax_today":532550.0,"first_dose_today":399737.0,"second_dose_today":132813,"cumulative_vax":70562259.0,"cumulative_vax_first_dose":51244425.0,"cumulative_vax_sec_dose":19317834.0,"cvc_count":null,"aefi_cases":4830.0,"vax_wastage":-7.0},{"date":"2021-10-24","total_vax_today":1238069.0,"first_dose_today":918450.0,"second_dose_today":319619,"cumulative_vax":71800328.0,"cumulative_vax_first_dose":52162875.0,"cumulative_vax_sec_dose":19637453.0,"cvc_count":null,"aefi_cases":4867.0,"vax_wastage":-7.0},{"date":"2021-10-25","total_vax_today":245095.0,"first_dose_today":193522.0,"second_dose_today":51573,"cumulative_vax":72045423.0,"cumulative_vax_first_dose":52356397.0,"cumulative_vax_sec_dose":19689026.0,"cvc_count":null,"aefi_cases":4869.0,"vax_wastage":-7.0},{"date":"2021-10-26","total_vax_today":1016814.0,"first_dose_today":659605.0,"second_dose_today":357209,"cumulative_vax":73062237.0,"cumulative_vax_first_dose":53016002.0,"cumulative_vax_sec_dose":20046235.0,"cvc_count":null,"aefi_cases":4892.0,"vax_wastage":-7.0},{"date":"2021-10-27","total_vax_today":908558.0,"first_dose_today":599321.0,"second_dose_today":309237,"cumulative_vax":73970795.0,"cumulative_vax_first_dose":53615323.0,"cumulative_vax_sec_dose":20355472.0,"cvc_count":null,"aefi_cases":4904.0,"vax_wastage":-7.0},{"date":"2021-10-28","total_vax_today":586542.0,"first_dose_today":342919.0,"second_dose_today":243623,"cumulative_vax":74557337.0,"cumulative_vax_first_dose":53958242.0,"cumulative_vax_sec_dose":20599095.0,"cvc_count":null,"aefi_cases":4920.0,"vax_wastage":-7.0},{"date":"2021-10-29","total_vax_today":799384.0,"first_dose_today":515399.0,"second_dose_today":283985,"cumulative_vax":75356721.0,"cumulative_vax_first_dose":54473641.0,"cumulative_vax_sec_dose":20883080.0,"cvc_count":null,"aefi_cases":4974.0,"vax_wastage":-7.0},{"date":"2021-10-30","total_vax_today":999610.0,"first_dose_today":685970.0,"second_dose_today":313640,"cumulative_vax":76356331.0,"cumulative_vax_first_dose":55159611.0,"cumulative_vax_sec_dose":21196720.0,"cvc_count":null,"aefi_cases":5029.0,"vax_wastage":-7.0},{"date":"2021-10-31","total_vax_today":1069216.0,"first_dose_today":759951.0,"second_dose_today":309265,"cumulative_vax":77425547.0,"cumulative_vax_first_dose":55919562.0,"cumulative_vax_sec_dose":21505985.0,"cvc_count":null,"aefi_cases":5049.0,"vax_wastage":-7.0},{"date":"2021-11-01","total_vax_today":292533.0,"first_dose_today":239319.0,"second_dose_today":53214,"cumulative_vax":77718080.0,"cumulative_vax_first_dose":56158881.0,"cumulative_vax_sec_dose":21559199.0,"cvc_count":null,"aefi_cases":5079.0,"vax_wastage":-7.0},{"date":"2021-11-02","total_vax_today":1166993.0,"first_dose_today":848990.0,"second_dose_today":318003,"cumulative_vax":78885073.0,"cumulative_vax_first_dose":57007871.0,"cumulative_vax_sec_dose":21877202.0,"cvc_count":null,"aefi_cases":5135.0,"vax_wastage":-7.0},{"date":"2021-11-03","total_vax_today":691453.0,"first_dose_today":468518.0,"second_dose_today":222935,"cumulative_vax":79576526.0,"cumulative_vax_first_dose":57476389.0,"cumulative_vax_sec_dose":22100137.0,"cvc_count":null,"aefi_cases":5187.0,"vax_wastage":-7.0},{"date":"2021-11-04","total_vax_today":527263.0,"first_dose_today":348034.0,"second_dose_today":179229,"cumulative_vax":80103789.0,"cumulative_vax_first_dose":57824423.0,"cumulative_vax_sec_dose":22279366.0,"cvc_count":null,"aefi_cases":5233.0,"vax_wastage":-7.0},{"date":"2021-11-05","total_vax_today":146032.0,"first_dose_today":96917.0,"second_dose_today":49115,"cumulative_vax":80249821.0,"cumulative_vax_first_dose":57921340.0,"cumulative_vax_sec_dose":22328481.0,"cvc_count":null,"aefi_cases":5235.0,"vax_wastage":-7.0},{"date":"2021-11-06","total_vax_today":393695.0,"first_dose_today":242641.0,"second_dose_today":151054,"cumulative_vax":80643516.0,"cumulative_vax_first_dose":58163981.0,"cumulative_vax_sec_dose":22479535.0,"cvc_count":null,"aefi_cases":5238.0,"vax_wastage":-7.0},{"date":"2021-11-07","total_vax_today":56533.0,"first_dose_today":28920.0,"second_dose_today":27613,"cumulative_vax":80700049.0,"cumulative_vax_first_dose":58192901.0,"cumulative_vax_sec_dose":22507148.0,"cvc_count":null,"aefi_cases":5248.0,"vax_wastage":-7.0},{"date":"2021-11-08","total_vax_today":152903.0,"first_dose_today":95918.0,"second_dose_today":56985,"cumulative_vax":80852952.0,"cumulative_vax_first_dose":58288819.0,"cumulative_vax_sec_dose":22564133.0,"cvc_count":null,"aefi_cases":5250.0,"vax_wastage":-7.0},{"date":"2021-11-09","total_vax_today":943462.0,"first_dose_today":517172.0,"second_dose_today":426290,"cumulative_vax":81796414.0,"cumulative_vax_first_dose":58805991.0,"cumulative_vax_sec_dose":22990423.0,"cvc_count":null,"aefi_cases":5291.0,"vax_wastage":-7.0},{"date":"2021-11-10","total_vax_today":703749.0,"first_dose_today":349305.0,"second_dose_today":354444,"cumulative_vax":82500163.0,"cumulative_vax_first_dose":59155296.0,"cumulative_vax_sec_dose":23344867.0,"cvc_count":null,"aefi_cases":5318.0,"vax_wastage":-7.0},{"date":"2021-11-11","total_vax_today":468816.0,"first_dose_today":226233.0,"second_dose_today":242583,"cumulative_vax":82968979.0,"cumulative_vax_first_dose":59381529.0,"cumulative_vax_sec_dose":23587450.0,"cvc_count":null,"aefi_cases":5337.0,"vax_wastage":-7.0},{"date":"2021-11-12","total_vax_today":282727.0,"first_dose_today":110950.0,"second_dose_today":171777,"cumulative_vax":83251706.0,"cumulative_vax_first_dose":59492479.0,"cumulative_vax_sec_dose":23759227.0,"cvc_count":null,"aefi_cases":5344.0,"vax_wastage":-7.0},{"date":"2021-11-13","total_vax_today":524264.0,"first_dose_today":236790.0,"second_dose_today":287474,"cumulative_vax":83775970.0,"cumulative_vax_first_dose":59729269.0,"cumulative_vax_sec_dose":24046701.0,"cvc_count":null,"aefi_cases":5376.0,"vax_wastage":-7.0},{"date":"2021-11-14","total_vax_today":376244.0,"first_dose_today":175579.0,"second_dose_today":200665,"cumulative_vax":84152214.0,"cumulative_vax_first_dose":59904848.0,"cumulative_vax_sec_dose":24247366.0,"cvc_count":null,"aefi_cases":5409.0,"vax_wastage":-7.0},{"date":"2021-11-15","total_vax_today":98632.0,"first_dose_today":57900.0,"second_dose_today":40732,"cumulative_vax":84250846.0,"cumulative_vax_first_dose":59962748.0,"cumulative_vax_sec_dose":24288098.0,"cvc_count":null,"aefi_cases":5411.0,"vax_wastage":-7.0},{"date":"2021-11-16","total_vax_today":660287.0,"first_dose_today":341351.0,"second_dose_today":318936,"cumulative_vax":84911133.0,"cumulative_vax_first_dose":60304099.0,"cumulative_vax_sec_dose":24607034.0,"cvc_count":null,"aefi_cases":5424.0,"vax_wastage":-7.0},{"date":"2021-11-17","total_vax_today":562661.0,"first_dose_today":254242.0,"second_dose_today":308419,"cumulative_vax":85473794.0,"cumulative_vax_first_dose":60558341.0,"cumulative_vax_sec_dose":24915453.0,"cvc_count":null,"aefi_cases":5456.0,"vax_wastage":-7.0},{"date":"2021-11-18","total_vax_today":459335.0,"first_dose_today":194636.0,"second_dose_today":264699,"cumulative_vax":85933129.0,"cumulative_vax_first_dose":60752977.0,"cumulative_vax_sec_dose":25180152.0,"cvc_count":null,"aefi_cases":5469.0,"vax_wastage":-7.0},{"date":"2021-11-19","total_vax_today":326204.0,"first_dose_today":126453.0,"second_dose_today":199751,"cumulative_vax":86259333.0,"cumulative_vax_first_dose":60879430.0,"cumulative_vax_sec_dose":25379903.0,"cvc_count":null,"aefi_cases":5543.0,"vax_wastage":-7.0},{"date":"2021-11-20","total_vax_today":417948.0,"first_dose_today":187534.0,"second_dose_today":230414,"cumulative_vax":86677281.0,"cumulative_vax_first_dose":61066964.0,"cumulative_vax_sec_dose":25610317.0,"cvc_count":null,"aefi_cases":5552.0,"vax_wastage":-7.0},{"date":"2021-11-21","total_vax_today":530380.0,"first_dose_today":246274.0,"second_dose_today":284106,"cumulative_vax":87207661.0,"cumulative_vax_first_dose":61313238.0,"cumulative_vax_sec_dose":25894423.0,"cvc_count":null,"aefi_cases":5564.0,"vax_wastage":-7.0},{"date":"2021-11-22","total_vax_today":144699.0,"first_dose_today":88496.0,"second_dose_today":56203,"cumulative_vax":87352360.0,"cumulative_vax_first_dose":61401734.0,"cumulative_vax_sec_dose":25950626.0,"cvc_count":null,"aefi_cases":5580.0,"vax_wastage":-7.0},{"date":"2021-11-23","total_vax_today":658458.0,"first_dose_today":277279.0,"second_dose_today":381179,"cumulative_vax":88010818.0,"cumulative_vax_first_dose":61679013.0,"cumulative_vax_sec_dose":26331805.0,"cvc_count":null,"aefi_cases":5605.0,"vax_wastage":-7.0},{"date":"2021-11-24","total_vax_today":720168.0,"first_dose_today":245178.0,"second_dose_today":474990,"cumulative_vax":88730986.0,"cumulative_vax_first_dose":61924191.0,"cumulative_vax_sec_dose":26806795.0,"cvc_count":null,"aefi_cases":5632.0,"vax_wastage":-7.0},{"date":"2021-11-25","total_vax_today":650839.0,"first_dose_today":221054.0,"second_dose_today":429785,"cumulative_vax":89381825.0,"cumulative_vax_first_dose":62145245.0,"cumulative_vax_sec_dose":27236580.0,"cvc_count":null,"aefi_cases":5651.0,"vax_wastage":-7.0},{"date":"2021-11-26","total_vax_today":521646.0,"first_dose_today":163579.0,"second_dose_today":358067,"cumulative_vax":89903471.0,"cumulative_vax_first_dose":62308824.0,"cumulative_vax_sec_dose":27594647.0,"cvc_count":null,"aefi_cases":5659.0,"vax_wastage":-7.0},{"date":"2021-11-27","total_vax_today":677930.0,"first_dose_today":213575.0,"second_dose_today":464355,"cumulative_vax":90581401.0,"cumulative_vax_first_dose":62522399.0,"cumulative_vax_sec_dose":28059002.0,"cvc_count":null,"aefi_cases":5687.0,"vax_wastage":-7.0},{"date":"2021-11-28","total_vax_today":534764.0,"first_dose_today":189919.0,"second_dose_today":344845,"cumulative_vax":91116165.0,"cumulative_vax_first_dose":62712318.0,"cumulative_vax_sec_dose":28403847.0,"cvc_count":null,"aefi_cases":5694.0,"vax_wastage":-7.0},{"date":"2021-11-29","total_vax_today":207559.0,"first_dose_today":99581.0,"second_dose_today":107978,"cumulative_vax":91323724.0,"cumulative_vax_first_dose":62811899.0,"cumulative_vax_sec_dose":28511825.0,"cvc_count":null,"aefi_cases":5696.0,"vax_wastage":-7.0},{"date":"2021-11-30","total_vax_today":639459.0,"first_dose_today":188898.0,"second_dose_today":450561,"cumulative_vax":91963183.0,"cumulative_vax_first_dose":63000797.0,"cumulative_vax_sec_dose":28962386.0,"cvc_count":null,"aefi_cases":5718.0,"vax_wastage":-7.0},{"date":"2021-12-01","total_vax_today":553323.0,"first_dose_today":160532.0,"second_dose_today":392791,"cumulative_vax":92516506.0,"cumulative_vax_first_dose":63161329.0,"cumulative_vax_sec_dose":29355177.0,"cvc_count":null,"aefi_cases":5733.0,"vax_wastage":-7.0},{"date":"2021-12-02","total_vax_today":313417.0,"first_dose_today":79700.0,"second_dose_today":233717,"cumulative_vax":92829923.0,"cumulative_vax_first_dose":63241029.0,"cumulative_vax_sec_dose":29588894.0,"cvc_count":null,"aefi_cases":5745.0,"vax_wastage":-7.0},{"date":"2021-12-03","total_vax_today":491547.0,"first_dose_today":106443.0,"second_dose_today":385104,"cumulative_vax":93321470.0,"cumulative_vax_first_dose":63347472.0,"cumulative_vax_sec_dose":29973998.0,"cvc_count":null,"aefi_cases":5750.0,"vax_wastage":-7.0},{"date":"2021-12-04","total_vax_today":528950.0,"first_dose_today":110198.0,"second_dose_today":418752,"cumulative_vax":93850420.0,"cumulative_vax_first_dose":63457670.0,"cumulative_vax_sec_dose":30392750.0,"cvc_count":null,"aefi_cases":5762.0,"vax_wastage":-7.0},{"date":"2021-12-05","total_vax_today":341625.0,"first_dose_today":65107.0,"second_dose_today":276518,"cumulative_vax":94192045.0,"cumulative_vax_first_dose":63522777.0,"cumulative_vax_sec_dose":30669268.0,"cvc_count":null,"aefi_cases":5781.0,"vax_wastage":-7.0},{"date":"2021-12-06","total_vax_today":75304.0,"first_dose_today":21075.0,"second_dose_today":54229,"cumulative_vax":94267349.0,"cumulative_vax_first_dose":63543852.0,"cumulative_vax_sec_dose":30723497.0,"cvc_count":null,"aefi_cases":5781.0,"vax_wastage":-7.0},{"date":"2021-12-07","total_vax_today":466328.0,"first_dose_today":68771.0,"second_dose_today":397557,"cumulative_vax":94733677.0,"cumulative_vax_first_dose":63612623.0,"cumulative_vax_sec_dose":31121054.0,"cvc_count":null,"aefi_cases":5788.0,"vax_wastage":-7.0},{"date":"2021-12-08","total_vax_today":448929.0,"first_dose_today":71798.0,"second_dose_today":377131,"cumulative_vax":95182606.0,"cumulative_vax_first_dose":63684421.0,"cumulative_vax_sec_dose":31498185.0,"cvc_count":null,"aefi_cases":5795.0,"vax_wastage":-7.0},{"date":"2021-12-09","total_vax_today":352989.0,"first_dose_today":57404.0,"second_dose_today":295585,"cumulative_vax":95535595.0,"cumulative_vax_first_dose":63741825.0,"cumulative_vax_sec_dose":31793770.0,"cvc_count":null,"aefi_cases":5821.0,"vax_wastage":-7.0},{"date":"2021-12-10","total_vax_today":234296.0,"first_dose_today":39511.0,"second_dose_today":194785,"cumulative_vax":95769891.0,"cumulative_vax_first_dose":63781336.0,"cumulative_vax_sec_dose":31988555.0,"cvc_count":null,"aefi_cases":5857.0,"vax_wastage":-7.0},{"date":"2021-12-11","total_vax_today":358605.0,"first_dose_today":52205.0,"second_dose_today":306400,"cumulative_vax":96128496.0,"cumulative_vax_first_dose":63833541.0,"cumulative_vax_sec_dose":32294955.0,"cvc_count":null,"aefi_cases":5867.0,"vax_wastage":-7.0},{"date":"2021-12-12","total_vax_today":383856.0,"first_dose_today":37202.0,"second_dose_today":346654,"cumulative_vax":96512352.0,"cumulative_vax_first_dose":63870743.0,"cumulative_vax_sec_dose":32641609.0,"cvc_count":null,"aefi_cases":5884.0,"vax_wastage":-7.0},{"date":"2021-12-13","total_vax_today":51164.0,"first_dose_today":6242.0,"second_dose_today":44922,"cumulative_vax":96563516.0,"cumulative_vax_first_dose":63876985.0,"cumulative_vax_sec_dose":32686531.0,"cvc_count":null,"aefi_cases":5884.0,"vax_wastage":-7.0},{"date":"2021-12-14","total_vax_today":573851.0,"first_dose_today":48537.0,"second_dose_today":525314,"cumulative_vax":97137367.0,"cumulative_vax_first_dose":63925522.0,"cumulative_vax_sec_dose":33211845.0,"cvc_count":null,"aefi_cases":5892.0,"vax_wastage":-7.0},{"date":"2021-12-15","total_vax_today":517276.0,"first_dose_today":40391.0,"second_dose_today":476885,"cumulative_vax":97654643.0,"cumulative_vax_first_dose":63965913.0,"cumulative_vax_sec_dose":33688730.0,"cvc_count":null,"aefi_cases":5911.0,"vax_wastage":-7.0},{"date":"2021-12-16","total_vax_today":424017.0,"first_dose_today":35008.0,"second_dose_today":389009,"cumulative_vax":98078660.0,"cumulative_vax_first_dose":64000921.0,"cumulative_vax_sec_dose":34077739.0,"cvc_count":null,"aefi_cases":5936.0,"vax_wastage":-7.0},{"date":"2021-12-17","total_vax_today":275504.0,"first_dose_today":27593.0,"second_dose_today":247911,"cumulative_vax":98354164.0,"cumulative_vax_first_dose":64028514.0,"cumulative_vax_sec_dose":34325650.0,"cvc_count":null,"aefi_cases":6035.0,"vax_wastage":-7.0},{"date":"2021-12-18","total_vax_today":572249.0,"first_dose_today":40957.0,"second_dose_today":531292,"cumulative_vax":98926413.0,"cumulative_vax_first_dose":64069471.0,"cumulative_vax_sec_dose":34856942.0,"cvc_count":null,"aefi_cases":6053.0,"vax_wastage":-7.0},{"date":"2021-12-19","total_vax_today":416275.0,"first_dose_today":30627.0,"second_dose_today":385648,"cumulative_vax":99342688.0,"cumulative_vax_first_dose":64100098.0,"cumulative_vax_sec_dose":35242590.0,"cvc_count":null,"aefi_cases":6058.0,"vax_wastage":-7.0},{"date":"2021-12-20","total_vax_today":65089.0,"first_dose_today":4584.0,"second_dose_today":60505,"cumulative_vax":99407777.0,"cumulative_vax_first_dose":64104682.0,"cumulative_vax_sec_dose":35303095.0,"cvc_count":null,"aefi_cases":6058.0,"vax_wastage":-7.0},{"date":"2021-12-21","total_vax_today":547483.0,"first_dose_today":38120.0,"second_dose_today":509363,"cumulative_vax":99955260.0,"cumulative_vax_first_dose":64142802.0,"cumulative_vax_sec_dose":35812458.0,"cvc_count":null,"aefi_cases":6074.0,"vax_wastage":-7.0},{"date":"2021-12-22","total_vax_today":424802.0,"first_dose_today":31801.0,"second_dose_today":393001,"cumulative_vax":100380062.0,"cumulative_vax_first_dose":64174603.0,"cumulative_vax_sec_dose":36205459.0,"cvc_count":null,"aefi_cases":6090.0,"vax_wastage":-7.0},{"date":"2021-12-23","total_vax_today":404655.0,"first_dose_today":28044.0,"second_dose_today":376611,"cumulative_vax":100784717.0,"cumulative_vax_first_dose":64202647.0,"cumulative_vax_sec_dose":36582070.0,"cvc_count":null,"aefi_cases":6095.0,"vax_wastage":-7.0},{"date":"2021-12-24","total_vax_today":288610.0,"first_dose_today":24525.0,"second_dose_today":264085,"cumulative_vax":101073327.0,"cumulative_vax_first_dose":64227172.0,"cumulative_vax_sec_dose":36846155.0,"cvc_count":null,"aefi_cases":6115.0,"vax_wastage":-7.0},{"date":"2021-12-25","total_vax_today":499681.0,"first_dose_today":35461.0,"second_dose_today":464220,"cumulative_vax":101573008.0,"cumulative_vax_first_dose":64262633.0,"cumulative_vax_sec_dose":37310375.0,"cvc_count":null,"aefi_cases":6130.0,"vax_wastage":-7.0},{"date":"2021-12-26","total_vax_today":31430.0,"first_dose_today":2442.0,"second_dose_today":28988,"cumulative_vax":101604438.0,"cumulative_vax_first_dose":64265075.0,"cumulative_vax_sec_dose":37339363.0,"cvc_count":null,"aefi_cases":6130.0,"vax_wastage":-7.0},{"date":"2021-12-27","total_vax_today":32859.0,"first_dose_today":2676.0,"second_dose_today":30183,"cumulative_vax":101637297.0,"cumulative_vax_first_dose":64267751.0,"cumulative_vax_sec_dose":37369546.0,"cvc_count":null,"aefi_cases":6136.0,"vax_wastage":-7.0},{"date":"2021-12-28","total_vax_today":510543.0,"first_dose_today":35761.0,"second_dose_today":474782,"cumulative_vax":102147840.0,"cumulative_vax_first_dose":64303512.0,"cumulative_vax_sec_dose":37844328.0,"cvc_count":null,"aefi_cases":6148.0,"vax_wastage":-7.0},{"date":"2021-12-29","total_vax_today":489578.0,"first_dose_today":33246.0,"second_dose_today":456332,"cumulative_vax":102637418.0,"cumulative_vax_first_dose":64336758.0,"cumulative_vax_sec_dose":38300660.0,"cvc_count":null,"aefi_cases":6160.0,"vax_wastage":-7.0},{"date":"2021-12-30","total_vax_today":421441.0,"first_dose_today":27256.0,"second_dose_today":394185,"cumulative_vax":103058859.0,"cumulative_vax_first_dose":64364014.0,"cumulative_vax_sec_dose":38694845.0,"cvc_count":null,"aefi_cases":6168.0,"vax_wastage":-7.0},{"date":"2021-12-31","total_vax_today":494298.0,"first_dose_today":29586.0,"second_dose_today":464712,"cumulative_vax":103553157.0,"cumulative_vax_first_dose":64393600.0,"cumulative_vax_sec_dose":39159557.0,"cvc_count":null,"aefi_cases":6176.0,"vax_wastage":-7.0},{"date":"2022-01-01","total_vax_today":585808.0,"first_dose_today":32936.0,"second_dose_today":552872,"cumulative_vax":104138965.0,"cumulative_vax_first_dose":64426536.0,"cumulative_vax_sec_dose":39712429.0,"cvc_count":null,"aefi_cases":6182.0,"vax_wastage":-7.0},{"date":"2022-01-02","total_vax_today":101363.0,"first_dose_today":4679.0,"second_dose_today":96684,"cumulative_vax":104240328.0,"cumulative_vax_first_dose":64431215.0,"cumulative_vax_sec_dose":39809113.0,"cvc_count":null,"aefi_cases":6182.0,"vax_wastage":-7.0},{"date":"2022-01-03","total_vax_today":52548.0,"first_dose_today":3540.0,"second_dose_today":49008,"cumulative_vax":104292876.0,"cumulative_vax_first_dose":64434755.0,"cumulative_vax_sec_dose":39858121.0,"cvc_count":null,"aefi_cases":6184.0,"vax_wastage":-7.0},{"date":"2022-01-04","total_vax_today":849781.0,"first_dose_today":200407.0,"second_dose_today":649374,"cumulative_vax":105142657.0,"cumulative_vax_first_dose":64635162.0,"cumulative_vax_sec_dose":40507495.0,"cvc_count":null,"aefi_cases":6241.0,"vax_wastage":-7.0},{"date":"2022-01-05","total_vax_today":865732.0,"first_dose_today":284229.0,"second_dose_today":581503,"cumulative_vax":106008389.0,"cumulative_vax_first_dose":64919391.0,"cumulative_vax_sec_dose":41088998.0,"cvc_count":null,"aefi_cases":6289.0,"vax_wastage":-7.0},{"date":"2022-01-06","total_vax_today":494726.0,"first_dose_today":260731.0,"second_dose_today":233995,"cumulative_vax":106503115.0,"cumulative_vax_first_dose":65180122.0,"cumulative_vax_sec_dose":41322993.0,"cvc_count":null,"aefi_cases":6350.0,"vax_wastage":-7.0},{"date":"2022-01-07","total_vax_today":762867.0,"first_dose_today":406008.0,"second_dose_today":356859,"cumulative_vax":107265982.0,"cumulative_vax_first_dose":65586130.0,"cumulative_vax_sec_dose":41679852.0,"cvc_count":null,"aefi_cases":6442.0,"vax_wastage":-7.0},{"date":"2022-01-08","total_vax_today":864463.0,"first_dose_today":439379.0,"second_dose_today":425084,"cumulative_vax":108130445.0,"cumulative_vax_first_dose":66025509.0,"cumulative_vax_sec_dose":42104936.0,"cvc_count":null,"aefi_cases":6468.0,"vax_wastage":-7.0},{"date":"2022-01-09","total_vax_today":621878.0,"first_dose_today":345104.0,"second_dose_today":276774,"cumulative_vax":108752323.0,"cumulative_vax_first_dose":66370613.0,"cumulative_vax_sec_dose":42381710.0,"cvc_count":null,"aefi_cases":6513.0,"vax_wastage":-7.0},{"date":"2022-01-10","total_vax_today":68203.0,"first_dose_today":30329.0,"second_dose_today":37874,"cumulative_vax":108820526.0,"cumulative_vax_first_dose":66400942.0,"cumulative_vax_sec_dose":42419584.0,"cvc_count":null,"aefi_cases":6535.0,"vax_wastage":-7.0},{"date":"2022-01-11","total_vax_today":979560.0,"first_dose_today":381985.0,"second_dose_today":562330,"cumulative_vax":109800086.0,"cumulative_vax_first_dose":66782927.0,"cumulative_vax_sec_dose":42981914.0,"cvc_count":null,"aefi_cases":6551.0,"vax_wastage":-7.0},{"date":"2022-01-12","total_vax_today":864725.0,"first_dose_today":344188.0,"second_dose_today":471270,"cumulative_vax":110664811.0,"cumulative_vax_first_dose":67127115.0,"cumulative_vax_sec_dose":43453184.0,"cvc_count":null,"aefi_cases":6562.0,"vax_wastage":-7.0},{"date":"2022-01-13","total_vax_today":485823.0,"first_dose_today":138745.0,"second_dose_today":308613,"cumulative_vax":111150634.0,"cumulative_vax_first_dose":67265860.0,"cumulative_vax_sec_dose":43761797.0,"cvc_count":null,"aefi_cases":6572.0,"vax_wastage":-7.0},{"date":"2022-01-14","total_vax_today":476303.0,"first_dose_today":194423.0,"second_dose_today":242043,"cumulative_vax":111626937.0,"cumulative_vax_first_dose":67460283.0,"cumulative_vax_sec_dose":44003840.0,"cvc_count":null,"aefi_cases":6586.0,"vax_wastage":-7.0},{"date":"2022-01-15","total_vax_today":658382.0,"first_dose_today":184559.0,"second_dose_today":430219,"cumulative_vax":112285319.0,"cumulative_vax_first_dose":67644842.0,"cumulative_vax_sec_dose":44434059.0,"cvc_count":null,"aefi_cases":6589.0,"vax_wastage":-7.0},{"date":"2022-01-16","total_vax_today":609305.0,"first_dose_today":160381.0,"second_dose_today":408706,"cumulative_vax":112894624.0,"cumulative_vax_first_dose":67805223.0,"cumulative_vax_sec_dose":44842765.0,"cvc_count":null,"aefi_cases":6602.0,"vax_wastage":-7.0},{"date":"2022-01-17","total_vax_today":76503.0,"first_dose_today":20862.0,"second_dose_today":50524,"cumulative_vax":112971127.0,"cumulative_vax_first_dose":67826085.0,"cumulative_vax_sec_dose":44893289.0,"cvc_count":null,"aefi_cases":6602.0,"vax_wastage":-7.0},{"date":"2022-01-18","total_vax_today":889554.0,"first_dose_today":180248.0,"second_dose_today":646562,"cumulative_vax":113860681.0,"cumulative_vax_first_dose":68006333.0,"cumulative_vax_sec_dose":45539851.0,"cvc_count":null,"aefi_cases":6609.0,"vax_wastage":-7.0},{"date":"2022-01-19","total_vax_today":759748.0,"first_dose_today":163899.0,"second_dose_today":539353,"cumulative_vax":114620429.0,"cumulative_vax_first_dose":68170232.0,"cumulative_vax_sec_dose":46079204.0,"cvc_count":null,"aefi_cases":6629.0,"vax_wastage":-7.0},{"date":"2022-01-20","total_vax_today":588175.0,"first_dose_today":131007.0,"second_dose_today":405093,"cumulative_vax":115208604.0,"cumulative_vax_first_dose":68301239.0,"cumulative_vax_sec_dose":46484297.0,"cvc_count":null,"aefi_cases":6636.0,"vax_wastage":-7.0},{"date":"2022-01-21","total_vax_today":407484.0,"first_dose_today":94548.0,"second_dose_today":268582,"cumulative_vax":115616088.0,"cumulative_vax_first_dose":68395787.0,"cumulative_vax_sec_dose":46752879.0,"cvc_count":null,"aefi_cases":6643.0,"vax_wastage":-7.0},{"date":"2022-01-22","total_vax_today":748146.0,"first_dose_today":117509.0,"second_dose_today":572148,"cumulative_vax":116364234.0,"cumulative_vax_first_dose":68513296.0,"cumulative_vax_sec_dose":47325027.0,"cvc_count":null,"aefi_cases":6643.0,"vax_wastage":-7.0},{"date":"2022-01-23","total_vax_today":489922.0,"first_dose_today":82502.0,"second_dose_today":370925,"cumulative_vax":116854156.0,"cumulative_vax_first_dose":68595798.0,"cumulative_vax_sec_dose":47695952.0,"cvc_count":null,"aefi_cases":6668.0,"vax_wastage":-7.0},{"date":"2022-01-24","total_vax_today":61929.0,"first_dose_today":4896.0,"second_dose_today":52524,"cumulative_vax":116916085.0,"cumulative_vax_first_dose":68600694.0,"cumulative_vax_sec_dose":47748476.0,"cvc_count":null,"aefi_cases":6671.0,"vax_wastage":-7.0},{"date":"2022-01-25","total_vax_today":724474.0,"first_dose_today":83021.0,"second_dose_today":582455,"cumulative_vax":117640559.0,"cumulative_vax_first_dose":68683715.0,"cumulative_vax_sec_dose":48330931.0,"cvc_count":null,"aefi_cases":6680.0,"vax_wastage":-7.0}]