[{"date":"2020-09-03","trains":41,"passengers":34230,"negative_cases":33802,"positive_cases":428},{"date":"2020-09-04","trains":41,"passengers":34230,"negative_cases":33802,"positive_cases":428},{"date":"2020-09-07","trains":42,"passengers":35374,"negative_cases":34946,"positive_cases":428},{"date":"2020-09-09","trains":42,"passengers":35374,"negative_cases":34946,"positive_cases":428},{"date":"2020-09-10","trains":42,"passengers":35374,"negative_cases":34946,"positive_cases":428},{"date":"2020-09-11","trains":42,"passengers":35374,"negative_cases":34946,"positive_cases":428},{"date":"2020-09-12","trains":42,"passengers":35374,"negative_cases":34946,"positive_cases":428},{"date":"2020-09-14","trains":42,"passengers":35374,"negative_cases":34946,"positive_cases":428},{"date":"2020-09-15","trains":42,"passengers":35374,"negative_cases":34946,"positive_cases":428},{"date":"2020-09-16","trains":42,"passengers":35374,"negative_cases":34946,"positive_cases":428},{"date":"2020-09-17","trains":42,"passengers":35374,"negative_cases":34946,"positive_cases":428},{"date":"2020-09-18","trains":42,"passengers":35374,"negative_cases":34946,"positive_cases":428},{"date":"2020-09-20","trains":42,"passengers":35374,"negative_cases":34946,"positive_cases":428},{"date":"2020-09-21","trains":42,"passengers":35374,"negative_cases":34946,"positive_cases":428},{"date":"2020-09-22","trains":42,"passengers":35374,"negative_cases":34946,"positive_cases":428},{"date":"2020-09-23","trains":42,"passengers":35374,"negative_cases":34946,"positive_cases":428},{"date":"2020-09-24","trains":42,"passengers":35374,"negative_cases":34946,"positive_cases":428},{"date":"2020-09-25","trains":42,"passengers":35374,"negative_cases":34946,"positive_cases":428},{"date":"2020-09-27","trains":42,"passengers":35374,"negative_cases":34946,"positive_cases":428},{"date":"2020-09-28","trains":42,"passengers":35374,"negative_cases":34946,"positive_cases":428},{"date":"2020-09-29","trains":42,"passengers":35374,"negative_cases":34946,"positive_cases":428},{"date":"2020-09-30","trains":42,"passengers":35374,"negative_cases":34946,"positive_cases":428},{"date":"2020-10-01","trains":42,"passengers":35374,"negative_cases":34946,"positive_cases":428},{"date":"2020-10-02","trains":42,"passengers":35374,"negative_cases":34946,"positive_cases":428},{"date":"2020-10-03","trains":42,"passengers":35374,"negative_cases":34946,"positive_cases":428},{"date":"2020-10-04","trains":42,"passengers":35374,"negative_cases":34946,"positive_cases":428},{"date":"2020-10-05","trains":42,"passengers":35374,"negative_cases":34946,"positive_cases":428},{"date":"2020-10-06","trains":42,"passengers":35374,"negative_cases":34946,"positive_cases":428},{"date":"2020-10-07","trains":42,"passengers":35374,"negative_cases":34946,"positive_cases":428},{"date":"2020-10-08","trains":42,"passengers":35374,"negative_cases":34946,"positive_cases":428},{"date":"2020-10-09","trains":42,"passengers":35374,"negative_cases":34946,"positive_cases":428},{"date":"2020-10-11","trains":42,"passengers":35374,"negative_cases":34946,"positive_cases":428},{"date":"2020-10-12","trains":42,"passengers":35374,"negative_cases":34946,"positive_cases":428},{"date":"2020-10-13","trains":42,"passengers":35374,"negative_cases":34946,"positive_cases":428},{"date":"2020-10-14","trains":42,"passengers":35374,"negative_cases":34946,"positive_cases":428},{"date":"2020-10-15","trains":42,"passengers":35374,"negative_cases":34946,"positive_cases":428},{"date":"2020-10-16","trains":42,"passengers":35374,"negative_cases":34946,"positive_cases":428},{"date":"2020-10-17","trains":42,"passengers":35374,"negative_cases":34946,"positive_cases":428},{"date":"2020-10-18","trains":42,"passengers":35374,"negative_cases":34946,"positive_cases":428},{"date":"2020-10-19","trains":42,"passengers":35374,"negative_cases":34946,"positive_cases":428},{"date":"2020-10-20","trains":42,"passengers":35374,"negative_cases":34946,"positive_cases":428},{"date":"2020-10-22","trains":42,"passengers":35374,"negative_cases":34946,"positive_cases":428},{"date":"2020-10-23","trains":42,"passengers":35374,"negative_cases":34946,"positive_cases":428},{"date":"2020-10-24","trains":42,"passengers":35374,"negative_cases":34946,"positive_cases":428},{"date":"2020-10-25","trains":42,"passengers":35374,"negative_cases":34946,"positive_cases":428},{"date":"2020-10-26","trains":42,"passengers":35374,"negative_cases":34946,"positive_cases":428},{"date":"2020-10-27","trains":42,"passengers":35374,"negative_cases":34946,"positive_cases":428},{"date":"2020-10-28","trains":42,"passengers":35374,"negative_cases":34946,"positive_cases":428},{"date":"2020-10-29","trains":42,"passengers":35374,"negative_cases":34946,"positive_cases":428},{"date":"2020-10-30","trains":42,"passengers":35374,"negative_cases":34946,"positive_cases":428},{"date":"2020-10-31","trains":42,"passengers":35374,"negative_cases":34946,"positive_cases":428},{"date":"2020-11-01","trains":42,"passengers":35374,"negative_cases":34946,"positive_cases":428},{"date":"2020-11-02","trains":42,"passengers":35374,"negative_cases":34946,"positive_cases":428},{"date":"2020-11-03","trains":42,"passengers":35374,"negative_cases":34946,"positive_cases":428},{"date":"2020-11-04","trains":42,"passengers":35374,"negative_cases":34946,"positive_cases":428},{"date":"2020-11-05","trains":42,"passengers":35374,"negative_cases":34946,"positive_cases":428},{"date":"2020-11-06","trains":42,"passengers":35374,"negative_cases":34946,"positive_cases":428},{"date":"2020-11-07","trains":42,"passengers":35374,"negative_cases":34946,"positive_cases":428},{"date":"2020-11-08","trains":42,"passengers":35374,"negative_cases":34946,"positive_cases":428},{"date":"2020-11-09","trains":42,"passengers":35374,"negative_cases":34946,"positive_cases":428},{"date":"2020-11-10","trains":42,"passengers":35374,"negative_cases":34946,"positive_cases":428},{"date":"2020-11-11","trains":42,"passengers":35374,"negative_cases":34946,"positive_cases":428},{"date":"2020-11-12","trains":42,"passengers":35374,"negative_cases":34946,"positive_cases":428},{"date":"2020-11-13","trains":42,"passengers":35374,"negative_cases":34946,"positive_cases":428},{"date":"2020-11-16","trains":42,"passengers":35374,"negative_cases":34946,"positive_cases":428},{"date":"2020-11-17","trains":42,"passengers":35374,"negative_cases":34946,"positive_cases":428},{"date":"2020-11-18","trains":42,"passengers":35374,"negative_cases":34946,"positive_cases":428},{"date":"2020-11-19","trains":42,"passengers":35374,"negative_cases":34946,"positive_cases":428},{"date":"2020-11-20","trains":42,"passengers":35374,"negative_cases":34946,"positive_cases":428},{"date":"2020-11-21","trains":42,"passengers":35374,"negative_cases":34946,"positive_cases":428},{"date":"2020-11-22","trains":42,"passengers":35374,"negative_cases":34946,"positive_cases":428},{"date":"2020-11-23","trains":42,"passengers":35374,"negative_cases":34946,"positive_cases":428},{"date":"2020-11-24","trains":42,"passengers":35374,"negative_cases":34946,"positive_cases":428},{"date":"2020-11-25","trains":42,"passengers":35374,"negative_cases":34946,"positive_cases":428},{"date":"2020-11-26","trains":42,"passengers":35374,"negative_cases":34946,"positive_cases":428},{"date":"2020-11-27","trains":42,"passengers":35374,"negative_cases":34946,"positive_cases":428},{"date":"2020-11-28","trains":42,"passengers":35374,"negative_cases":34946,"positive_cases":428},{"date":"2020-11-29","trains":42,"passengers":35374,"negative_cases":34946,"positive_cases":428},{"date":"2020-12-01","trains":42,"passengers":35374,"negative_cases":34946,"positive_cases":428},{"date":"2020-12-02","trains":42,"passengers":35374,"negative_cases":34946,"positive_cases":428},{"date":"2020-12-03","trains":42,"passengers":35374,"negative_cases":34946,"positive_cases":428},{"date":"2020-12-05","trains":42,"passengers":35374,"negative_cases":34946,"positive_cases":428},{"date":"2020-12-06","trains":42,"passengers":35374,"negative_cases":34946,"positive_cases":428},{"date":"2020-12-07","trains":42,"passengers":35374,"negative_cases":34946,"positive_cases":428},{"date":"2020-12-08","trains":42,"passengers":35374,"negative_cases":34946,"positive_cases":428},{"date":"2020-12-09","trains":42,"passengers":35374,"negative_cases":34946,"positive_cases":428},{"date":"2020-12-10","trains":42,"passengers":35374,"negative_cases":34946,"positive_cases":428},{"date":"2020-12-11","trains":42,"passengers":35374,"negative_cases":34946,"positive_cases":428},{"date":"2020-12-12","trains":42,"passengers":35374,"negative_cases":34946,"positive_cases":428},{"date":"2020-12-13","trains":42,"passengers":35374,"negative_cases":34946,"positive_cases":428},{"date":"2020-12-14","trains":42,"passengers":35374,"negative_cases":34946,"positive_cases":428},{"date":"2020-12-15","trains":42,"passengers":35374,"negative_cases":34946,"positive_cases":428},{"date":"2020-12-17","trains":42,"passengers":35374,"negative_cases":34946,"positive_cases":428},{"date":"2020-12-18","trains":42,"passengers":35374,"negative_cases":34946,"positive_cases":428},{"date":"2020-12-19","trains":42,"passengers":35374,"negative_cases":34946,"positive_cases":428},{"date":"2020-12-20","trains":42,"passengers":35374,"negative_cases":34946,"positive_cases":428},{"date":"2020-12-21","trains":42,"passengers":35374,"negative_cases":34946,"positive_cases":428},{"date":"2020-12-22","trains":42,"passengers":35374,"negative_cases":34946,"positive_cases":428},{"date":"2020-12-23","trains":42,"passengers":35374,"negative_cases":34946,"positive_cases":428},{"date":"2020-12-24","trains":42,"passengers":35374,"negative_cases":34946,"positive_cases":428},{"date":"2020-12-25","trains":42,"passengers":35374,"negative_cases":34946,"positive_cases":428},{"date":"2020-12-26","trains":42,"passengers":35374,"negative_cases":34946,"positive_cases":428},{"date":"2020-12-27","trains":42,"passengers":35374,"negative_cases":34946,"positive_cases":428},{"date":"2020-12-28","trains":42,"passengers":35374,"negative_cases":34946,"positive_cases":428},{"date":"2020-12-29","trains":42,"passengers":35374,"negative_cases":34946,"positive_cases":428},{"date":"2020-12-30","trains":42,"passengers":35374,"negative_cases":34946,"positive_cases":428},{"date":"2020-12-31","trains":42,"passengers":35374,"negative_cases":34946,"positive_cases":428},{"date":"2021-01-01","trains":42,"passengers":35374,"negative_cases":34946,"positive_cases":428},{"date":"2021-01-03","trains":42,"passengers":35374,"negative_cases":34946,"positive_cases":428},{"date":"2021-01-04","trains":42,"passengers":35374,"negative_cases":34946,"positive_cases":428},{"date":"2021-01-06","trains":42,"passengers":35374,"negative_cases":34946,"positive_cases":428},{"date":"2021-01-07","trains":42,"passengers":35374,"negative_cases":34946,"positive_cases":428},{"date":"2021-01-08","trains":42,"passengers":35374,"negative_cases":34946,"positive_cases":428},{"date":"2021-01-09","trains":42,"passengers":35374,"negative_cases":34946,"positive_cases":428},{"date":"2021-01-10","trains":42,"passengers":35374,"negative_cases":34946,"positive_cases":428},{"date":"2021-01-11","trains":42,"passengers":35374,"negative_cases":34946,"positive_cases":428},{"date":"2021-01-12","trains":42,"passengers":35374,"negative_cases":34946,"positive_cases":428},{"date":"2021-01-13","trains":42,"passengers":35374,"negative_cases":34946,"positive_cases":428},{"date":"2021-01-14","trains":42,"passengers":35374,"negative_cases":34946,"positive_cases":428},{"date":"2021-01-15","trains":42,"passengers":35374,"negative_cases":34946,"positive_cases":428},{"date":"2021-01-16","trains":42,"passengers":35374,"negative_cases":34946,"positive_cases":428},{"date":"2021-01-17","trains":42,"passengers":35374,"negative_cases":34946,"positive_cases":428},{"date":"2021-01-19","trains":42,"passengers":35374,"negative_cases":34946,"positive_cases":428},{"date":"2021-01-21","trains":42,"passengers":35374,"negative_cases":34946,"positive_cases":428},{"date":"2021-01-22","trains":42,"passengers":35374,"negative_cases":34946,"positive_cases":428},{"date":"2021-01-23","trains":42,"passengers":35374,"negative_cases":34946,"positive_cases":428},{"date":"2021-01-24","trains":42,"passengers":35374,"negative_cases":34946,"positive_cases":428},{"date":"2021-01-25","trains":42,"passengers":35374,"negative_cases":34946,"positive_cases":428},{"date":"2021-01-26","trains":42,"passengers":35374,"negative_cases":34946,"positive_cases":428},{"date":"2021-01-27","trains":42,"passengers":35374,"negative_cases":34946,"positive_cases":428},{"date":"2021-01-28","trains":42,"passengers":35374,"negative_cases":34946,"positive_cases":428},{"date":"2021-01-29","trains":42,"passengers":35374,"negative_cases":34946,"positive_cases":428},{"date":"2021-01-31","trains":42,"passengers":35374,"negative_cases":34946,"positive_cases":428},{"date":"2021-02-01","trains":42,"passengers":35374,"negative_cases":34946,"positive_cases":428},{"date":"2021-02-02","trains":42,"passengers":35374,"negative_cases":34946,"positive_cases":428},{"date":"2021-02-03","trains":42,"passengers":35374,"negative_cases":34946,"positive_cases":428},{"date":"2021-02-04","trains":42,"passengers":35374,"negative_cases":34946,"positive_cases":428},{"date":"2021-02-05","trains":42,"passengers":35374,"negative_cases":34946,"positive_cases":428},{"date":"2021-02-06","trains":42,"passengers":35374,"negative_cases":34946,"positive_cases":428},{"date":"2021-02-07","trains":42,"passengers":35374,"negative_cases":34946,"positive_cases":428},{"date":"2021-02-08","trains":42,"passengers":35374,"negative_cases":34946,"positive_cases":428},{"date":"2021-02-09","trains":42,"passengers":35374,"negative_cases":34946,"positive_cases":428},{"date":"2021-02-10","trains":42,"passengers":35374,"negative_cases":34946,"positive_cases":428},{"date":"2021-02-11","trains":42,"passengers":35374,"negative_cases":34946,"positive_cases":428},{"date":"2021-02-12","trains":42,"passengers":35374,"negative_cases":34946,"positive_cases":428},{"date":"2021-02-13","trains":42,"passengers":35374,"negative_cases":34946,"positive_cases":428},{"date":"2021-02-14","trains":42,"passengers":35374,"negative_cases":34946,"positive_cases":428},{"date":"2021-02-15","trains":42,"passengers":35374,"negative_cases":34946,"positive_cases":428},{"date":"2021-02-16","trains":42,"passengers":35374,"negative_cases":34946,"positive_cases":428},{"date":"2021-02-17","trains":42,"passengers":35374,"negative_cases":34946,"positive_cases":428},{"date":"2021-02-18","trains":42,"passengers":35374,"negative_cases":34946,"positive_cases":428},{"date":"2021-02-19","trains":42,"passengers":35374,"negative_cases":34946,"positive_cases":428},{"date":"2021-02-21","trains":42,"passengers":35374,"negative_cases":34946,"positive_cases":428},{"date":"2021-02-22","trains":42,"passengers":35374,"negative_cases":34946,"positive_cases":428},{"date":"2021-02-23","trains":42,"passengers":35374,"negative_cases":34946,"positive_cases":428},{"date":"2021-02-24","trains":42,"passengers":35374,"negative_cases":34946,"positive_cases":428},{"date":"2021-02-25","trains":42,"passengers":35374,"negative_cases":34946,"positive_cases":428},{"date":"2021-02-26","trains":42,"passengers":35374,"negative_cases":34946,"positive_cases":428},{"date":"2021-02-27","trains":42,"passengers":35374,"negative_cases":34946,"positive_cases":428},{"date":"2021-02-28","trains":42,"passengers":35374,"negative_cases":34946,"positive_cases":428},{"date":"2021-03-02","trains":42,"passengers":35374,"negative_cases":34946,"positive_cases":428},{"date":"2021-03-03","trains":42,"passengers":35374,"negative_cases":34946,"positive_cases":428},{"date":"2021-03-04","trains":42,"passengers":35374,"negative_cases":34946,"positive_cases":428},{"date":"2021-03-05","trains":42,"passengers":35374,"negative_cases":34946,"positive_cases":428},{"date":"2021-03-06","trains":42,"passengers":35374,"negative_cases":34946,"positive_cases":428},{"date":"2021-03-07","trains":42,"passengers":35374,"negative_cases":34946,"positive_cases":428},{"date":"2021-03-08","trains":42,"passengers":35374,"negative_cases":34946,"positive_cases":428},{"date":"2021-03-09","trains":42,"passengers":35374,"negative_cases":34946,"positive_cases":428},{"date":"2021-03-10","trains":42,"passengers":35374,"negative_cases":34946,"positive_cases":428},{"date":"2021-03-11","trains":42,"passengers":35374,"negative_cases":34946,"positive_cases":428},{"date":"2021-03-12","trains":42,"passengers":35374,"negative_cases":34946,"positive_cases":428},{"date":"2021-03-13","trains":42,"passengers":35374,"negative_cases":34946,"positive_cases":428},{"date":"2021-03-14","trains":42,"passengers":35374,"negative_cases":34946,"positive_cases":428},{"date":"2021-03-15","trains":42,"passengers":35374,"negative_cases":34946,"positive_cases":428},{"date":"2021-03-16","trains":42,"passengers":35374,"negative_cases":34946,"positive_cases":428},{"date":"2021-03-17","trains":42,"passengers":35374,"negative_cases":34946,"positive_cases":428},{"date":"2021-03-18","trains":42,"passengers":35374,"negative_cases":34946,"positive_cases":428},{"date":"2021-03-19","trains":42,"passengers":35374,"negative_cases":34946,"positive_cases":428},{"date":"2021-03-20","trains":42,"passengers":35374,"negative_cases":34946,"positive_cases":428},{"date":"2021-03-21","trains":42,"passengers":35374,"negative_cases":34946,"positive_cases":428},{"date":"2021-03-22","trains":42,"passengers":35374,"negative_cases":34946,"positive_cases":428},{"date":"2021-03-23","trains":42,"passengers":35374,"negative_cases":34946,"positive_cases":428},{"date":"2021-03-24","trains":42,"passengers":35374,"negative_cases":34946,"positive_cases":428},{"date":"2021-03-25","trains":42,"passengers":35374,"negative_cases":34946,"positive_cases":428},{"date":"2021-03-26","trains":42,"passengers":35374,"negative_cases":34946,"positive_cases":428},{"date":"2021-03-27","trains":42,"passengers":35374,"negative_cases":34946,"positive_cases":428},{"date":"2021-03-28","trains":42,"passengers":35374,"negative_cases":34946,"positive_cases":428},{"date":"2021-03-29","trains":42,"passengers":35374,"negative_cases":34946,"positive_cases":428},{"date":"2021-03-30","trains":42,"passengers":35374,"negative_cases":34946,"positive_cases":428},{"date":"2021-03-31","trains":42,"passengers":35374,"negative_cases":34946,"positive_cases":428},{"date":"2021-04-01","trains":42,"passengers":35374,"negative_cases":34946,"positive_cases":428},{"date":"2021-04-02","trains":42,"passengers":35374,"negative_cases":34946,"positive_cases":428},{"date":"2021-04-03","trains":42,"passengers":35374,"negative_cases":34946,"positive_cases":428},{"date":"2021-04-04","trains":42,"passengers":35374,"negative_cases":34946,"positive_cases":428},{"date":"2021-04-05","trains":42,"passengers":35374,"negative_cases":34946,"positive_cases":428},{"date":"2021-04-06","trains":42,"passengers":35374,"negative_cases":34946,"positive_cases":428},{"date":"2021-04-07","trains":42,"passengers":35374,"negative_cases":34946,"positive_cases":428},{"date":"2021-04-08","trains":42,"passengers":35374,"negative_cases":34946,"positive_cases":428},{"date":"2021-04-09","trains":42,"passengers":35374,"negative_cases":34946,"positive_cases":428},{"date":"2021-04-10","trains":42,"passengers":35374,"negative_cases":34946,"positive_cases":428},{"date":"2021-04-11","trains":42,"passengers":35374,"negative_cases":34946,"positive_cases":428},{"date":"2021-04-12","trains":42,"passengers":35374,"negative_cases":34946,"positive_cases":428},{"date":"2021-04-13","trains":42,"passengers":35374,"negative_cases":34946,"positive_cases":428},{"date":"2021-04-14","trains":42,"passengers":35374,"negative_cases":34946,"positive_cases":428},{"date":"2021-04-15","trains":42,"passengers":35374,"negative_cases":34946,"positive_cases":428},{"date":"2021-04-18","trains":42,"passengers":35374,"negative_cases":34946,"positive_cases":428},{"date":"2021-04-19","trains":42,"passengers":35374,"negative_cases":34946,"positive_cases":428},{"date":"2021-04-20","trains":42,"passengers":35374,"negative_cases":34946,"positive_cases":428},{"date":"2021-04-21","trains":42,"passengers":35374,"negative_cases":34946,"positive_cases":428},{"date":"2021-04-22","trains":42,"passengers":35374,"negative_cases":34946,"positive_cases":428},{"date":"2021-04-23","trains":42,"passengers":35374,"negative_cases":34946,"positive_cases":428},{"date":"2021-04-24","trains":42,"passengers":35374,"negative_cases":34946,"positive_cases":428},{"date":"2021-04-25","trains":42,"passengers":35374,"negative_cases":34946,"positive_cases":428},{"date":"2021-04-26","trains":42,"passengers":35374,"negative_cases":34946,"positive_cases":428},{"date":"2021-04-27","trains":42,"passengers":35374,"negative_cases":34946,"positive_cases":428},{"date":"2021-04-28","trains":42,"passengers":35374,"negative_cases":34946,"positive_cases":428},{"date":"2021-04-30","trains":42,"passengers":35374,"negative_cases":34946,"positive_cases":428},{"date":"2021-05-01","trains":42,"passengers":35374,"negative_cases":34946,"positive_cases":428},{"date":"2021-05-02","trains":42,"passengers":35374,"negative_cases":34946,"positive_cases":428},{"date":"2021-05-03","trains":42,"passengers":35374,"negative_cases":34946,"positive_cases":428},{"date":"2021-05-04","trains":42,"passengers":35374,"negative_cases":34946,"positive_cases":428},{"date":"2021-05-05","trains":42,"passengers":35374,"negative_cases":34946,"positive_cases":428},{"date":"2021-05-06","trains":42,"passengers":35374,"negative_cases":34946,"positive_cases":428},{"date":"2021-05-07","trains":42,"passengers":35374,"negative_cases":34946,"positive_cases":428},{"date":"2021-05-08","trains":42,"passengers":35374,"negative_cases":34946,"positive_cases":428},{"date":"2021-05-10","trains":42,"passengers":35374,"negative_cases":34946,"positive_cases":428},{"date":"2021-05-11","trains":42,"passengers":35374,"negative_cases":34946,"positive_cases":428},{"date":"2021-05-12","trains":42,"passengers":35374,"negative_cases":34946,"positive_cases":428},{"date":"2021-05-14","trains":42,"passengers":35374,"negative_cases":34946,"positive_cases":428},{"date":"2021-05-15","trains":42,"passengers":35374,"negative_cases":34946,"positive_cases":428},{"date":"2021-05-16","trains":42,"passengers":35374,"negative_cases":34946,"positive_cases":428},{"date":"2021-05-17","trains":42,"passengers":35374,"negative_cases":34946,"positive_cases":428},{"date":"2021-05-18","trains":42,"passengers":35374,"negative_cases":34946,"positive_cases":428},{"date":"2021-05-20","trains":42,"passengers":35374,"negative_cases":34946,"positive_cases":428},{"date":"2021-05-21","trains":42,"passengers":35374,"negative_cases":34946,"positive_cases":428},{"date":"2021-05-22","trains":42,"passengers":35374,"negative_cases":34946,"positive_cases":428},{"date":"2021-05-23","trains":42,"passengers":35374,"negative_cases":34946,"positive_cases":428},{"date":"2021-05-24","trains":42,"passengers":35374,"negative_cases":34946,"positive_cases":428},{"date":"2021-05-26","trains":42,"passengers":35374,"negative_cases":34946,"positive_cases":428},{"date":"2021-05-27","trains":42,"passengers":35374,"negative_cases":34946,"positive_cases":428},{"date":"2021-05-30","trains":42,"passengers":35374,"negative_cases":34946,"positive_cases":428},{"date":"2021-06-02","trains":42,"passengers":35374,"negative_cases":34946,"positive_cases":428},{"date":"2021-06-03","trains":42,"passengers":35374,"negative_cases":34946,"positive_cases":428},{"date":"2021-06-04","trains":42,"passengers":35374,"negative_cases":34946,"positive_cases":428},{"date":"2021-06-05","trains":42,"passengers":35374,"negative_cases":34946,"positive_cases":428},{"date":"2021-06-06","trains":42,"passengers":35374,"negative_cases":34946,"positive_cases":428},{"date":"2021-06-07","trains":42,"passengers":35374,"negative_cases":34946,"positive_cases":428},{"date":"2021-06-08","trains":42,"passengers":35374,"negative_cases":34946,"positive_cases":428},{"date":"2021-06-09","trains":42,"passengers":35374,"negative_cases":34946,"positive_cases":428},{"date":"2021-06-11","trains":42,"passengers":35374,"negative_cases":34946,"positive_cases":428},{"date":"2021-06-12","trains":42,"passengers":35374,"negative_cases":34946,"positive_cases":428},{"date":"2021-06-14","trains":42,"passengers":35374,"negative_cases":34946,"positive_cases":428},{"date":"2021-06-15","trains":42,"passengers":35374,"negative_cases":34946,"positive_cases":428},{"date":"2021-06-16","trains":42,"passengers":35374,"negative_cases":34946,"positive_cases":428},{"date":"2021-06-17","trains":42,"passengers":35374,"negative_cases":34946,"positive_cases":428},{"date":"2021-06-18","trains":42,"passengers":35374,"negative_cases":34946,"positive_cases":428},{"date":"2021-06-19","trains":42,"passengers":35374,"negative_cases":34946,"positive_cases":428},{"date":"2021-06-20","trains":42,"passengers":35374,"negative_cases":34946,"positive_cases":428},{"date":"2021-06-21","trains":42,"passengers":35374,"negative_cases":34946,"positive_cases":428},{"date":"2021-06-23","trains":42,"passengers":35374,"negative_cases":34946,"positive_cases":428},{"date":"2021-06-24","trains":42,"passengers":35374,"negative_cases":34946,"positive_cases":428},{"date":"2021-06-25","trains":42,"passengers":35374,"negative_cases":34946,"positive_cases":428},{"date":"2021-06-26","trains":42,"passengers":35374,"negative_cases":34946,"positive_cases":428},{"date":"2021-06-28","trains":42,"passengers":35374,"negative_cases":34946,"positive_cases":428},{"date":"2021-06-29","trains":42,"passengers":35374,"negative_cases":34946,"positive_cases":428},{"date":"2021-06-30","trains":42,"passengers":35374,"negative_cases":34946,"positive_cases":428},{"date":"2021-07-01","trains":42,"passengers":35374,"negative_cases":34946,"positive_cases":428},{"date":"2021-07-02","trains":42,"passengers":35374,"negative_cases":34946,"positive_cases":428},{"date":"2021-07-03","trains":42,"passengers":35374,"negative_cases":34946,"positive_cases":428},{"date":"2021-07-04","trains":42,"passengers":35374,"negative_cases":34946,"positive_cases":428},{"date":"2021-07-05","trains":42,"passengers":35374,"negative_cases":34946,"positive_cases":428},{"date":"2021-07-06","trains":42,"passengers":35374,"negative_cases":34946,"positive_cases":428},{"date":"2021-07-07","trains":42,"passengers":35374,"negative_cases":34946,"positive_cases":428},{"date":"2021-07-08","trains":42,"passengers":35374,"negative_cases":34946,"positive_cases":428},{"date":"2021-07-09","trains":42,"passengers":35374,"negative_cases":34946,"positive_cases":428},{"date":"2021-07-10","trains":42,"passengers":35374,"negative_cases":34946,"positive_cases":428},{"date":"2021-07-11","trains":42,"passengers":35374,"negative_cases":34946,"positive_cases":428},{"date":"2021-07-13","trains":42,"passengers":35374,"negative_cases":34946,"positive_cases":428},{"date":"2021-07-14","trains":42,"passengers":35374,"negative_cases":34946,"positive_cases":428},{"date":"2021-07-15","trains":42,"passengers":35374,"negative_cases":34946,"positive_cases":428},{"date":"2021-07-16","trains":42,"passengers":35374,"negative_cases":34946,"positive_cases":428},{"date":"2021-07-17","trains":42,"passengers":35374,"negative_cases":34946,"positive_cases":428},{"date":"2021-07-19","trains":42,"passengers":35374,"negative_cases":34946,"positive_cases":428},{"date":"2021-07-20","trains":42,"passengers":35374,"negative_cases":34946,"positive_cases":428},{"date":"2021-07-21","trains":42,"passengers":35374,"negative_cases":34946,"positive_cases":428},{"date":"2021-07-22","trains":42,"passengers":35374,"negative_cases":34946,"positive_cases":428},{"date":"2021-07-23","trains":42,"passengers":35374,"negative_cases":34946,"positive_cases":428},{"date":"2021-07-24","trains":42,"passengers":35374,"negative_cases":34946,"positive_cases":428},{"date":"2021-07-25","trains":42,"passengers":35374,"negative_cases":34946,"positive_cases":428},{"date":"2021-07-26","trains":42,"passengers":35374,"negative_cases":34946,"positive_cases":428},{"date":"2021-07-27","trains":42,"passengers":35374,"negative_cases":34946,"positive_cases":428},{"date":"2021-07-28","trains":42,"passengers":35374,"negative_cases":34946,"positive_cases":428},{"date":"2021-07-29","trains":42,"passengers":35374,"negative_cases":34946,"positive_cases":428},{"date":"2021-07-30","trains":42,"passengers":35374,"negative_cases":34946,"positive_cases":428},{"date":"2021-07-31","trains":42,"passengers":35374,"negative_cases":34946,"positive_cases":428},{"date":"2021-08-01","trains":42,"passengers":35374,"negative_cases":34946,"positive_cases":428},{"date":"2021-08-02","trains":42,"passengers":35374,"negative_cases":34946,"positive_cases":428},{"date":"2021-08-03","trains":42,"passengers":35374,"negative_cases":34946,"positive_cases":428},{"date":"2021-08-04","trains":42,"passengers":35374,"negative_cases":34946,"positive_cases":428},{"date":"2021-08-05","trains":42,"passengers":35374,"negative_cases":34946,"positive_cases":428},{"date":"2021-08-06","trains":42,"passengers":35374,"negative_cases":34946,"positive_cases":428},{"date":"2021-08-07","trains":42,"passengers":35374,"negative_cases":34946,"positive_cases":428},{"date":"2021-08-08","trains":42,"passengers":35374,"negative_cases":34946,"positive_cases":428},{"date":"2021-08-09","trains":42,"passengers":35374,"negative_cases":34946,"positive_cases":428},{"date":"2021-08-10","trains":42,"passengers":35374,"negative_cases":34946,"positive_cases":428},{"date":"2021-08-11","trains":42,"passengers":35374,"negative_cases":34946,"positive_cases":428},{"date":"2021-08-12","trains":42,"passengers":35374,"negative_cases":34946,"positive_cases":428},{"date":"2021-08-14","trains":42,"passengers":35374,"negative_cases":34946,"positive_cases":428},{"date":"2021-08-15","trains":42,"passengers":35374,"negative_cases":34946,"positive_cases":428},{"date":"2021-08-16","trains":42,"passengers":35374,"negative_cases":34946,"positive_cases":428},{"date":"2021-08-17","trains":42,"passengers":35374,"negative_cases":34946,"positive_cases":428},{"date":"2021-08-18","trains":42,"passengers":35374,"negative_cases":34946,"positive_cases":428},{"date":"2021-08-19","trains":42,"passengers":35374,"negative_cases":34946,"positive_cases":428},{"date":"2021-08-21","trains":42,"passengers":35374,"negative_cases":34946,"positive_cases":428},{"date":"2021-08-22","trains":42,"passengers":35374,"negative_cases":34946,"positive_cases":428},{"date":"2021-08-23","trains":42,"passengers":35374,"negative_cases":34946,"positive_cases":428},{"date":"2021-08-24","trains":42,"passengers":35374,"negative_cases":34946,"positive_cases":428},{"date":"2021-08-25","trains":42,"passengers":35374,"negative_cases":34946,"positive_cases":428},{"date":"2021-08-26","trains":42,"passengers":35374,"negative_cases":34946,"positive_cases":428},{"date":"2021-08-28","trains":42,"passengers":35374,"negative_cases":34946,"positive_cases":428},{"date":"2021-08-29","trains":42,"passengers":35374,"negative_cases":34946,"positive_cases":428},{"date":"2021-08-30","trains":42,"passengers":35374,"negative_cases":34946,"positive_cases":428},{"date":"2021-08-31","trains":42,"passengers":35374,"negative_cases":34946,"positive_cases":428},{"date":"2021-09-01","trains":42,"passengers":35374,"negative_cases":34946,"positive_cases":428},{"date":"2021-09-02","trains":42,"passengers":35374,"negative_cases":34946,"positive_cases":428},{"date":"2021-09-03","trains":42,"passengers":35374,"negative_cases":34946,"positive_cases":428},{"date":"2021-09-04","trains":42,"passengers":35374,"negative_cases":34946,"positive_cases":428},{"date":"2021-09-05","trains":42,"passengers":35374,"negative_cases":34946,"positive_cases":428},{"date":"2021-09-06","trains":42,"passengers":35374,"negative_cases":34946,"positive_cases":428},{"date":"2021-09-07","trains":42,"passengers":35374,"negative_cases":34946,"positive_cases":428},{"date":"2021-09-08","trains":42,"passengers":35374,"negative_cases":34946,"positive_cases":428},{"date":"2021-09-09","trains":42,"passengers":35374,"negative_cases":34946,"positive_cases":428},{"date":"2021-09-10","trains":42,"passengers":35374,"negative_cases":34946,"positive_cases":428},{"date":"2021-09-11","trains":42,"passengers":35374,"negative_cases":34946,"positive_cases":428},{"date":"2021-09-12","trains":42,"passengers":35374,"negative_cases":34946,"positive_cases":428},{"date":"2021-09-13","trains":42,"passengers":35374,"negative_cases":34946,"positive_cases":428},{"date":"2021-09-14","trains":42,"passengers":35374,"negative_cases":34946,"positive_cases":428},{"date":"2021-09-15","trains":42,"passengers":35374,"negative_cases":34946,"positive_cases":428},{"date":"2021-09-18","trains":42,"passengers":35374,"negative_cases":34946,"positive_cases":428},{"date":"2021-09-19","trains":42,"passengers":35374,"negative_cases":34946,"positive_cases":428},{"date":"2021-09-20","trains":42,"passengers":35374,"negative_cases":34946,"positive_cases":428},{"date":"2021-09-21","trains":42,"passengers":35374,"negative_cases":34946,"positive_cases":428},{"date":"2021-09-22","trains":42,"passengers":35374,"negative_cases":34946,"positive_cases":428},{"date":"2021-09-23","trains":42,"passengers":35374,"negative_cases":34946,"positive_cases":428},{"date":"2021-09-24","trains":42,"passengers":35374,"negative_cases":34946,"positive_cases":428},{"date":"2021-09-26","trains":42,"passengers":35374,"negative_cases":34946,"positive_cases":428},{"date":"2021-09-28","trains":42,"passengers":35374,"negative_cases":34946,"positive_cases":428},{"date":"2021-09-30","trains":42,"passengers":35374,"negative_cases":34946,"positive_cases":428},{"date":"2021-10-01","trains":42,"passengers":35374,"negative_cases":34946,"positive_cases":428},{"date":"2021-10-02","trains":42,"passengers":35374,"negative_cases":34946,"positive_cases":428},{"date":"2021-10-03","trains":42,"passengers":35374,"negative_cases":34946,"positive_cases":428},{"date":"2021-10-04","trains":42,"passengers":35374,"negative_cases":34946,"positive_cases":428},{"date":"2021-10-05","trains":42,"passengers":35374,"negative_cases":34946,"positive_cases":428},{"date":"2021-10-06","trains":42,"passengers":35374,"negative_cases":34946,"positive_cases":428},{"date":"2021-10-07","trains":42,"passengers":35374,"negative_cases":34946,"positive_cases":428},{"date":"2021-10-08","trains":42,"passengers":35374,"negative_cases":34946,"positive_cases":428},{"date":"2021-10-09","trains":42,"passengers":35374,"negative_cases":34946,"positive_cases":428},{"date":"2021-10-10","trains":42,"passengers":35374,"negative_cases":34946,"positive_cases":428},{"date":"2021-10-12","trains":42,"passengers":35374,"negative_cases":34946,"positive_cases":428},{"date":"2021-10-14","trains":42,"passengers":35374,"negative_cases":34946,"positive_cases":428},{"date":"2021-10-15","trains":42,"passengers":35374,"negative_cases":34946,"positive_cases":428},{"date":"2021-10-16","trains":42,"passengers":35374,"negative_cases":34946,"positive_cases":428},{"date":"2021-10-17","trains":42,"passengers":35374,"negative_cases":34946,"positive_cases":428},{"date":"2021-10-18","trains":42,"passengers":35374,"negative_cases":34946,"positive_cases":428},{"date":"2021-10-19","trains":42,"passengers":35374,"negative_cases":34946,"positive_cases":428},{"date":"2021-10-20","trains":42,"passengers":35374,"negative_cases":34946,"positive_cases":428},{"date":"2021-10-21","trains":42,"passengers":35374,"negative_cases":34946,"positive_cases":428},{"date":"2021-10-22","trains":42,"passengers":35374,"negative_cases":34946,"positive_cases":428},{"date":"2021-10-23","trains":42,"passengers":35374,"negative_cases":34946,"positive_cases":428},{"date":"2021-10-24","trains":42,"passengers":35374,"negative_cases":34946,"positive_cases":428},{"date":"2021-10-25","trains":42,"passengers":35374,"negative_cases":34946,"positive_cases":428},{"date":"2021-10-26","trains":42,"passengers":35374,"negative_cases":34946,"positive_cases":428},{"date":"2021-10-27","trains":42,"passengers":35374,"negative_cases":34946,"positive_cases":428},{"date":"2021-10-28","trains":42,"passengers":35374,"negative_cases":34946,"positive_cases":428},{"date":"2021-10-29","trains":42,"passengers":35374,"negative_cases":34946,"positive_cases":428},{"date":"2021-10-30","trains":42,"passengers":35374,"negative_cases":34946,"positive_cases":428},{"date":"2021-10-31","trains":42,"passengers":35374,"negative_cases":34946,"positive_cases":428},{"date":"2021-11-01","trains":42,"passengers":35374,"negative_cases":34946,"positive_cases":428},{"date":"2021-11-02","trains":42,"passengers":35374,"negative_cases":34946,"positive_cases":428},{"date":"2021-11-03","trains":42,"passengers":35374,"negative_cases":34946,"positive_cases":428},{"date":"2021-11-04","trains":42,"passengers":35374,"negative_cases":34946,"positive_cases":428},{"date":"2021-11-05","trains":42,"passengers":35374,"negative_cases":34946,"positive_cases":428},{"date":"2021-11-06","trains":42,"passengers":35374,"negative_cases":34946,"positive_cases":428},{"date":"2021-11-07","trains":42,"passengers":35374,"negative_cases":34946,"positive_cases":428},{"date":"2021-11-08","trains":42,"passengers":35374,"negative_cases":34946,"positive_cases":428},{"date":"2021-11-09","trains":42,"passengers":35374,"negative_cases":34946,"positive_cases":428},{"date":"2021-11-12","trains":42,"passengers":35374,"negative_cases":34946,"positive_cases":428},{"date":"2021-11-13","trains":42,"passengers":35374,"negative_cases":34946,"positive_cases":428},{"date":"2021-11-14","trains":42,"passengers":35374,"negative_cases":34946,"positive_cases":428},{"date":"2021-11-17","trains":42,"passengers":35374,"negative_cases":34946,"positive_cases":428},{"date":"2021-11-18","trains":42,"passengers":35374,"negative_cases":34946,"positive_cases":428},{"date":"2021-11-19","trains":42,"passengers":35374,"negative_cases":34946,"positive_cases":428},{"date":"2021-11-21","trains":42,"passengers":35374,"negative_cases":34946,"positive_cases":428},{"date":"2021-11-22","trains":42,"passengers":35374,"negative_cases":34946,"positive_cases":428},{"date":"2021-11-23","trains":42,"passengers":35374,"negative_cases":34946,"positive_cases":428},{"date":"2021-11-24","trains":42,"passengers":35374,"negative_cases":34946,"positive_cases":428},{"date":"2021-11-25","trains":42,"passengers":35374,"negative_cases":34946,"positive_cases":428},{"date":"2021-11-26","trains":42,"passengers":35374,"negative_cases":34946,"positive_cases":428},{"date":"2021-11-27","trains":42,"passengers":35374,"negative_cases":34946,"positive_cases":428},{"date":"2021-11-28","trains":42,"passengers":35374,"negative_cases":34946,"positive_cases":428},{"date":"2021-11-29","trains":42,"passengers":35374,"negative_cases":34946,"positive_cases":428},{"date":"2021-11-30","trains":42,"passengers":35374,"negative_cases":34946,"positive_cases":428},{"date":"2021-12-03","trains":42,"passengers":35374,"negative_cases":34946,"positive_cases":428},{"date":"2021-12-05","trains":42,"passengers":35374,"negative_cases":34946,"positive_cases":428},{"date":"2021-12-06","trains":42,"passengers":35374,"negative_cases":34946,"positive_cases":428},{"date":"2021-12-07","trains":42,"passengers":35374,"negative_cases":34946,"positive_cases":428},{"date":"2021-12-08","trains":42,"passengers":35374,"negative_cases":34946,"positive_cases":428},{"date":"2021-12-10","trains":42,"passengers":35374,"negative_cases":34946,"positive_cases":428},{"date":"2021-12-11","trains":42,"passengers":35374,"negative_cases":34946,"positive_cases":428},{"date":"2021-12-13","trains":42,"passengers":35374,"negative_cases":34946,"positive_cases":428},{"date":"2021-12-14","trains":42,"passengers":35374,"negative_cases":34946,"positive_cases":428},{"date":"2021-12-15","trains":42,"passengers":35374,"negative_cases":34946,"positive_cases":428},{"date":"2021-12-16","trains":42,"passengers":35374,"negative_cases":34946,"positive_cases":428},{"date":"2021-12-17","trains":42,"passengers":35374,"negative_cases":34946,"positive_cases":428},{"date":"2021-12-18","trains":42,"passengers":35374,"negative_cases":34946,"positive_cases":428},{"date":"2021-12-19","trains":42,"passengers":35374,"negative_cases":34946,"positive_cases":428},{"date":"2021-12-20","trains":42,"passengers":35374,"negative_cases":34946,"positive_cases":428},{"date":"2021-12-21","trains":42,"passengers":35374,"negative_cases":34946,"positive_cases":428},{"date":"2021-12-22","trains":42,"passengers":35374,"negative_cases":34946,"positive_cases":428},{"date":"2021-12-23","trains":42,"passengers":35374,"negative_cases":34946,"positive_cases":428},{"date":"2021-12-24","trains":42,"passengers":35374,"negative_cases":34946,"positive_cases":428},{"date":"2021-12-25","trains":42,"passengers":35374,"negative_cases":34946,"positive_cases":428},{"date":"2021-12-26","trains":42,"passengers":35374,"negative_cases":34946,"positive_cases":428},{"date":"2021-12-27","trains":42,"passengers":35374,"negative_cases":34946,"positive_cases":428},{"date":"2021-12-28","trains":42,"passengers":35374,"negative_cases":34946,"positive_cases":428},{"date":"2021-12-29","trains":42,"passengers":35374,"negative_cases":34946,"positive_cases":428},{"date":"2021-12-30","trains":42,"passengers":35374,"negative_cases":34946,"positive_cases":428},{"date":"2021-12-31","trains":42,"passengers":35374,"negative_cases":34946,"positive_cases":428},{"date":"2022-01-01","trains":42,"passengers":35374,"negative_cases":34946,"positive_cases":428},{"date":"2022-01-02","trains":42,"passengers":35374,"negative_cases":34946,"positive_cases":428},{"date":"2022-01-03","trains":42,"passengers":35374,"negative_cases":34946,"positive_cases":428},{"date":"2022-01-04","trains":42,"passengers":35374,"negative_cases":34946,"positive_cases":428},{"date":"2022-01-05","trains":42,"passengers":35374,"negative_cases":34946,"positive_cases":428},{"date":"2022-01-06","trains":42,"passengers":35374,"negative_cases":34946,"positive_cases":428},{"date":"2022-01-07","trains":42,"passengers":35374,"negative_cases":34946,"positive_cases":428},{"date":"2022-01-08","trains":42,"passengers":35374,"negative_cases":34946,"positive_cases":428},{"date":"2022-01-09","trains":42,"passengers":35374,"negative_cases":34946,"positive_cases":428},{"date":"2022-01-10","trains":42,"passengers":35374,"negative_cases":34946,"positive_cases":428},{"date":"2022-01-12","trains":42,"passengers":35374,"negative_cases":34946,"positive_cases":428},{"date":"2022-01-14","trains":42,"passengers":35374,"negative_cases":34946,"positive_cases":428},{"date":"2022-01-15","trains":42,"passengers":35374,"negative_cases":34946,"positive_cases":428},{"date":"2022-01-16","trains":42,"passengers":35374,"negative_cases":34946,"positive_cases":428},{"date":"2022-01-17","trains":42,"passengers":35374,"negative_cases":34946,"positive_cases":428},{"date":"2022-01-18","trains":42,"passengers":35374,"negative_cases":34946,"positive_cases":428},{"date":"2022-01-19","trains":42,"passengers":35374,"negative_cases":34946,"positive_cases":428},{"date":"2022-01-20","trains":42,"passengers":35374,"negative_cases":34946,"positive_cases":428},{"date":"2022-01-21","trains":42,"passengers":35374,"negative_cases":34946,"positive_cases":428},{"date":"2022-01-22","trains":42,"passengers":35374,"negative_cases":34946,"positive_cases":428},{"date":"2022-01-23","trains":42,"passengers":35374,"negative_cases":34946,"positive_cases":428},{"date":"2022-01-24","trains":42,"passengers":35374,"negative_cases":34946,"positive_cases":428},{"date":"2022-01-25","trains":42,"passengers":35374,"negative_cases":34946,"positive_cases":428}]